# Blender v2.82 (sub 7) OBJ File: 'zestawienie_ost3.blend'
# www.blender.org
mtllib lp5.mtl
o lp_Cube.006
v 0.355611 -1.224131 2.195766
v 0.264692 -1.197435 2.421900
v 0.399943 -1.458727 2.729404
v 0.450043 -1.023831 2.851825
v 0.423968 -1.158084 2.175153
v 0.282378 -1.344103 2.511122
v 0.264827 -1.265024 2.562245
v 0.284801 -1.303681 2.408434
v 0.427793 -1.276825 2.170506
v 0.315061 -1.022315 2.775831
v 0.443327 -0.985093 2.491915
v 0.421374 -1.209529 2.874117
v 0.270143 -1.163145 2.623817
v 0.309028 -1.042991 2.568357
v 0.307914 -0.967875 2.692522
v 0.357873 -1.350039 2.301596
v 0.305012 -1.098593 2.660020
v 0.531282 -1.125585 2.783588
v 0.345564 -0.939054 2.808896
v 0.440174 -0.948233 2.807288
v 0.432886 -0.910428 2.730761
v 0.339958 -0.906045 2.727020
v 0.327018 -1.143615 2.240810
v 0.316720 -0.983930 2.789247
v 0.443161 -0.957154 2.685998
v 0.447414 -0.990705 2.801020
v 0.352099 -1.407539 2.471112
v 0.445015 -0.965583 2.565634
v 0.304855 -1.012207 2.639705
v 0.202133 -1.290344 2.610505
v 0.226140 -1.328292 2.576321
v 0.175525 -1.232921 2.567136
v 0.219837 -1.309366 2.519860
v 0.189309 -1.251307 2.592067
v 0.166521 -1.373578 2.614340
v 0.204070 -1.363682 2.577784
v 0.132982 -1.356279 2.564324
v 0.204393 -1.350502 2.538974
v 0.139586 -1.366639 2.595147
v 0.142826 -1.438826 2.623695
v 0.187038 -1.436457 2.623759
v 0.133749 -1.489245 2.608055
v 0.112586 -1.488210 2.608458
v 0.177460 -1.484911 2.607994
v 0.123896 -1.435591 2.625297
v 0.421001 -1.084068 2.272138
v 0.411347 -1.327587 2.843003
v 0.260668 -1.236915 2.580796
v 0.245119 -1.154769 2.456042
v 0.217888 -1.313757 2.590483
v 0.210988 -1.259270 2.481695
v 0.190914 -1.370017 2.600662
v 0.178514 -1.331681 2.493931
v 0.166174 -1.439619 2.622439
v 0.156373 -1.485126 2.608321
v 0.160870 -1.200758 2.398774
v 0.133790 -1.289142 2.322165
v 0.077456 -1.275331 2.445663
v 0.047897 -1.328388 2.409805
v 0.149379 -1.361742 2.465059
v 0.175791 -1.380061 2.424783
v 0.033340 -1.355571 2.446495
v 0.075006 -1.362185 2.391425
v 0.318785 -1.272238 2.218167
v 0.251308 -1.259212 2.171149
v 0.313756 -1.316437 2.191521
v 0.246756 -1.302021 2.146706
v 0.338287 -1.282042 2.173568
v 0.271146 -1.268205 2.127368
v 0.321024 -1.359436 2.156181
v 0.255190 -1.340918 2.114880
v 0.274885 -1.359243 2.297683
v 0.185379 -1.350050 2.285809
v 0.270569 -1.397771 2.295010
v 0.179522 -1.383030 2.271589
v 0.205029 -1.358974 2.317053
v 0.198317 -1.392716 2.302507
v 0.234078 -1.398772 2.310239
v 0.239862 -1.364120 2.325485
v 0.146865 -1.255484 2.498655
v 0.134865 -1.333520 2.429039
v 0.088893 -1.377701 2.469825
v 0.126035 -1.373363 2.407719
v 0.295712 -1.251070 2.193900
v 0.280322 -1.309154 2.169142
v 0.313954 -1.261862 2.134865
v 0.230615 -1.351032 2.296154
v 0.270768 -1.516178 2.753787
v 0.290721 -1.517175 2.752350
v 0.287422 -1.538027 2.746268
v 0.267212 -1.537131 2.747969
v 0.056715 -1.533979 2.756479
v 0.029006 -1.532929 2.756682
v 0.034157 -1.504279 2.764776
v 0.061950 -1.505033 2.764633
v 0.172156 -1.543157 2.768847
v 0.143038 -1.541975 2.770011
v 0.148093 -1.513134 2.777982
v 0.176649 -1.514207 2.777091
v 0.004179 -1.391305 2.434514
v -0.001329 -1.417548 2.424039
v 0.021882 -1.399229 2.457824
v 0.016051 -1.425900 2.447783
v 0.151136 -1.419021 2.521879
v 0.145329 -1.445854 2.512362
v 0.171055 -1.450063 2.520219
v 0.176576 -1.423225 2.529486
v 0.307681 -1.465233 2.512313
v 0.311495 -1.439209 2.521877
v 0.282530 -1.464561 2.518006
v 0.286524 -1.438609 2.527529
v 0.331737 -1.093111 2.737645
v 0.450135 -1.081699 2.874884
v 0.432123 -1.135175 2.846728
v 0.655878 -1.242153 2.187135
v 0.499705 -1.261627 2.040824
v 0.758107 -1.227051 2.407717
v 0.614445 -1.471601 2.723237
v 0.623769 -1.034258 2.846831
v 0.594838 -1.168340 2.170242
v 0.732178 -1.371100 2.498192
v 0.761952 -1.294862 2.547955
v 0.728730 -1.330326 2.395673
v 0.576590 -1.285756 2.166229
v 0.753392 -1.048624 2.763232
v 0.614455 -0.995364 2.486995
v 0.631268 -1.222127 2.868083
v 0.772382 -1.193290 2.609380
v 0.745026 -1.069160 2.555824
v 0.762214 -0.995143 2.679463
v 0.644646 -1.367251 2.293352
v 0.747608 -1.125157 2.647297
v 0.735002 -0.962429 2.797702
v 0.640037 -0.960229 2.801543
v 0.647398 -0.923304 2.724594
v 0.739816 -0.930044 2.715525
v 0.696421 -1.165787 2.230191
v 0.757104 -1.010362 2.776588
v 0.629067 -0.968312 2.680653
v 0.627426 -1.001511 2.795846
v 0.653201 -1.425612 2.462456
v 0.619333 -0.976046 2.560622
v 0.756925 -1.039341 2.626710
v 0.823828 -1.327659 2.592634
v 0.793542 -1.362348 2.560011
v 0.854583 -1.273679 2.547616
v 0.798819 -1.344116 2.503217
v 0.840150 -1.290371 2.573358
v 0.849399 -1.414564 2.594710
v 0.811271 -1.400126 2.560330
v 0.881847 -1.401227 2.542797
v 0.810305 -1.386869 2.521556
v 0.875827 -1.410829 2.573983
v 0.865623 -1.482208 2.602917
v 0.822087 -1.474572 2.605504
v 0.867699 -1.533298 2.586957
v 0.888822 -1.534800 2.586144
v 0.824888 -1.523769 2.589383
v 0.884864 -1.481264 2.603422
v 0.612669 -1.088464 2.269014
v 0.625317 -1.340429 2.836852
v 0.770495 -1.267515 2.566141
v 0.788583 -1.187387 2.440419
v 0.804269 -1.348951 2.573627
v 0.811393 -1.295306 2.464436
v 0.824864 -1.408067 2.582439
v 0.835626 -1.371121 2.475042
v 0.842313 -1.480201 2.603003
v 0.845782 -1.526504 2.588504
v 0.863316 -1.242919 2.378581
v 0.875209 -1.333642 2.300852
v 0.939765 -1.327086 2.420875
v 0.960670 -1.383173 2.383567
v 0.859260 -1.404349 2.444653
v 0.828586 -1.419242 2.406018
v 0.973950 -1.412026 2.419456
v 0.928709 -1.413424 2.366885
v 0.687913 -1.294394 2.207556
v 0.753660 -1.289364 2.156708
v 0.686090 -1.338785 2.180818
v 0.751657 -1.332326 2.132192
v 0.664858 -1.301642 2.164181
v 0.730416 -1.295770 2.114166
v 0.671724 -1.380486 2.146100
v 0.736827 -1.369825 2.101035
v 0.725579 -1.386294 2.284728
v 0.814714 -1.387823 2.267719
v 0.725099 -1.425052 2.281944
v 0.815764 -1.421217 2.253299
v 0.795959 -1.394443 2.300066
v 0.797747 -1.428695 2.285276
v 0.762020 -1.430460 2.295063
v 0.761301 -1.395417 2.310496
v 0.874717 -1.299170 2.477732
v 0.874957 -1.377940 2.407765
v 0.917578 -1.427439 2.446003
v 0.877727 -1.418480 2.386111
v 0.711923 -1.276051 2.181936
v 0.718819 -1.335472 2.156537
v 0.689173 -1.284382 2.124079
v 0.770352 -1.383428 2.280639
v 0.737010 -1.544162 2.740384
v 0.717032 -1.542763 2.740095
v 0.717462 -1.563838 2.733906
v 0.737698 -1.565371 2.734444
v 0.947327 -1.585649 2.731477
v 0.974928 -1.587917 2.730089
v 0.973710 -1.558886 2.738366
v 0.946064 -1.556312 2.739818
v 0.832391 -1.582784 2.749868
v 0.861459 -1.585094 2.749359
v 0.860353 -1.555883 2.757507
v 0.831869 -1.553534 2.758256
v 0.997898 -1.450949 2.405949
v 0.999622 -1.477626 2.395265
v 0.980738 -1.456779 2.430261
v 0.982756 -1.483921 2.419995
v 0.853925 -1.461203 2.501677
v 0.855929 -1.488505 2.491935
v 0.830377 -1.489635 2.501266
v 0.828642 -1.462362 2.510742
v 0.692690 -1.488341 2.501245
v 0.692567 -1.462081 2.510922
v 0.718025 -1.490699 2.505487
v 0.717713 -1.464490 2.515134
v 0.726216 -1.116788 2.726305
v 0.618081 -1.091780 2.870057
v 0.637846 -1.147522 2.840814
v 0.405645 -1.393157 2.786204
v 0.619881 -1.406015 2.780045
v 0.345759 -1.186337 2.748967
v 0.341160 -1.401415 2.620263
v 0.336008 -1.282250 2.711900
v 0.368567 -1.116883 2.753374
v 0.335236 -1.329090 2.674224
v 0.701825 -1.207708 2.738732
v 0.673312 -1.421350 2.610715
v 0.697906 -1.303972 2.701497
v 0.692727 -1.136340 2.744056
v 0.690916 -1.350439 2.664000
v 0.264329 -1.208412 2.597419
v 0.771434 -1.230595 2.587648
v 0.416361 -1.268558 2.858560
v 0.628292 -1.281279 2.852468
v 0.340883 -1.234294 2.730433
v 0.699865 -1.255840 2.720114
v 0.378960 -0.931570 2.746968
v 0.383137 -1.018523 2.853678
v 0.420646 -0.946690 2.744651
v 0.439464 -0.987359 2.740626
v 0.424389 -1.029754 2.737251
v 0.384253 -1.049041 2.736502
v 0.342566 -1.033922 2.738818
v 0.323749 -0.993253 2.742843
v 0.338824 -0.950857 2.746219
v 0.380398 -0.959977 2.814209
v 0.414131 -0.972212 2.812334
v 0.429359 -1.005122 2.809077
v 0.417160 -1.039429 2.806346
v 0.384681 -1.055037 2.805740
v 0.350948 -1.042802 2.807614
v 0.335720 -1.009892 2.810871
v 0.347919 -0.975585 2.813603
v 0.685665 -0.949979 2.738151
v 0.689842 -1.036932 2.844862
v 0.727351 -0.965098 2.735835
v 0.746169 -1.005767 2.731809
v 0.731094 -1.048162 2.728434
v 0.690958 -1.067450 2.727685
v 0.649271 -1.052330 2.730002
v 0.630454 -1.011662 2.734027
v 0.645528 -0.969266 2.737402
v 0.687103 -0.978386 2.805392
v 0.720836 -0.990621 2.803518
v 0.736064 -1.023531 2.800260
v 0.723865 -1.057837 2.797529
v 0.691386 -1.073445 2.796923
v 0.657653 -1.061211 2.798797
v 0.642425 -1.028300 2.802055
v 0.654624 -0.993993 2.804786
v 2.404606 7.803126 -2.687756
v 2.437985 7.815020 -2.700455
v 2.409732 7.796515 -2.726648
v 2.439312 7.813307 -2.710529
v 2.434271 7.777920 -2.679561
v 2.445668 7.808490 -2.698332
v 2.439396 7.771307 -2.718453
v 2.446996 7.806777 -2.708406
v 2.239891 7.595156 -2.674107
v 2.245016 7.588543 -2.712999
v 2.252010 7.584858 -2.670759
v 2.257136 7.578245 -2.709651
v 2.074404 7.942770 -2.771942
v 2.102803 7.975594 -2.773779
v 2.075400 7.941484 -2.779503
v 2.103799 7.974308 -2.781341
v 2.251545 7.594696 -2.686387
v 2.407570 7.782600 -2.697770
v 2.253306 7.592424 -2.699748
v 2.409331 7.780329 -2.711131
v 2.153366 7.743672 -2.738632
v 2.287324 7.898500 -2.747300
v 2.151605 7.745944 -2.725271
v 2.285563 7.900772 -2.733939
v 2.125800 7.834591 -2.757722
v 2.214731 7.941683 -2.750229
v 2.216492 7.939411 -2.763590
v 2.124039 7.836863 -2.744361
v 2.184664 7.589015 -2.708215
v 2.376226 7.818307 -2.707971
v 2.377987 7.816036 -2.721332
v 2.182903 7.591287 -2.694853
v 2.629567 7.471025 -2.618576
v 2.657966 7.503849 -2.620414
v 2.630563 7.469740 -2.626138
v 2.658962 7.502563 -2.627975
v 2.254488 7.592195 -2.685574
v 2.418064 7.773684 -2.694871
v 2.256249 7.589924 -2.698935
v 2.419825 7.771412 -2.708232
v 2.422331 7.515121 -2.664330
v 2.556289 7.669950 -2.672998
v 2.420570 7.517393 -2.650969
v 2.554528 7.672221 -2.659637
v 2.517205 7.501998 -2.649595
v 2.606136 7.609091 -2.642102
v 2.607897 7.606819 -2.655464
v 2.515444 7.504270 -2.636234
v 2.263324 7.522175 -2.686484
v 2.458456 7.748434 -2.685255
v 2.460217 7.746162 -2.698616
v 2.261564 7.524446 -2.673123
v -0.192922 3.736124 -5.107520
v -0.162457 0.075282 -3.650086
v 1.281110 0.180485 -3.394603
v 2.504909 0.489643 -2.670680
v 3.322624 0.978577 -1.597808
v 3.609768 1.595276 -0.349710
v 3.322624 2.254572 0.878032
v 2.504908 2.846310 1.901772
v 1.281110 3.258226 2.576585
v -0.162458 3.405980 2.811732
v -1.606026 3.258225 2.576584
v -2.829823 2.846309 1.901771
v -3.647538 2.254571 0.878030
v -3.934682 1.595275 -0.349711
v -3.647538 0.978576 -1.597809
v -2.829823 0.489643 -2.670680
v -1.606024 0.180485 -3.394602
v -0.162457 0.810261 -2.030861
v 0.576997 0.867291 -1.901229
v 1.203876 1.029700 -1.532068
v 1.622743 1.272763 -0.979579
v 1.769830 1.559474 -0.327874
v 1.622742 1.846186 0.323831
v 1.203875 2.089248 0.876320
v 0.576996 2.251657 1.245481
v -0.162458 2.308687 1.375112
v -0.901912 2.251657 1.245480
v -1.528790 2.089248 0.876319
v -1.947657 1.846186 0.323830
v -2.094744 1.559474 -0.327875
v -1.947657 1.272763 -0.979579
v -1.528790 1.029700 -1.532068
v -0.901911 0.867291 -1.901229
v -3.065589 1.901638 0.781663
v -2.384419 2.293034 1.679587
v 2.979871 1.449632 -0.282549
v 2.740675 1.008275 -1.351852
v -3.304785 1.449631 -0.282550
v 2.740674 1.901638 0.781664
v -3.065589 1.008274 -1.351852
v 2.059503 2.293034 1.679589
v -2.384418 0.642580 -2.262058
v 1.040058 2.558688 2.277255
v -1.364973 0.402615 -2.872002
v -0.162458 2.652751 2.486673
v 1.040059 0.402615 -2.872002
v -0.162457 0.319190 -3.086505
v -1.364975 2.558688 2.277254
v 2.059504 0.642580 -2.262058
v 2.702781 3.315420 1.927915
v 3.581158 2.657877 0.817169
v -3.027696 0.504787 -2.941457
v -3.906073 1.136629 -1.818429
v 1.388198 3.758908 2.667784
v -1.713112 0.086988 -3.693603
v -0.162458 3.915418 2.927138
v 1.388199 0.086988 -3.693603
v -0.162457 -0.058884 -3.958041
v -1.713115 3.758907 2.667783
v 2.702782 0.504787 -2.941456
v -3.027697 3.315419 1.927913
v 3.581159 1.136629 -1.818428
v -3.906073 2.657876 0.817167
v 3.889603 1.891929 -0.498085
v -4.214517 1.891928 -0.498086
v -0.192886 2.573937 -4.450705
v -0.191946 2.318644 -4.262544
v -0.187978 2.012697 -4.019457
v -0.179353 1.600519 -3.760789
v 0.073513 3.142144 -4.807481
v 0.288335 2.668342 -4.465228
v 0.390769 2.433610 -4.274075
v 0.508099 2.150468 -4.020278
v 0.654589 1.762887 -3.736783
v 0.299385 3.289709 -4.838358
v 0.696295 2.937564 -4.504444
v 0.884771 2.761377 -4.303757
v 1.098206 2.542875 -4.018095
v 1.361572 2.224467 -3.662247
v 0.450308 3.511002 -4.882710
v 0.968885 3.341486 -4.557204
v 1.214853 3.252854 -4.339446
v 1.492502 3.130203 -4.002322
v 1.833962 2.912817 -3.533655
v 0.503305 3.772704 -4.932160
v 1.064606 3.819380 -4.610280
v 1.330762 3.833841 -4.368064
v 1.630960 3.822743 -3.964447
v 1.999843 3.720453 -3.355796
v 0.450308 4.035104 -4.978499
v 0.968885 4.298683 -4.653419
v 1.214853 4.415931 -4.382068
v 1.492502 4.514572 -3.905720
v 1.833962 4.522717 -3.149724
v 0.299385 4.258082 -5.015343
v 0.696295 4.706009 -4.682191
v 0.884771 4.910067 -4.382477
v 1.098205 5.100183 -3.839616
v 1.361571 5.198095 -2.953033
v 0.073512 4.407331 -5.038711
v 0.288335 4.978636 -4.697422
v 0.390768 5.240493 -4.376883
v 0.508099 5.490871 -3.787110
v 0.654589 5.646707 -2.810412
v -0.192922 4.459788 -5.046678
v -0.192887 5.074450 -4.702010
v -0.191947 5.356560 -4.373804
v -0.187979 5.627931 -3.767089
v -0.179353 5.803703 -2.758209
v -0.459356 4.407330 -5.038711
v -0.674108 4.978636 -4.697422
v -0.774662 5.240493 -4.376884
v -0.884056 5.490871 -3.787110
v -1.013296 5.646706 -2.810412
v -0.685228 4.258081 -5.015342
v -1.082068 4.706009 -4.682192
v -1.268664 4.910067 -4.382477
v -1.474162 5.100182 -3.839617
v -1.720278 5.198094 -2.953033
v -0.836151 4.035104 -4.978499
v -1.354657 4.298683 -4.653419
v -1.598746 4.415930 -4.382067
v -1.868458 4.514572 -3.905720
v -2.192667 4.522716 -3.149724
v -0.889148 3.772704 -4.932160
v -1.450378 3.819379 -4.610280
v -1.714654 3.833841 -4.368064
v -2.006917 3.822743 -3.964447
v -2.358549 3.720453 -3.355796
v -0.836151 3.511002 -4.882710
v -1.354657 3.341486 -4.557205
v -1.598745 3.252853 -4.339446
v -1.868458 3.130203 -4.002322
v -2.192667 2.912816 -3.533655
v -0.685228 3.289708 -4.838358
v -1.082067 2.937564 -4.504444
v -1.268663 2.761376 -4.303757
v -1.474161 2.542875 -4.018094
v -1.720276 2.224467 -3.662247
v -0.459356 3.142143 -4.807481
v -0.674107 2.668342 -4.465228
v -0.774661 2.433610 -4.274075
v -0.884055 2.150468 -4.020278
v -1.013294 1.762887 -3.736784
v -0.192921 3.090384 -4.796403
v -2.698346 2.447322 -2.764935
v -2.906797 3.344326 -2.267536
v -1.216316 5.490456 -0.998114
v -0.168361 5.665912 -0.889237
v -1.216314 1.171989 -3.439634
v -2.104727 1.683701 -3.173444
v 0.879593 5.490456 -0.998113
v 1.768007 4.989599 -1.304609
v 2.361626 2.447322 -2.764935
v 1.768007 1.683701 -3.173444
v 2.361625 4.236833 -1.753434
v 2.570077 3.344327 -2.267535
v -2.698346 4.236832 -1.753435
v -2.104728 4.989598 -1.304610
v 0.879594 1.171989 -3.439634
v -0.168360 0.992039 -3.531818
v 1.166664 0.489635 -3.447103
v -0.162694 0.323004 -3.644620
v -1.492050 0.489635 -3.447103
v -1.492052 4.532319 1.356061
v -0.162694 4.698757 1.554283
v 2.293638 0.964128 -2.884466
v -2.619026 4.058294 0.791724
v 3.046659 1.674162 -2.041992
v -3.372045 3.348728 -0.052449
v 3.311085 2.511543 -1.047572
v -3.636471 2.511541 -1.047573
v 3.046658 3.348729 -0.052448
v -3.372045 1.674162 -2.041993
v 2.293637 4.058294 0.791725
v -2.619024 0.964128 -2.884466
v 1.166663 4.532320 1.356062
v -0.162457 1.323664 -1.891159
v 0.644504 1.389648 -1.752003
v 1.326321 1.576633 -1.356024
v 1.777431 1.853476 -0.764649
v 1.929463 2.174649 -0.069873
v 1.762453 2.489578 0.621086
v -0.969419 1.389647 -1.752003
v -0.162457 0.987214 -2.045601
v 0.704563 1.028193 -1.889771
v 1.447064 1.143762 -1.444014
v 1.956745 1.313220 -0.769529
v 2.153383 1.507226 0.040338
v 1.997139 1.694818 0.867218
v -1.029477 1.028193 -1.889771
v -0.162457 0.177474 -2.196959
v 0.745124 0.181631 -2.034966
v 1.527614 0.190839 -1.566297
v 2.064820 0.199176 -0.845163
v 2.263247 0.201417 0.026629
v 2.086159 0.195935 0.909307
v -1.070038 0.181631 -2.034966
v -0.142291 -1.171554 -2.011132
v 0.657571 -1.163291 -1.849508
v 1.329317 -1.145336 -1.405122
v 1.769794 -1.122222 -0.747697
v 1.915278 -1.099929 0.019841
v 1.745800 -1.080908 0.781287
v -0.945222 -1.168190 -1.864666
v 2.149243 -0.508962 0.003497
v 1.981409 -0.517912 -0.845769
v 1.962265 -0.499111 0.847688
v -1.050993 -0.529147 -2.037487
v 0.726079 -0.529147 -2.037487
v -0.162457 -0.530174 -2.201494
v 1.481064 -0.525623 -1.564527
v -0.035821 -1.606942 -1.635826
v 0.616516 -1.582216 -1.461041
v 1.149438 -1.535551 -1.060531
v 1.481965 -1.474741 -0.496199
v 1.564311 -1.409616 0.145780
v 1.384256 -1.349930 0.768151
v -0.707436 -1.605705 -1.557778
v 2.119394 0.880147 0.938893
v -1.058055 0.729484 -1.984317
v 0.733141 0.729484 -1.984318
v -0.162457 0.715341 -2.144722
v 1.508893 0.766572 -1.522610
v 2.054116 0.812896 -0.814734
v 2.275623 0.853406 0.048518
v 0.097023 -1.561258 -2.603234
v 1.141529 -1.546838 -2.297336
v 1.987515 -1.530928 -1.629331
v 2.506188 -1.515951 -0.700912
v 2.618583 -1.504188 0.346575
v 2.307590 -1.497427 1.353660
v -0.986986 -1.571994 -2.500450
v 0.156381 -1.976454 -3.271026
v 1.439823 -1.964682 -2.894352
v 2.479334 -1.958147 -2.072091
v 3.116656 -1.957844 -0.929423
v 3.254762 -1.963819 0.359692
v 2.872627 -1.975162 1.598996
v -1.175601 -1.991671 -3.144765
v 0.166455 -2.191693 -3.419145
v 1.490451 -2.179550 -3.030569
v 2.562808 -2.172809 -2.182327
v 3.220268 -2.172496 -1.003553
v 3.362738 -2.178659 0.326294
v 2.968529 -2.190361 1.604757
v -1.207614 -2.207391 -3.288894
v 0.233242 -2.304670 -4.137477
v 1.826080 -2.290061 -3.669999
v 3.116182 -2.281952 -2.649518
v 3.907141 -2.281574 -1.231390
v 4.078540 -2.288990 0.368486
v 3.604285 -2.303068 1.906545
v -1.419837 -2.323555 -3.980778
v 0.251011 -2.580940 -4.379362
v 1.915375 -2.565676 -3.890892
v 3.263409 -2.557201 -2.824586
v 4.089886 -2.556808 -1.342778
v 4.268982 -2.564556 0.328942
v 3.773431 -2.579266 1.936067
v -1.476299 -2.600674 -4.215626
v -0.162457 1.544531 -1.871165
v 0.565373 1.633212 -1.762052
v 1.177705 1.883514 -1.451452
v 1.578211 2.250994 -0.987535
v 1.708000 2.672625 -0.442576
v 1.554929 3.082880 0.100391
v -0.890287 1.633212 -1.762052
v 0.989624 2.851402 1.426183
v 0.241518 2.970301 1.692987
v -0.566434 2.970301 1.692986
v -1.314540 2.851401 1.426183
v -1.891561 2.629831 0.931833
v -2.209885 2.335953 0.282848
v -2.218049 2.011681 -0.423617
v -1.910825 1.706458 -1.079505
v -1.333173 1.469587 -1.583034
v 1.149642 1.906623 1.857643
v 0.299694 1.975804 2.191525
v -0.624610 1.975804 2.191525
v -1.474558 1.906623 1.857642
v -2.113914 1.777292 1.246232
v -2.444548 1.603674 0.459746
v -2.422612 1.409111 -0.374535
v -2.061634 1.223483 -1.130132
v -1.423534 1.077706 -1.700055
v 1.186878 0.191957 1.944614
v 0.310013 0.194350 2.285691
v -0.634929 0.194350 2.285691
v -1.511794 0.191957 1.944613
v -2.186354 0.193017 1.309067
v -2.546401 0.199216 0.475825
v -2.534861 0.201343 -0.419829
v -2.158557 0.195467 -1.231924
v -1.484691 0.185965 -1.836470
v 0.970967 -1.061752 1.665956
v 0.221479 -1.057118 1.955149
v -0.585950 -1.059615 1.947421
v -1.329416 -1.068865 1.643950
v -1.896687 -1.083729 1.090392
v -2.201993 -1.102474 0.369842
v -2.198651 -1.123312 -0.409387
v -1.885848 -1.144664 -1.130027
v -1.307962 -1.162410 -1.681151
v -1.431582 -0.487757 1.827327
v -0.607063 -0.483778 2.150669
v 0.282147 -0.483778 2.150669
v -1.453328 -0.527861 -1.836772
v 1.106666 -0.487757 1.827328
v -2.093940 -0.522127 -1.229501
v -2.434422 -0.513556 -0.429079
v -2.423896 -0.504000 0.434675
v -2.069743 -0.494768 1.226452
v 0.691436 -1.288756 1.462606
v 0.050166 -1.275708 1.663601
v -0.623473 -1.287682 1.614288
v -1.226926 -1.322854 1.322172
v -1.668326 -1.375873 0.831728
v -1.880518 -1.438728 0.217613
v -1.831496 -1.502287 -0.426841
v -1.528809 -1.557350 -1.004002
v -1.017847 -1.595301 -1.426195
v -2.534791 0.834550 -0.395185
v -2.570271 0.868661 0.499464
v -2.225906 0.888142 1.347887
v -1.549193 0.899292 2.005476
v -0.650120 0.906294 2.361967
v 0.325204 0.906294 2.361967
v -1.468087 0.745900 -1.788399
v 1.224277 0.899292 2.005477
v -2.141588 0.789595 -1.194564
v 1.166769 -1.498673 2.460499
v 0.125582 -1.506907 2.765641
v -0.959455 -1.519731 2.662101
v -1.923158 -1.535192 2.165641
v -2.618809 -1.550937 1.351844
v -2.940503 -1.564568 0.344601
v -2.839265 -1.574011 -0.702744
v -2.330507 -1.577827 -1.630741
v -1.491683 -1.575438 -2.298110
v 1.470837 -1.998303 2.960885
v 0.191473 -2.014392 3.336189
v -1.141774 -2.028150 3.208536
v -2.325928 -2.037481 2.597364
v -3.180714 -2.040967 1.595716
v -3.575997 -2.038076 0.356084
v -3.451600 -2.029248 -0.932810
v -2.826462 -2.015828 -2.074741
v -1.795752 -1.999857 -2.895862
v 2.326927 -1.716784 -1.916352
v 2.927482 -1.714657 -0.839795
v 3.057621 -1.718209 0.374746
v 2.697531 -1.726899 1.542366
v -1.117152 -1.750096 -2.926911
v 0.137987 -1.735964 -3.045891
v 1.347387 -1.724266 -2.691029
v 1.522445 -2.214234 3.009680
v 0.202656 -2.230831 3.396841
v -1.172718 -2.245024 3.265156
v -2.394288 -2.254650 2.634671
v -3.276083 -2.258246 1.601374
v -3.683856 -2.255263 0.322572
v -3.555529 -2.246157 -1.007047
v -2.910637 -2.232312 -2.185061
v -1.847360 -2.215837 -3.032127
v 1.864570 -2.331788 3.596741
v 0.276794 -2.351755 4.062518
v -1.377854 -2.368830 3.904093
v -2.847468 -2.380410 3.145586
v -3.908314 -2.384737 1.902475
v -4.398888 -2.381148 0.364008
v -4.244503 -2.370193 -1.235594
v -3.468664 -2.353537 -2.652808
v -2.189485 -2.333717 -3.671873
v 1.955594 -2.609276 3.702161
v 0.296519 -2.630140 4.188853
v -1.432431 -2.647981 4.023314
v -2.968039 -2.660082 3.230747
v -4.076522 -2.664602 1.931813
v -4.589125 -2.660852 0.324263
v -4.427808 -2.649405 -1.347170
v -3.617129 -2.632002 -2.828024
v -2.280508 -2.611291 -3.892850
v 0.866729 3.556596 0.739439
v 0.199075 3.714767 0.954551
v -0.523991 3.714767 0.954551
v -1.191644 3.556596 0.739438
v -1.704967 3.265693 0.345779
v -1.990660 2.882924 -0.165687
v -2.003577 2.459239 -0.720062
v -1.733956 2.056320 -1.234520
v -1.217514 1.740418 -1.629527
v -2.201116 -1.784004 2.483073
v -3.006588 -1.788902 1.539381
v -3.379068 -1.788176 0.371466
v -3.261848 -1.781936 -0.842871
v -2.672773 -1.771132 -1.918756
v 1.376611 -1.746508 2.825498
v -1.701526 -1.757409 -2.692395
v 0.171055 -1.761060 3.179114
v -1.085276 -1.774227 3.058870
v 2.012100 -0.020268 -0.378329
v 2.425583 -0.144779 -0.526553
v 2.711472 -0.227577 -0.346126
v 2.846406 -0.245085 0.094788
v 2.711472 -0.227577 0.535701
v 2.456932 0.206080 0.094788
v 2.425582 -0.144779 0.716129
v 2.012100 -0.020268 0.567904
v 1.864059 -0.338963 -0.593686
v 2.335462 -0.549272 -0.768442
v 2.729715 -0.647943 -0.516834
v 2.928964 -0.655379 0.094788
v 2.729715 -0.647943 0.706409
v 2.335462 -0.549271 0.958017
v 1.864059 -0.338963 0.783261
v 2.091438 -0.429078 -0.179332
v 2.264307 -0.499388 -0.253175
v 2.425377 -0.544653 -0.151682
v 2.502298 -0.557199 0.094788
v 2.425377 -0.544653 0.341257
v 2.264307 -0.499388 0.442750
v 2.091438 -0.429078 0.368907
v 2.023727 -0.562214 -0.205550
v 2.208853 -0.634558 -0.288350
v 2.377931 -0.683523 -0.176122
v 2.453711 -0.697091 0.094788
v 2.377931 -0.683522 0.365697
v 2.208853 -0.634558 0.477925
v 2.023727 -0.562214 0.395125
v 1.833804 -0.817739 -0.306548
v 2.078220 -0.903950 -0.419084
v 2.290545 -0.956797 -0.267842
v 2.374450 -0.965276 0.094788
v 2.290545 -0.956798 0.457417
v 2.078220 -0.903950 0.608659
v 1.833804 -0.817739 0.496123
v 1.601720 -1.102013 -0.408414
v 1.926594 -1.219858 -0.550111
v 2.199498 -1.262534 -0.358380
v 2.300147 -1.257498 0.094788
v 2.199498 -1.262534 0.547956
v 1.926594 -1.219858 0.739687
v 1.601720 -1.102013 0.597989
v 1.543944 -1.452623 -0.434235
v 1.807208 -1.608490 -0.533024
v 2.076725 -1.626317 -0.345349
v 2.175647 -1.607137 0.094788
v 2.076725 -1.626317 0.534925
v 1.807208 -1.608490 0.722599
v 1.543944 -1.452623 0.623811
v 1.991796 0.053281 -0.161982
v 2.454149 0.176967 -0.060637
v 2.441485 0.005588 -0.353945
v 2.521679 0.156034 -0.015178
v 2.644540 -0.055391 -0.223611
v 2.549473 0.150365 0.094788
v 2.736764 -0.070361 0.094788
v 2.808224 -0.242046 -0.144336
v 2.521678 0.156034 0.204753
v 2.644540 -0.055391 0.413187
v 2.808224 -0.242046 0.333912
v 2.454149 0.176967 0.250213
v 2.441485 0.005588 0.543520
v 2.353930 0.221918 0.094788
v 2.121407 0.147892 0.094788
v 1.991796 0.053281 0.351557
v 2.928872 -0.429186 0.094788
v 1.957180 -0.135514 -0.522923
v 2.755631 -0.414484 0.640551
v 2.398004 -0.316797 -0.675224
v 2.398003 -0.316797 0.864799
v 2.755631 -0.414484 -0.450976
v 1.957180 -0.135514 0.712499
v 2.871089 -0.656494 -0.236365
v 2.871089 -0.656494 0.425941
v 2.480726 -0.554442 -0.038562
v 2.480726 -0.554442 0.228137
v 2.766038 -0.635921 -0.542909
v 1.849621 -0.308038 0.813295
v 2.973524 -0.643003 0.094788
v 1.849621 -0.308038 -0.623720
v 2.766037 -0.635921 0.732485
v 2.350916 -0.531468 -0.805700
v 2.350916 -0.531467 0.995276
v 2.432995 -0.694164 -0.051660
v 2.432995 -0.694164 0.241235
v 2.352755 -0.964460 -0.101071
v 2.352755 -0.964460 0.290647
v 2.274979 -1.260885 -0.149604
v 2.274979 -1.260885 0.339180
v 2.150836 -1.614495 -0.142377
v 2.150836 -1.614495 0.331953
v 2.879301 -0.427721 -0.200936
v 2.711307 -0.067528 -0.077992
v 2.556597 0.138778 0.025031
v 2.556597 0.138778 0.164545
v 2.711307 -0.067528 0.267568
v 2.146381 0.133247 0.273657
v 2.344622 0.216413 0.164861
v 2.879301 -0.427721 0.390512
v 2.913435 -0.644487 -0.250432
v 2.913435 -0.644487 0.440008
v 2.146380 0.133247 -0.084081
v 2.344622 0.216413 0.024714
v -2.662295 -0.349006 1.757923
v -2.603572 -0.048973 1.510932
v -2.792394 -0.310392 1.481443
v -2.502678 0.006614 1.359026
v -2.590147 -0.208651 1.206408
v -2.278156 0.075828 1.289372
v -2.086683 -0.108541 0.978467
v -1.983170 0.139965 1.327783
v -1.911193 0.129867 1.477641
v -1.594841 -0.028362 1.426458
v -2.316966 0.099317 1.532596
v -2.080585 0.042709 1.684452
v -1.860015 -0.175841 1.775159
v -2.305106 -0.031477 1.742911
v -2.276113 -0.301267 1.887723
v -2.521735 -0.065984 1.667711
v -2.888481 -0.662268 1.895632
v -3.031119 -0.590575 1.482232
v -2.649099 -0.408633 1.044211
v -1.940337 -0.227516 0.618450
v -1.622464 -0.411178 1.855415
v -2.305178 -0.595681 2.062495
v -2.822876 -0.745078 1.859134
v -2.973919 -0.672312 1.450181
v -2.609849 -0.499912 1.017529
v -1.919579 -0.340162 0.597660
v -1.580118 -0.529116 1.828236
v -2.246465 -0.687275 2.031056
v -2.104190 -0.758097 1.409362
v -2.188601 -0.729443 1.249502
v -2.094170 -0.683884 1.078929
v -1.651807 -0.703423 1.322006
v -1.889668 -0.757195 1.475094
v -2.410341 -0.652256 1.065965
v -1.643501 -0.710181 1.653987
v -1.982228 -0.561209 0.831152
v -2.066070 -0.781458 1.781785
v -2.463880 -0.794847 1.647237
v -2.605604 -0.746284 1.360594
v -2.149129 -1.179295 1.453273
v -2.314149 -1.111221 1.146333
v -2.128561 -1.037901 0.814098
v -1.302629 -1.237340 1.426539
v -1.730115 -1.231932 1.592681
v -2.015594 -1.511346 1.434005
v -2.221473 -1.371540 1.073804
v -2.026862 -1.319340 0.726641
v -1.635718 -1.563842 1.542284
v -2.496876 0.030319 1.524168
v -2.768077 -0.339839 1.629384
v -2.435923 0.065397 1.431060
v -2.577273 -0.025681 1.427793
v -2.729214 -0.264105 1.334761
v -2.300282 0.108752 1.390491
v -2.399377 0.040977 1.308048
v -2.386881 -0.151837 1.102308
v -2.162804 0.138844 1.426817
v -2.150754 0.106714 1.296413
v -2.003195 -0.057446 1.081330
v -2.114113 0.131666 1.524742
v -1.980501 0.157979 1.417098
v -2.180922 0.089449 1.626930
v -1.998508 0.083144 1.606007
v -1.712772 -0.103057 1.621793
v -2.316563 0.043992 1.663521
v -2.183363 0.001899 1.733341
v -2.055437 -0.245481 1.865031
v -2.424528 -0.056593 1.721851
v -2.447435 0.020886 1.619523
v -2.587691 -0.064941 1.595014
v -2.488989 -0.336042 1.847988
v -3.026543 -0.645699 1.707979
v -2.897842 -0.503821 1.253668
v -2.316317 -0.320497 0.848534
v -1.359104 -0.298185 1.570616
v -1.950447 -0.515945 2.015433
v -2.634119 -0.643747 2.017050
v -2.963367 -0.726961 1.672665
v -2.849088 -0.589199 1.224803
v -2.286421 -0.420194 0.823934
v -1.326521 -0.431411 1.545087
v -1.899168 -0.618899 1.986673
v -2.570269 -0.729292 1.982372
v -2.167765 -0.746886 1.336103
v -2.162382 -0.707580 1.160252
v -1.993017 -0.660661 1.012683
v -1.769828 -0.742757 1.447775
v -2.006310 -0.761645 1.458291
v -1.674081 -0.720569 1.501089
v -1.940537 -0.612038 0.924449
v -2.575649 -0.778441 1.514201
v -2.284565 -0.795278 1.740816
v -1.840835 -0.752660 1.755363
v -2.212329 -0.606085 0.948370
v -2.547157 -0.701477 1.205675
v -1.498139 -0.658245 1.480869
v -2.925117 -0.720401 1.917885
v -1.843342 -0.811277 1.456532
v -2.071520 -0.808189 1.387674
v -1.589126 -0.772252 1.366677
v -2.161285 -0.776368 1.217267
v -2.060307 -0.728965 1.033371
v -2.273519 -1.147257 1.311306
v -2.262383 -1.072829 0.975850
v -1.930839 -1.012619 0.667332
v -1.500194 -1.244484 1.553672
v -1.957803 -1.207877 1.552560
v -1.399617 -1.045299 1.416260
v -2.283809 -0.984035 1.174658
v -2.121745 -0.915406 0.884607
v -1.773732 -1.069685 1.563070
v -2.139720 -1.039962 1.443812
v -2.182739 -1.412271 1.246852
v -2.164743 -1.340364 0.897322
v -1.826436 -1.314932 0.568428
v -1.395548 -1.607400 1.495349
v -1.866318 -1.518806 1.507915
v -1.236182 -1.431490 1.400117
v -1.921629 -1.482535 0.697557
v -2.035961 -1.558786 1.347571
v -2.115964 -1.501617 1.023461
v -1.895419 -0.257999 0.539751
v -2.307267 -0.649652 2.091014
v -3.069621 -0.642600 1.480015
v -2.655262 -0.445694 1.013498
v -1.577131 -0.459400 1.867677
v -2.504469 0.033899 1.463628
v -2.380881 0.082014 1.380158
v -2.210806 0.127622 1.375948
v -2.096096 0.146774 1.461027
v -2.104972 0.111504 1.588179
v -2.230812 0.056195 1.674925
v -2.398354 0.013774 1.668722
v -2.298109 -0.353716 0.799509
v -1.583474 -0.683270 1.382866
v -2.099421 -0.643085 1.002278
v -2.511706 0.006261 1.580920
v -1.967348 -0.813750 1.439444
v -2.133090 -0.753426 1.121523
v -1.715558 -0.798508 1.431048
v -1.952853 -0.705267 0.960180
v -2.139208 -0.795232 1.309712
v -2.238580 -0.949339 1.025075
v -1.572680 -1.067406 1.527203
v -1.949193 -0.886809 0.760641
v -2.248348 -1.014889 1.319553
v -1.972607 -1.058603 1.529760
v -1.442950 -1.424833 1.537741
v -1.738159 -1.494404 0.551843
v -2.100057 -1.526122 1.185184
v -2.054089 -1.485888 0.857801
v -1.292881 -0.341631 1.555864
v -2.923695 -0.547846 1.237136
v -3.068720 -0.702933 1.719787
v -2.656612 -0.699901 2.044469
v -1.928778 -0.567680 2.040393
v 2.067272 1.434958 -0.126641
v 1.917087 1.219810 -0.411727
v 2.282874 1.153275 -0.526553
v 2.579502 1.133835 -0.346126
v 2.714846 1.146295 0.094788
v 2.579502 1.133835 0.535701
v 2.240674 1.498176 0.094788
v 2.282874 1.153275 0.716129
v 2.067272 1.434959 0.316217
v 1.917087 1.219810 0.601302
v 1.772023 0.956097 -0.600814
v 2.295643 0.847373 -0.774529
v 2.712615 0.830429 -0.520782
v 2.909302 0.863852 0.094788
v 2.712615 0.830429 0.710357
v 2.295642 0.847373 0.964104
v 1.774361 0.923420 -0.593686
v 2.280292 0.803406 -0.768442
v 2.686244 0.789066 -0.516834
v 2.882124 0.825922 0.094788
v 2.686244 0.789066 0.706409
v 2.280291 0.803406 0.958017
v 2.154294 0.829456 -0.172801
v 2.339118 0.581086 -0.129427
v 2.410327 0.544267 0.094788
v 2.339118 0.581086 0.319002
v 2.154294 0.829456 0.362376
v 2.522025 0.691432 0.534669
v 2.229489 0.744443 -0.525840
v 2.229489 0.744443 0.715415
v 2.522025 0.691432 -0.345093
v 2.665843 0.704050 0.094788
v 1.884355 0.877062 -0.397009
v 2.193754 0.769306 -0.121583
v 2.272386 0.564037 -0.041673
v 2.314793 0.515015 0.094788
v 2.272386 0.564037 0.231248
v 2.193754 0.769307 0.311157
v 2.165936 1.484936 -0.016596
v 2.006672 1.348383 -0.268981
v 2.243813 1.470379 -0.060637
v 2.266791 1.303508 -0.353945
v 2.104262 1.182888 -0.492153
v 2.314191 1.464340 -0.015178
v 2.477904 1.287703 -0.223611
v 2.342537 1.464735 0.094788
v 2.571041 1.293278 0.094788
v 2.676954 1.140881 -0.144336
v 2.314191 1.464340 0.204753
v 2.477904 1.287703 0.413187
v 2.676954 1.140881 0.333912
v 2.243813 1.470379 0.250213
v 2.266791 1.303508 0.543520
v 2.165936 1.484936 0.206172
v 2.006672 1.348383 0.458557
v 2.104262 1.182888 0.681729
v 2.077436 1.474180 0.197613
v 2.139640 1.496463 0.094788
v 2.077435 1.474180 -0.008037
v 2.041083 0.894403 -0.721372
v 2.853334 0.850861 -0.238492
v 2.853334 0.850861 0.428068
v 2.041082 0.894403 0.910947
v 2.034186 0.854752 -0.714700
v 2.825939 0.811912 -0.236365
v 2.825939 0.811912 0.425941
v 2.034186 0.854753 0.904275
v 2.104747 0.859978 -0.162516
v 2.390502 0.547420 -0.026542
v 2.390502 0.547420 0.216118
v 2.104747 0.859978 0.352091
v 2.624573 0.697104 0.332903
v 2.624573 0.697104 -0.143327
v 2.060016 0.804790 0.675479
v 2.060016 0.804790 -0.485904
v 2.720225 0.792747 -0.542909
v 2.924247 0.830922 0.094788
v 1.754880 0.923901 -0.623720
v 2.720225 0.792747 0.732485
v 2.292481 0.807424 -0.805700
v 2.292481 0.807424 0.995276
v 2.303211 0.520673 0.020953
v 2.303211 0.520673 0.168622
v 2.196439 1.469822 -0.074248
v 2.140300 1.323728 -0.328858
v 2.545606 1.290466 -0.077992
v 2.351859 1.455287 0.025031
v 2.351859 1.455287 0.164545
v 2.545606 1.290466 0.267568
v 2.196439 1.469822 0.263823
v 2.140300 1.323729 0.518433
v 2.131193 1.490440 0.163392
v 2.031261 0.857459 0.939390
v 2.865927 0.816310 -0.250432
v 2.865927 0.816310 0.440008
v 2.031261 0.857459 -0.749814
v 2.131193 1.490440 0.026184
v -0.487875 0.330647 -2.226774
v -0.119353 -0.137403 -2.240130
v -0.948212 0.222016 -2.150436
v -1.241741 -0.430585 -2.081053
v -0.730788 0.489236 -2.196806
v -0.930568 0.300103 -1.987295
v -0.781685 0.410163 -1.888046
v -0.602461 0.414061 -1.975028
v 0.072604 -0.465515 -2.080068
v 0.080697 -0.522300 -2.174430
v -1.218776 -0.846296 -1.990800
v -0.347105 -0.560347 -2.088709
v -0.804273 -0.655180 -2.014862
v -0.040390 -1.035670 -1.901288
v -0.889135 -1.305349 -1.752709
v -0.067930 -1.631023 -1.773762
v -0.965360 -1.815332 -1.590620
v -0.614291 0.450399 -2.214125
v -0.301075 0.109743 -2.240228
v -0.211914 -0.054021 -1.978275
v -0.479902 0.279332 -2.323698
v -0.115354 -0.224615 -2.473606
v -0.568533 0.209795 -2.436727
v -0.334961 -0.370358 -2.754173
v -0.744376 0.208925 -2.407096
v -0.758633 -0.439062 -2.703159
v -0.838978 0.403236 -2.174185
v -1.104923 -0.094635 -2.117486
v -0.906891 0.213669 -2.250408
v -1.145651 -0.448731 -2.328516
v -0.830779 0.450423 -2.094650
v -1.072580 0.007401 -1.831709
v -0.958499 0.249877 -2.058184
v -1.258023 -0.385666 -1.858646
v -0.762353 0.505098 -2.067757
v -0.873754 0.356047 -1.935495
v -0.703551 0.486108 -1.993826
v -0.672257 0.495416 -2.114817
v -0.528399 0.373534 -2.116469
v -0.044553 -0.412976 -1.869047
v -0.008061 -0.331175 -2.206335
v -1.292043 -0.661971 -2.048348
v 0.020390 -0.620248 -2.411565
v -0.225629 -0.775534 -2.714930
v -0.697152 -0.850297 -2.680504
v -1.121954 -0.863209 -2.273217
v -1.238754 -0.807894 -1.739506
v -0.360507 -0.593599 -2.174216
v -0.446161 -0.643623 -2.282423
v -0.615695 -0.666618 -2.260631
v -0.766637 -0.667121 -2.112991
v -0.898016 -0.702669 -1.999670
v 0.111875 -0.497618 -2.170503
v -1.263700 -0.840615 -2.004117
v -0.774769 -0.685276 -2.010035
v -0.357113 -0.595992 -2.074031
v -0.779318 -0.867467 -1.956840
v -0.238286 -0.751094 -2.057528
v -0.106330 -1.070793 -1.758344
v -0.025036 -1.170321 -2.090749
v -0.173012 -1.262960 -2.290599
v -0.486360 -1.304826 -2.222491
v -0.794881 -1.312950 -1.932047
v -0.923220 -1.279373 -1.578338
v -0.070731 -0.959559 -1.992894
v -0.835498 -1.122235 -1.835924
v -0.161235 -1.601066 -1.600790
v -0.039194 -1.668413 -1.950564
v -0.197206 -1.758720 -2.169005
v -0.537795 -1.809946 -2.096705
v -0.866949 -1.823317 -1.782792
v -0.998631 -1.778131 -1.416663
v -0.931575 -1.544181 -1.670647
v -0.042753 -1.357308 -1.853119
v -0.587695 0.402840 -2.272161
v -0.295083 0.038597 -2.407751
v -0.450884 -0.071108 -2.606826
v -0.637828 0.359945 -2.336051
v -0.747884 -0.668372 -2.756641
v -0.754498 -0.105391 -2.563451
v -0.738948 0.368625 -2.316896
v -0.832785 0.374835 -2.226831
v -1.033548 -0.107385 -2.293128
v -0.263087 -0.586210 -2.803007
v -0.863604 0.399572 -2.117165
v -1.118408 -0.055836 -1.958255
v -0.814998 0.471186 -2.049530
v -0.009777 -0.422804 -2.478848
v -1.306757 -0.616098 -1.792164
v -0.714985 0.510880 -2.069136
v -0.111453 -0.249535 -1.917614
v -1.187213 -0.681587 -2.333874
v -0.216576 -0.765746 -2.763126
v -0.714335 -0.844794 -2.728904
v -1.162059 -0.858356 -2.301223
v 0.047607 -0.599774 -2.436258
v -0.910276 -0.676770 -1.869415
v -0.369494 0.176485 -2.051608
v -0.618093 0.464078 -2.155149
v -0.601129 -0.694484 -2.233084
v -0.368848 -0.626148 -2.156372
v -0.739127 -0.696110 -2.098149
v -0.447122 -0.672081 -2.257467
v -0.544615 -0.872173 -2.252245
v -0.251800 -0.785104 -2.164281
v -0.727757 -0.875646 -2.069223
v -0.349153 -0.843108 -2.294003
v -1.281829 -0.799656 -1.737875
v -0.487974 -1.124508 -2.249236
v -0.083285 -1.011723 -2.136488
v -0.754661 -1.129408 -1.992402
v -0.215532 -1.088988 -2.310538
v -0.832530 -1.552051 -1.860395
v -0.172453 -1.494079 -2.239063
v -0.136568 -1.337948 -1.676025
v -0.966724 -1.515272 -1.488172
v -0.506072 -1.541100 -2.167788
v -0.017118 -1.403413 -2.027268
v 1.937551 -1.916081 2.448382
v 2.012201 -1.398193 2.435232
v 1.920018 -1.862515 2.256950
v 1.980338 -1.308156 2.255708
v 2.135344 -1.930552 2.426218
v 2.187590 -1.329248 2.438852
v 2.117812 -1.876986 2.234786
v 2.178131 -1.322627 2.233545
v 2.014216 -1.880071 2.210675
v 2.078415 -1.288212 2.219570
v 2.037266 -1.950496 2.462356
v 2.120367 -1.269771 2.485200
v 1.897111 -1.905077 2.351152
v 1.955467 -1.347720 2.360678
v 2.154535 -1.923911 2.322306
v 2.213646 -1.296155 2.341712
v 2.101540 -1.174514 2.385844
v 1.337779 -1.421327 0.938224
v 1.456847 -1.489903 0.929351
v 2.665658 -1.794179 0.940066
v 2.584387 -1.823612 0.928857
v 1.962930 0.080439 1.340991
v 2.025310 0.079396 1.343969
v 2.923557 -0.186944 1.342571
v 2.962500 -0.210545 1.340455
v 1.384269 -1.282152 0.974929
v 2.700997 -1.658732 0.975254
v 1.712279 -1.565480 0.929436
v 2.303151 -1.740394 0.928825
v 2.241699 -1.527014 0.977586
v 1.833444 -1.407859 0.969259
v 1.343063 -1.402954 0.862635
v 1.462131 -1.471531 0.853762
v 2.308435 -1.722022 0.853236
v 2.589671 -1.805241 0.853268
v 2.670942 -1.775806 0.864477
v 2.030106 0.094282 1.282188
v 1.968186 0.095817 1.276954
v 1.389553 -1.263780 0.899340
v 2.966202 -0.194519 1.275687
v 2.927415 -0.171459 1.279580
v 2.706280 -1.640360 0.899665
v 1.717563 -1.547109 0.853847
v 2.246982 -1.508641 0.901997
v 1.838727 -1.389486 0.893670
v 1.314643 -1.424804 0.895569
v 1.362545 -1.281404 0.933388
v 1.951227 0.118410 1.315238
v 2.719240 -1.669415 0.933722
v 2.017358 0.115659 1.319291
v 2.246000 -1.533698 0.936126
v 1.825353 -1.410927 0.927546
v 2.951638 -0.160653 1.317331
v 2.993968 -0.184724 1.314366
v 1.341678 -1.409457 1.803582
v 1.460693 -1.478328 1.810738
v 2.669500 -1.782436 1.795698
v 2.588473 -1.811225 1.809938
v 1.965504 0.093218 1.399075
v 2.027901 0.091824 1.393917
v 2.925762 -0.174229 1.392566
v 2.964829 -0.197583 1.396057
v 1.388041 -1.270199 1.767035
v 2.704737 -1.646841 1.760983
v 1.716205 -1.553634 1.810721
v 2.307157 -1.728277 1.810008
v 2.245764 -1.514037 1.765090
v 1.836344 -1.398830 1.758626
v 1.336234 -1.427310 1.727881
v 1.455249 -1.496181 1.735036
v 2.301713 -1.746130 1.734307
v 2.583029 -1.829079 1.734237
v 2.664056 -1.800289 1.719997
v 2.023247 0.077278 1.332015
v 1.960736 0.078112 1.334876
v 1.382597 -1.288053 1.691333
v 2.960358 -0.212965 1.331132
v 2.921452 -0.189190 1.329447
v 2.699293 -1.664695 1.685281
v 1.710761 -1.571487 1.735019
v 2.240320 -1.531891 1.689389
v 1.830900 -1.416684 1.682925
v 1.313191 -1.431072 1.770596
v 1.360962 -1.287586 1.732939
v 1.949009 0.115845 1.360770
v 2.597831 -1.845035 1.777144
v 2.307976 -1.759569 1.777216
v 2.717624 -1.675661 1.726703
v 2.681318 -1.815372 1.762472
v 2.015330 0.113312 1.356847
v 2.244720 -1.538826 1.730934
v 1.822872 -1.420123 1.724275
v 1.699086 -1.579625 1.777951
v 2.949566 -0.163146 1.354672
v 2.961261 -0.191103 1.365144
v -4.077168 -1.208798 2.514701
v -4.058205 -1.109596 2.514494
v -4.035157 -1.231009 2.547850
v -4.069711 -1.213326 2.247582
v -4.003113 -1.540417 2.521640
v -3.980626 -1.463359 2.551920
v -3.883921 -1.584969 2.525581
v -3.995600 -1.545722 2.258227
v -3.876463 -1.590256 2.262871
v -3.973897 -1.457973 2.225578
v -3.853054 -1.505040 2.230647
v -4.022626 -1.254822 2.218017
v -4.005064 -1.149132 2.233670
v -4.022442 -1.067028 2.231524
v -4.047618 -1.123604 2.245885
v -2.580433 -0.888111 2.221390
v -2.545594 -0.848776 2.283295
v -2.611495 -0.808504 2.218904
v -2.308336 -0.849653 2.258710
v -2.281878 -0.786321 2.289802
v -2.265991 -1.157036 2.268470
v -2.338219 -1.222670 2.268127
v -2.215800 -1.231248 2.302718
v -2.287827 -1.294423 2.302166
v -2.223300 -1.225947 2.565953
v -2.295333 -1.289144 2.564941
v -2.273234 -1.162584 2.594269
v -2.289496 -0.780945 2.557200
v -2.345907 -0.831759 2.587949
v -2.565677 -0.837372 2.550549
v -2.618491 -0.806016 2.579665
v -2.592183 -0.883915 2.581981
v -2.112755 -0.620241 2.558627
v -2.180763 -0.584009 2.587672
v -2.104956 -0.626635 2.291393
v -2.198716 -0.186125 2.545466
v -2.245440 -0.259960 2.576902
v -2.255349 -0.165207 2.543247
v -2.191220 -0.191417 2.282218
v -2.247892 -0.170499 2.280371
v -2.217178 -0.251731 2.251733
v -2.274423 -0.230214 2.249989
v -2.147709 -0.600356 2.258273
v -4.052351 -0.546657 2.205699
v -4.119232 -0.605810 2.204604
v -4.099690 -0.500417 2.234216
v -4.166301 -0.558384 2.233241
v -4.107231 -0.495138 2.497177
v -4.058208 -0.559386 2.530922
v -4.174164 -0.553152 2.496680
v -4.106971 -0.617369 2.531149
v -4.109976 -1.047956 2.510514
v -4.063648 -0.971657 2.541824
v -4.099133 -1.051406 2.243014
v -4.067309 -1.009017 2.211801
v -4.038315 -1.062577 2.544374
v -4.024674 -1.142788 2.546375
v -2.280107 -0.242912 2.575216
v -2.345394 -1.227803 2.593159
v -3.860131 -1.510156 2.555682
v -3.084912 -2.263887 2.258327
v -2.971740 -2.230483 2.306557
v -3.172748 -1.434185 2.288384
v -3.197668 -2.297085 2.307660
v -3.243957 -2.310630 2.425658
v -3.259294 -1.446752 2.322071
v -3.297184 -1.450515 2.407736
v -3.264226 -1.443271 2.495199
v -3.179723 -1.429262 2.533224
v -3.196665 -2.296587 2.543199
v -3.083494 -2.263183 2.591430
v -2.970738 -2.229984 2.542097
v -2.924448 -2.216440 2.424099
v -3.093177 -1.416696 2.499538
v -3.055286 -1.412932 2.413872
v -3.088245 -1.420177 2.326410
v -3.046416 -2.405260 2.333100
v -2.984372 -2.386947 2.359541
v -3.108233 -2.423460 2.360145
v -3.133610 -2.430885 2.424836
v -3.107683 -2.423187 2.489276
v -3.045639 -2.404874 2.515718
v -2.983822 -2.386673 2.488672
v -2.958445 -2.379248 2.423981
v -3.285573 5.798250 -2.919407
v -3.085685 5.808558 -2.919407
v -3.217977 5.798250 -2.667134
v -3.044869 5.808558 -2.767079
v -3.033300 5.798250 -2.482457
v -2.933357 5.808558 -2.655566
v -2.781027 5.798250 -2.414861
v -2.781028 5.808558 -2.614750
v -2.528754 5.798250 -2.482458
v -2.628700 5.808558 -2.655566
v -2.344078 5.798250 -2.667134
v -2.517187 5.808558 -2.767079
v -2.276482 5.798250 -2.919407
v -2.476371 5.808558 -2.919407
v -2.344078 5.798250 -3.171680
v -2.517187 5.808558 -3.071736
v -2.528755 5.798250 -3.356356
v -2.628700 5.808558 -3.183248
v -2.781027 5.798250 -3.423953
v -2.781028 5.808558 -3.224064
v -3.033300 5.798250 -3.356356
v -2.933357 5.808558 -3.183248
v -3.098615 5.967757 -3.102766
v -2.964386 5.967757 -3.236994
v -2.781027 5.967757 -3.286125
v -2.597668 5.967757 -3.236994
v -3.217977 5.798250 -3.171680
v -3.044869 5.808558 -3.071736
v -2.463440 5.967757 -3.102766
v -2.414309 5.967757 -2.919407
v -2.463440 5.967757 -2.736047
v -2.597668 5.967757 -2.601819
v -2.781027 5.967757 -2.552688
v -2.964386 5.967757 -2.601819
v -3.098615 5.967757 -2.736047
v -3.147746 5.967757 -2.919407
v -2.781027 6.239574 -2.919408
v -2.905129 6.083679 -3.134355
v -2.781028 6.083679 -2.671204
v -2.905129 6.083679 -2.704457
v -2.566079 6.083679 -3.043507
v -2.656927 6.083679 -2.704457
v -2.995977 6.083679 -3.043507
v -2.781028 6.083679 -3.167608
v -2.656927 6.083679 -3.134355
v -2.995977 6.083679 -2.795305
v -3.029230 6.083679 -2.919406
v -2.532826 6.083679 -2.919406
v -2.566079 6.083679 -2.795305
v -3.006762 5.658413 -2.919408
v -2.976520 5.658413 -2.806540
v -2.893895 5.658413 -2.723916
v -2.781028 5.658413 -2.693674
v -2.668161 5.658413 -2.723916
v -2.585537 5.658413 -2.806540
v -2.555294 5.658413 -2.919408
v -2.585537 5.658413 -3.032275
v -2.668161 5.658413 -3.114899
v -2.781028 5.658413 -3.145142
v -2.893895 5.658413 -3.114899
v -2.976520 5.658413 -3.032275
v -3.006762 5.537221 -2.919408
v -2.976520 5.537221 -2.806540
v -2.893895 5.537221 -2.723916
v -2.781028 5.537221 -2.693674
v -2.668161 5.537221 -2.723916
v -2.585537 5.537221 -2.806540
v -2.555294 5.537221 -2.919408
v -2.585537 5.537221 -3.032275
v -2.668161 5.537221 -3.114899
v -2.781028 5.537221 -3.145142
v -2.893895 5.537221 -3.114899
v -2.976520 5.537221 -3.032275
v -3.145559 5.505117 -2.919406
v -3.096721 5.505117 -2.737140
v -2.963294 5.505117 -2.603713
v -2.781028 5.505117 -2.554875
v -2.598763 5.505117 -2.603713
v -2.465335 5.505117 -2.737140
v -2.416498 5.505117 -2.919406
v -2.465335 5.505117 -3.101671
v -2.598763 5.505117 -3.235099
v -2.781028 5.505117 -3.283937
v -2.963294 5.505117 -3.235099
v -3.096721 5.505117 -3.101671
v -3.145559 5.421646 -2.919406
v -3.096721 5.421646 -2.737140
v -2.963294 5.421646 -2.603713
v -2.781028 5.421646 -2.554875
v -2.598763 5.421646 -2.603713
v -2.465335 5.421646 -2.737140
v -2.416498 5.421646 -2.919406
v -2.465335 5.421646 -3.101671
v -2.598763 5.421646 -3.235099
v -2.781028 5.421646 -3.283937
v -2.963294 5.421646 -3.235099
v -3.096721 5.421646 -3.101671
v -3.017047 5.421646 -2.919405
v -2.985427 5.421646 -2.801396
v -2.899038 5.421646 -2.715007
v -2.781028 5.421646 -2.683386
v -2.663019 5.421646 -2.715007
v -2.576630 5.421646 -2.801396
v -2.545009 5.421646 -2.919405
v -2.576630 5.421646 -3.037415
v -2.663019 5.421646 -3.123804
v -2.781028 5.421646 -3.155425
v -2.899038 5.421646 -3.123804
v -2.985427 5.421646 -3.037415
v -3.017047 4.708930 -2.919405
v -2.985427 4.708930 -2.801396
v -2.899038 4.708930 -2.715007
v -2.781028 4.708930 -2.683386
v -2.663019 4.708930 -2.715007
v -2.576630 4.708930 -2.801396
v -2.545009 4.708930 -2.919405
v -2.576630 4.708930 -3.037415
v -2.663019 4.708930 -3.123804
v -2.781028 4.708930 -3.155425
v -2.899038 4.708930 -3.123804
v -2.985427 4.708930 -3.037415
v -2.307057 3.541776 -2.919405
v -2.290086 3.565508 -2.810518
v -2.243720 3.630346 -2.730807
v -2.180381 3.718917 -2.701631
v -2.117043 3.807487 -2.730807
v -2.070677 3.872325 -2.810518
v -2.053706 3.896058 -2.919405
v -2.070677 3.872325 -3.028293
v -2.117043 3.807487 -3.108003
v -2.180382 3.718917 -3.137180
v -2.243720 3.630346 -3.108003
v -2.290086 3.565508 -3.028292
v 2.157332 -0.710421 -0.801630
v 2.122373 -0.490905 -0.591720
v 2.240198 -0.573342 -0.680319
v 2.320450 -0.676809 -0.715058
v 2.333890 -0.710421 -0.728497
v 2.320450 -0.744033 -0.715058
v 2.261582 -0.810707 -0.656189
v 2.285062 -0.573044 -0.575339
v 2.388016 -0.676809 -0.551940
v 2.407022 -0.710421 -0.551940
v 2.388016 -0.744033 -0.551940
v 2.304763 -0.810707 -0.551940
v 2.144461 -0.819485 -0.570348
v 2.243362 -0.572781 -0.470447
v 2.320450 -0.676809 -0.388822
v 2.333890 -0.710421 -0.375382
v 2.320450 -0.744033 -0.388822
v 2.261582 -0.810707 -0.447690
v 2.139353 -0.572739 -0.427161
v 2.157332 -0.676809 -0.321256
v 2.157332 -0.710421 -0.302250
v 2.157332 -0.744033 -0.321256
v 2.157332 -0.810707 -0.404509
v 2.069483 -0.524222 -0.531386
v 2.033908 -0.572950 -0.470861
v 1.994215 -0.676809 -0.388822
v 1.980775 -0.710421 -0.375382
v 1.994215 -0.744033 -0.388822
v 2.053083 -0.810707 -0.447690
v 2.045969 -0.524248 -0.587868
v 1.988990 -0.573258 -0.575865
v 1.926649 -0.676809 -0.551940
v 1.907642 -0.710421 -0.551940
v 1.926649 -0.744033 -0.551940
v 2.009902 -0.810707 -0.551940
v 2.030917 -0.573481 -0.680659
v 2.034199 -0.676809 -0.696883
v 2.020760 -0.710421 -0.710322
v 2.034199 -0.744033 -0.696883
v 2.053083 -0.810707 -0.656189
v 2.134984 -0.573513 -0.723920
v 2.157332 -0.676809 -0.782623
v 2.157332 -0.744033 -0.782623
v 2.157332 -0.810707 -0.699371
v 1.398869 -0.798844 -2.517152
v 1.317710 -0.464804 -2.083544
v 1.506221 -0.521315 -2.249414
v 1.689368 -0.604490 -2.363014
v 1.942508 -0.779812 -2.472590
v 1.984900 -0.836765 -2.514983
v 1.942508 -0.893720 -2.472590
v 1.756818 -1.006698 -2.286900
v 1.580390 -0.521272 -2.071253
v 1.830882 -0.603985 -2.031874
v 2.155631 -0.779812 -1.958065
v 2.215583 -0.836765 -1.958065
v 2.155631 -0.893720 -1.958065
v 1.893026 -1.006698 -1.958065
v 1.387382 -1.021570 -2.016128
v 1.507035 -0.521237 -1.893132
v 1.699347 -0.603539 -1.701010
v 1.942508 -0.779812 -1.443539
v 1.984900 -0.836765 -1.401146
v 1.942508 -0.893720 -1.443539
v 1.756818 -1.006698 -1.629229
v 1.329126 -0.521232 -1.819393
v 1.371268 -0.603468 -1.564474
v 1.427983 -0.779812 -1.230416
v 1.427983 -0.836765 -1.170464
v 1.427983 -0.893720 -1.230416
v 1.427983 -1.006698 -1.493021
v 1.150878 -0.521259 -1.893231
v 1.038664 -0.603827 -1.702318
v 0.913457 -0.779812 -1.443539
v 0.913457 -0.893720 -1.443539
v 1.099148 -1.006698 -1.629229
v 1.076709 -0.521302 -2.071393
v 0.896976 -0.604349 -2.033533
v 0.700334 -0.779812 -1.958065
v 0.640381 -0.836765 -1.958065
v 0.700334 -0.893720 -1.958065
v 0.962939 -1.006698 -1.958065
v 1.150066 -0.521337 -2.249513
v 1.029228 -0.604726 -2.364086
v 0.913457 -0.779812 -2.472590
v 0.871064 -0.836765 -2.514983
v 0.913457 -0.893720 -2.472590
v 1.099148 -1.006698 -2.286900
v 1.327976 -0.521341 -2.323252
v 1.357487 -0.604780 -2.500545
v 1.398869 -0.741890 -2.511577
v 1.398869 -0.855798 -2.511577
v 1.427983 -1.006698 -2.423108
v 1.160590 -1.081072 -2.238048
v 1.107324 -0.979395 -1.810941
v 1.242579 -0.971580 -1.940109
v 1.366580 -0.946550 -2.048349
v 1.535140 -1.037064 -2.179413
v 1.534405 -1.081072 -2.177550
v 1.539269 -1.125302 -2.178855
v 1.255506 -1.248611 -1.938360
v 1.296383 -0.971580 -1.810215
v 1.465996 -0.946550 -1.808337
v 1.690695 -1.037064 -1.803869
v 1.689245 -1.081072 -1.803734
v 1.694825 -1.125302 -1.803310
v 1.309310 -1.248611 -1.808466
v 1.117755 -1.225281 -1.809530
v 1.242579 -0.971580 -1.680322
v 1.366580 -0.946550 -1.568325
v 1.535140 -1.037064 -1.428324
v 1.534405 -1.081072 -1.429919
v 1.539269 -1.125302 -1.427766
v 1.255506 -1.248611 -1.678573
v 1.112686 -0.971580 -1.626518
v 1.126568 -0.946550 -1.468909
v 1.159595 -1.037064 -1.272769
v 1.160590 -1.081072 -1.275079
v 1.163725 -1.125302 -1.272210
v 1.136437 -1.209572 -1.467574
v 1.125613 -1.248611 -1.624769
v 0.982792 -0.971580 -1.680322
v 0.788180 -1.125302 -1.427766
v 0.896425 -1.209572 -1.566990
v 0.995719 -1.248611 -1.678573
v 0.928988 -0.971580 -1.810215
v 0.787140 -0.946550 -1.808337
v 0.628495 -1.037064 -1.803869
v 0.631935 -1.081072 -1.803734
v 0.632625 -1.125302 -1.803310
v 0.941915 -1.248611 -1.808466
v 0.982792 -0.971580 -1.940109
v 0.886556 -0.946550 -2.048349
v 0.784050 -1.037064 -2.179413
v 0.786774 -1.081072 -2.177550
v 0.788180 -1.125302 -2.178854
v 0.995719 -1.248611 -1.938360
v 1.112686 -0.971580 -1.993913
v 1.126568 -0.946550 -2.147765
v 1.159595 -1.037064 -2.240627
v 1.163725 -1.125302 -2.240068
v 1.125613 -1.248611 -1.992164
v 1.661701 -0.220919 -2.029117
v 1.642982 0.041996 -1.696644
v 1.778294 -0.024795 -1.823827
v 1.906146 -0.111060 -1.910930
v 2.075154 -0.275928 -1.994949
v 2.099935 -0.324401 -2.027454
v 2.060613 -0.362050 -1.994949
v 1.905798 -0.423763 -1.852569
v 1.834376 -0.034230 -1.687219
v 2.013204 -0.128743 -1.657025
v 2.236288 -0.303135 -1.600431
v 2.274345 -0.353849 -1.600431
v 2.221747 -0.389256 -1.600431
v 2.008779 -0.441151 -1.600431
v 1.624584 -0.387847 -1.644952
v 1.778920 -0.024839 -1.550643
v 1.913813 -0.111615 -1.403331
v 2.075154 -0.275928 -1.205913
v 2.099935 -0.324401 -1.173407
v 2.060613 -0.362050 -1.205913
v 1.905798 -0.423763 -1.348293
v 1.644411 -0.002124 -1.494103
v 1.665774 -0.069679 -1.298640
v 1.686142 -0.210246 -1.042498
v 1.678872 -0.253306 -0.996529
v 1.671601 -0.296367 -1.042498
v 1.657179 -0.381785 -1.243853
v 1.509641 0.020610 -1.550719
v 1.414260 -0.027492 -1.404335
v 1.408560 -0.339808 -1.348293
v 1.453559 0.030045 -1.687327
v 1.307069 -0.009799 -1.658297
v 1.135997 -0.117357 -1.600431
v 1.083398 -0.152764 -1.600431
v 1.121456 -0.203478 -1.600431
v 1.305578 -0.322419 -1.600431
v 1.509017 0.020655 -1.823902
v 1.407011 -0.026967 -1.911752
v 1.297130 -0.144563 -1.994949
v 1.257808 -0.182212 -2.027454
v 1.282589 -0.230684 -1.994949
v 1.408560 -0.339808 -1.852569
v 1.643527 -0.002060 -1.880442
v 1.655187 -0.068913 -2.016383
v 1.668972 -0.177858 -2.024842
v 1.654431 -0.263980 -2.024842
v 1.657179 -0.381785 -1.957008
v -3.638418 -0.801127 -0.227886
v -3.485610 -0.271437 -0.247003
v -3.549133 -0.342116 -0.184774
v -3.582038 -0.461067 -0.120872
v -3.582313 -0.710711 -0.028612
v -3.575195 -0.803694 -0.013414
v -3.531993 -0.800451 -0.039575
v -3.458216 -0.678255 -0.147889
v -3.395686 -0.881704 -0.188286
v -3.487860 -0.334372 -0.148503
v -3.467786 -0.448546 -0.049967
v -3.415975 -0.674576 0.074713
v -3.402795 -0.751545 0.096650
v -3.392901 -0.735703 0.055808
v -3.393468 -0.645882 -0.099994
v -3.361197 -0.864515 -0.165504
v -3.369104 -1.144338 -0.212478
v -3.419117 -0.326602 -0.166447
v -3.340469 -0.433729 -0.079912
v -3.227192 -0.636286 0.022758
v -3.199414 -0.710407 0.040150
v -3.217843 -0.699551 0.006593
v -3.306787 -0.623466 -0.119071
v -3.317984 -0.852926 -0.178439
v -3.383174 -0.323343 -0.228095
v -3.275112 -0.423309 -0.193367
v -3.125875 -0.618179 -0.154042
v -3.090785 -0.690067 -0.150531
v -3.125113 -0.680511 -0.158104
v -3.260178 -0.611506 -0.200238
v -3.296190 -0.844710 -0.219525
v -3.401083 -0.326516 -0.297338
v -3.309111 -0.427855 -0.324262
v -3.170463 -0.636312 -0.352423
v -3.139006 -0.709919 -0.364042
v -3.167033 -0.697577 -0.342051
v -3.282010 -0.624895 -0.290510
v -3.305349 -0.851432 -0.264217
v -3.462352 -0.334276 -0.333614
v -3.422334 -0.445728 -0.395066
v -3.336989 -0.681824 -0.456057
v -3.311716 -0.771407 -0.474226
v -3.306421 -0.768320 -0.434982
v -3.350319 -0.664128 -0.331956
v -3.339563 -0.870584 -0.286261
v -3.531094 -0.342067 -0.315668
v -3.549771 -0.460159 -0.363267
v -3.537398 -0.699005 -0.404679
v -3.528936 -0.787949 -0.419155
v -3.489667 -0.796699 -0.391757
v -3.429436 -0.686023 -0.307769
v -3.378963 -0.888748 -0.274990
v -3.567041 -0.345310 -0.254016
v -3.615958 -0.466446 -0.249659
v -3.639186 -0.710962 -0.227399
v -3.579167 -0.821369 -0.230078
v -3.472563 -0.692039 -0.233323
v -3.400631 -0.897102 -0.235555
v -3.332894 -1.136992 -0.187922
v -3.291590 -1.141494 -0.199362
v -3.270218 -1.145505 -0.238989
v -3.280847 -1.151948 -0.284192
v -3.317043 -1.159460 -0.308767
v -3.357703 -1.165981 -0.299388
v -3.379345 -1.163983 -0.261167
v -3.090673 -1.779846 -0.195277
v -3.101925 -1.792597 -0.246144
v -3.077804 -1.792161 -0.287270
v -3.050730 -1.771404 -0.169791
v -3.005146 -1.769453 -0.182232
v -2.981257 -1.770298 -0.224751
v -2.992749 -1.776053 -0.272736
v -3.032693 -1.784545 -0.298215
v -3.191462 -1.596686 -0.298654
v -3.157315 -1.574098 -0.273345
v -3.148335 -1.564803 -0.225379
v -3.170410 -1.573212 -0.182703
v -3.211864 -1.592093 -0.169993
v -3.230381 -1.620638 -0.287499
v -3.252208 -1.630312 -0.246227
v -3.246030 -1.614636 -0.195308
v -3.340010 -1.325031 -0.199381
v -3.351700 -1.337387 -0.250246
v -3.327547 -1.337911 -0.291353
v -3.299793 -1.318102 -0.173869
v -3.254158 -1.317907 -0.186274
v -3.230284 -1.319704 -0.228771
v -3.241950 -1.325058 -0.276762
v -3.282169 -1.332037 -0.302267
v -3.365156 -0.942954 -0.030995
v -3.306983 -0.978195 -0.080840
v -3.246647 -1.044746 -0.112156
v -3.157956 -1.187634 -0.132708
v -3.148198 -1.293335 -0.122006
v -3.245583 -1.288801 -0.051760
v -3.285868 -1.319474 -0.020077
v -3.284463 -0.974657 -0.029750
v -3.201972 -1.038555 -0.016928
v -3.093732 -1.165504 0.007688
v -3.085359 -1.252041 0.010711
v -3.212739 -1.267058 0.012007
v -3.272028 -1.309582 0.010778
v -3.277528 -1.528096 0.004816
v -3.304407 -0.976095 0.022392
v -3.236498 -1.040385 0.079994
v -3.152371 -1.158403 0.153261
v -3.144754 -1.245069 0.156219
v -3.238731 -1.259533 0.086687
v -3.286479 -1.306375 0.044458
v -3.355132 -0.981662 0.045040
v -3.330246 -1.048031 0.121658
v -3.299541 -1.169927 0.218635
v -3.291895 -1.256916 0.221610
v -3.313579 -1.262487 0.120183
v -3.320882 -1.306381 0.058761
v -3.406923 -0.988100 0.024929
v -3.428312 -1.059780 0.083834
v -3.448757 -1.196316 0.165574
v -3.440278 -1.283999 0.168675
v -3.388135 -1.278540 0.091381
v -3.354605 -1.313516 0.046924
v -3.429442 -0.991646 -0.026161
v -3.472572 -1.069237 -0.011177
v -3.512259 -1.223551 0.023733
v -3.501166 -1.327724 0.035189
v -3.414788 -1.303713 0.024222
v -3.367825 -1.324452 0.016085
v -3.409497 -0.990216 -0.078302
v -3.436646 -1.066865 -0.107993
v -3.454384 -1.217615 -0.127787
v -3.446134 -1.331903 -0.114999
v -3.385115 -1.310956 -0.043485
v -3.354641 -1.331694 -0.015766
v -3.358772 -0.984643 -0.100951
v -3.343055 -1.056693 -0.149826
v -3.307629 -1.202711 -0.192600
v -3.301672 -1.325159 -0.178737
v -3.316691 -1.305194 -0.073794
v -3.321497 -1.331903 -0.030184
v -3.263753 -1.512506 0.032155
v -3.276962 -1.509243 0.063642
v -3.309749 -1.514152 0.077885
v -3.342726 -1.527654 0.068142
v -3.356495 -1.543346 0.040853
v -3.343497 -1.553692 0.012429
v -3.311503 -1.550321 -0.001624
v -3.238607 -1.717079 0.033935
v -3.221857 -1.713842 0.071639
v -3.236890 -1.715448 0.110163
v -3.274885 -1.720915 0.126938
v -3.313569 -1.727000 0.112136
v -3.330297 -1.730181 0.074431
v -3.315964 -1.728897 0.035630
v -3.278992 -1.723886 0.018449
v -3.215896 -1.787311 0.045031
v -3.203754 -1.785347 0.072725
v -3.214635 -1.786115 0.100995
v -3.242166 -1.789164 0.113282
v -3.270219 -1.792708 0.102388
v -3.282361 -1.794672 0.074695
v -3.271978 -1.794093 0.046217
v -3.245179 -1.791321 0.033626
v -3.179485 -1.569339 0.023052
v -3.199145 -1.356084 0.132185
v -3.159117 -1.386944 0.095390
v -3.129265 -1.427927 0.076778
v -3.089541 -1.549248 0.067303
v -3.084680 -1.560501 0.060183
v -3.142153 -1.386362 0.133653
v -3.100663 -1.424634 0.140285
v -3.052477 -1.538578 0.154243
v -3.044809 -1.547301 0.154256
v -3.157269 -1.384948 0.172612
v -3.124998 -1.420984 0.204925
v -3.087775 -1.530809 0.242874
v -3.083156 -1.537954 0.250174
v -3.195608 -1.383539 0.189446
v -3.188070 -1.419490 0.232794
v -3.174686 -1.530973 0.281288
v -3.177124 -1.538831 0.291764
v -3.234715 -1.382954 0.174293
v -3.253003 -1.420783 0.207550
v -3.262356 -1.538599 0.246974
v -3.271772 -1.548713 0.254653
v -3.251681 -1.383529 0.136030
v -3.281687 -1.423765 0.144023
v -3.299488 -1.548811 0.160026
v -3.311763 -1.561110 0.160565
v -3.236567 -1.384932 0.097070
v -3.257276 -1.426946 0.079432
v -3.264280 -1.555979 0.071383
v -3.273575 -1.569396 0.064629
v -3.198225 -1.386349 0.080237
v -3.194120 -1.428753 0.051583
v -3.177299 -1.556277 0.032978
v -3.149269 -1.756497 0.135729
v -3.136972 -1.753325 0.160523
v -3.146101 -1.750111 0.187818
v -3.172465 -1.749214 0.200094
v -3.198911 -1.751152 0.189046
v -3.209124 -1.754315 0.162965
v -3.198649 -1.756962 0.137886
v -3.174479 -1.757860 0.126940
v -3.180671 -1.563256 0.130239
v -3.199944 -1.562540 0.138967
v -3.208296 -1.560430 0.158964
v -3.200152 -1.557907 0.179761
v -3.179065 -1.556362 0.188570
v -3.158043 -1.557076 0.178781
v -3.150764 -1.559640 0.157017
v -3.160569 -1.562169 0.137247
v -3.048409 -0.606795 0.023777
v -3.003408 -0.649094 0.083923
v -2.971832 -0.732487 0.140259
v -2.945815 -0.918756 0.213913
v -2.948370 -1.063519 0.209918
v -2.994760 -1.036985 0.109249
v -3.015099 -1.074196 0.063497
v -3.055614 -0.655228 0.097769
v -3.069499 -0.745421 0.168515
v -3.091224 -0.924391 0.254677
v -3.086602 -1.041624 0.252369
v -3.062484 -1.024734 0.132424
v -3.047256 -1.068251 0.072701
v -2.982108 -1.271957 0.046913
v -3.102088 -0.661335 0.070478
v -3.156320 -0.756499 0.120362
v -3.221338 -0.928600 0.177353
v -3.215202 -1.045253 0.175059
v -3.130369 -1.023066 0.097003
v -3.077333 -1.067106 0.054170
v -3.115611 -0.663827 0.018037
v -3.181434 -0.757685 0.023901
v -3.260433 -0.928973 0.027098
v -3.253214 -1.043601 0.026055
v -3.150949 -1.020309 0.020836
v -3.085893 -1.063925 0.019510
v -3.088259 -0.661252 -0.028839
v -3.129886 -0.751720 -0.064717
v -3.185219 -0.929464 -0.108344
v -3.178338 -1.044174 -0.107777
v -3.111000 -1.024427 -0.046621
v -3.069105 -1.066137 -0.011118
v -3.036053 -0.655130 -0.042689
v -3.032012 -0.742918 -0.092976
v -3.037938 -0.930702 -0.149063
v -3.039272 -1.070789 -0.148093
v -3.040587 -1.041729 -0.063616
v -3.036941 -1.073599 -0.019791
v -2.989574 -0.649038 -0.015396
v -2.945553 -0.731580 -0.043454
v -2.903234 -0.908840 -0.070319
v -2.904661 -1.059331 -0.073881
v -2.979863 -1.044601 -0.025788
v -3.008055 -1.080231 -0.003089
v -2.976053 -0.646534 0.037049
v -2.920619 -0.727205 0.053185
v -2.865001 -0.903862 0.080231
v -2.867363 -1.065948 0.072219
v -2.961669 -1.043030 0.044021
v -2.999225 -1.083494 0.030343
v -3.014090 -1.273618 0.057307
v -3.040242 -1.284032 0.040655
v -3.046615 -1.289825 0.007450
v -3.028731 -1.291557 -0.023259
v -2.996727 -1.290021 -0.033666
v -2.968642 -1.287798 -0.018378
v -2.961432 -1.283405 0.013904
v -3.010614 -1.548305 0.064185
v -3.048516 -1.552059 0.074368
v -3.082097 -1.557048 0.054311
v -3.091640 -1.560327 0.015782
v -3.071541 -1.559944 -0.018632
v -3.033644 -1.556139 -0.028789
v -2.999725 -1.551352 -0.009370
v -2.989602 -1.548378 0.028225
v -2.996696 -1.764897 0.080094
v -3.024380 -1.768059 0.087384
v -3.049032 -1.771266 0.072840
v -3.056211 -1.772642 0.044981
v -3.041711 -1.771379 0.020127
v -3.014028 -1.768219 0.012837
v -2.989084 -1.765127 0.026931
v -2.981477 -1.763922 0.054128
v -2.973123 -1.410685 0.055037
v -2.952278 -1.416445 0.020553
v -2.960946 -1.420128 -0.014386
v -3.008065 -1.413392 0.065326
v -3.037931 -1.421094 0.046971
v -3.045889 -1.425630 0.011104
v -3.026898 -1.426305 -0.021457
v -2.991947 -1.423634 -0.031739
v -1.973592 -1.481285 -1.447052
v -2.312646 -1.078968 -2.040797
v -1.653336 -1.829945 -2.250811
v -1.784134 -1.767567 -2.382058
v -2.215198 -1.808474 -1.845981
v -2.392240 -1.823915 -2.226325
v -1.559425 -1.420289 -1.886506
v -1.718245 -1.283784 -2.054728
v -1.501121 -1.456419 -1.958342
v -1.657752 -1.373249 -2.120355
v -1.676436 -1.369671 -1.676699
v -1.887904 -0.987290 -1.891761
v -2.052383 -1.889948 -2.492414
v -2.227336 -1.695340 -1.696723
v -1.684122 -1.513926 -2.315877
v -2.485870 -1.404076 -1.978832
v -1.439944 -1.591295 -2.125274
v -1.874850 -1.597464 -1.962221
v -2.071086 -1.338836 -2.423613
v -1.950748 -0.993635 -2.066582
v -1.947371 -0.886222 -2.071731
v -1.940733 -0.987379 -1.929475
v -1.937356 -0.879965 -1.934623
v -1.878089 -0.956820 -2.030895
v -1.901583 -0.923086 -2.030718
v -1.874263 -0.954429 -1.978508
v -1.897756 -0.920695 -1.978332
v -2.012693 -1.029266 -1.893107
v -2.020727 -0.840450 -2.097661
v -2.006477 -0.831548 -1.902584
v -2.026943 -1.038168 -2.088184
v -1.847342 -0.911500 -1.982434
v -1.851169 -0.913891 -2.034821
v -1.883121 -0.888052 -2.033666
v -1.879293 -0.885661 -1.981279
v -1.839350 -0.854809 -1.979306
v -1.844090 -0.857770 -2.044197
v -1.889686 -0.880018 -2.039851
v -1.884946 -0.877057 -1.974961
v -1.848227 -0.820486 -1.971980
v -1.854162 -0.824195 -2.053237
v -1.911259 -0.852055 -2.047796
v -1.905324 -0.848346 -1.966538
v -1.833786 -0.744867 -1.951828
v -1.843298 -0.750811 -2.082038
v -1.934792 -0.795453 -2.073318
v -1.925281 -0.789511 -1.943107
v -1.959746 -0.668438 -1.999517
v -1.961514 -0.669542 -2.023710
v -1.978513 -0.677837 -2.022089
v -1.976746 -0.676733 -1.997897
v -1.973144 -0.841740 -2.043746
v -1.967208 -0.838032 -1.962488
v -1.948574 -0.787263 -2.072685
v -1.939062 -0.781321 -1.942474
v -2.025751 -0.732050 -2.018619
v -2.023628 -0.730724 -1.989554
v -2.005713 -0.724975 -2.029226
v -2.002311 -0.722849 -1.982650
v -1.966044 -0.769035 -1.962861
v -2.000821 -0.788957 -1.975875
v -2.004784 -0.791432 -2.030128
v -1.972395 -0.773003 -2.049798
v -1.890947 -0.996514 -2.068105
v -1.960342 -0.980324 -2.044754
v -1.886892 -0.993981 -2.012602
v -1.959046 -0.979514 -2.027013
v -1.927529 -1.038278 -2.063527
v -1.969194 -0.995715 -2.043405
v -1.923475 -1.035746 -2.008024
v -1.967898 -0.994905 -2.025664
v -1.889519 -1.045092 -2.021808
v -1.891872 -1.046562 -2.054024
v -1.921733 -1.046488 -2.019391
v -1.924087 -1.047957 -2.051607
v -1.936783 -1.121735 -2.024539
v -1.937732 -1.122328 -2.037535
v -1.946345 -1.112868 -2.024245
v -1.947295 -1.113461 -2.037241
v -1.909958 -1.084416 -2.023361
v -1.911609 -1.085448 -2.045967
v -1.931284 -1.077457 -2.044894
v -1.929633 -1.076426 -2.022289
v -1.872123 -0.961007 -2.025291
v -1.922979 -0.953993 -2.017051
v -1.870124 -0.959759 -1.997930
v -1.921683 -0.953183 -1.999309
v -1.890156 -0.981594 -2.023034
v -1.931832 -0.969385 -2.015702
v -1.888158 -0.980346 -1.995673
v -1.930536 -0.968575 -1.997960
v -1.848602 -1.008085 -1.999204
v -1.850324 -1.009162 -2.022779
v -1.872176 -1.009107 -1.997435
v -1.873898 -1.010182 -2.021010
v -1.879859 -1.082995 -1.998831
v -1.880808 -1.083588 -2.011827
v -1.889421 -1.074128 -1.998537
v -1.890370 -1.074721 -2.011533
v -1.853034 -1.045677 -1.997653
v -1.854685 -1.046709 -2.020258
v -1.874360 -1.038718 -2.019186
v -1.872708 -1.037686 -1.996580
v -1.931443 -0.984815 -2.019871
v -1.929444 -0.983566 -1.992511
v -1.956828 -0.995031 -2.017551
v -1.954829 -0.993782 -1.990190
v -1.931900 -1.036423 -1.991826
v -1.933622 -1.037499 -2.015401
v -1.953443 -1.026699 -1.990696
v -1.955165 -1.027776 -2.014271
v -1.993467 -1.089295 -1.990245
v -1.994417 -1.089889 -2.003240
v -1.998033 -1.077079 -1.990469
v -1.998982 -1.077672 -2.003464
v -1.952759 -1.067949 -1.989352
v -1.954410 -1.068981 -2.011957
v -1.968414 -1.052984 -2.011665
v -1.966763 -1.051952 -1.989059
v -2.026938 -0.838680 -2.053209
v -2.028385 -0.862598 -2.061787
v -2.052060 -0.815901 -2.085789
v -2.062507 -0.839037 -2.083971
v -2.053536 -0.862850 -2.083539
v -2.028315 -0.806993 -2.087930
v -2.030332 -0.817787 -2.110891
v -2.031778 -0.841704 -2.119470
v -2.031807 -0.864737 -2.108641
v -2.030402 -0.873391 -2.084748
v -2.005181 -0.817535 -2.089139
v -1.996210 -0.841349 -2.088708
v -2.006657 -0.864485 -2.086889
v -2.026909 -0.815649 -2.064038
v -2.244051 -0.985439 -2.027490
v -2.242759 -0.877968 -2.032361
v -2.217476 -0.979646 -1.892590
v -2.216184 -0.872173 -1.897461
v -2.078512 -1.036561 -1.895462
v -2.073836 -0.821373 -1.905495
v -2.102681 -1.044521 -2.075131
v -2.098005 -0.829333 -2.085164
v -2.302705 -0.944954 -1.974302
v -2.278170 -0.912563 -1.980526
v -2.292551 -0.942739 -1.922758
v -2.268016 -0.910349 -1.928983
v -2.140917 -1.025683 -1.876017
v -2.176349 -0.836102 -2.076919
v -2.138538 -0.827858 -1.884983
v -2.178728 -1.033927 -2.067954
v -2.317163 -0.898372 -1.919816
v -2.327317 -0.900585 -1.971359
v -2.294809 -0.876548 -1.978795
v -2.284655 -0.874334 -1.927252
v -2.320935 -0.841352 -1.915120
v -2.333513 -0.844094 -1.978966
v -2.289660 -0.868841 -1.986542
v -2.277082 -0.866099 -1.922696
v -2.308581 -0.807623 -1.910624
v -2.324331 -0.811057 -1.990573
v -2.269417 -0.842046 -2.000060
v -2.253667 -0.838612 -1.920110
v -2.313072 -0.731475 -1.887948
v -2.338310 -0.736978 -2.016062
v -2.250315 -0.786636 -2.031264
v -2.225077 -0.781134 -1.903150
v -2.199986 -0.661726 -1.967498
v -2.204675 -0.662748 -1.991301
v -2.188326 -0.671974 -1.994125
v -2.183637 -0.670952 -1.970322
v -2.208160 -0.835173 -2.012423
v -2.192410 -0.831738 -1.932473
v -2.236421 -0.779220 -2.034320
v -2.211182 -0.773717 -1.906206
v -2.144875 -0.728722 -2.002742
v -2.139241 -0.727493 -1.974145
v -2.166571 -0.720480 -2.007786
v -2.157543 -0.718512 -1.961961
v -2.189844 -0.762781 -1.933033
v -2.160832 -0.784485 -1.954549
v -2.171348 -0.786777 -2.007928
v -2.206695 -0.766456 -2.018570
v -2.302232 -0.985022 -2.013289
v -2.228364 -0.972834 -2.009032
v -2.291474 -0.982677 -1.958679
v -2.224925 -0.972084 -1.991576
v -2.268075 -1.028762 -2.018139
v -2.220325 -0.988697 -2.009934
v -2.257317 -1.026417 -1.963530
v -2.216887 -0.987947 -1.992479
v -2.294156 -1.033785 -1.967878
v -2.300400 -1.035147 -1.999575
v -2.262559 -1.036963 -1.973966
v -2.268803 -1.038324 -2.005663
v -2.253533 -1.112884 -1.982322
v -2.256052 -1.113433 -1.995109
v -2.243756 -1.104557 -1.984606
v -2.246275 -1.105106 -1.997393
v -2.277026 -1.074160 -1.974438
v -2.281407 -1.075115 -1.996680
v -2.261730 -1.068224 -2.000852
v -2.257348 -1.067268 -1.978610
v -2.307217 -0.948849 -1.967301
v -2.255671 -0.944696 -1.972709
v -2.301914 -0.947693 -1.940381
v -2.252233 -0.943947 -1.955254
v -2.290379 -0.970411 -1.969692
v -2.247632 -0.960560 -1.973611
v -2.285076 -0.969254 -1.942772
v -2.244194 -0.959810 -1.956156
v -2.325638 -0.994756 -1.935624
v -2.330207 -0.995752 -1.958820
v -2.302515 -0.997082 -1.940079
v -2.307084 -0.998077 -1.963275
v -2.299531 -1.071268 -1.942897
v -2.302050 -1.071817 -1.955683
v -2.289754 -1.062942 -1.945180
v -2.292273 -1.063491 -1.957967
v -2.323024 -1.032544 -1.935012
v -2.327405 -1.033499 -1.957254
v -2.307728 -1.026608 -1.961426
v -2.303346 -1.025653 -1.939184
v -2.249945 -0.975915 -1.977421
v -2.244642 -0.974758 -1.950501
v -2.225438 -0.987525 -1.981750
v -2.220135 -0.986369 -1.954830
v -2.244997 -1.027675 -1.950096
v -2.249566 -1.028670 -1.973292
v -2.223409 -1.019156 -1.954715
v -2.227979 -1.020152 -1.977910
v -2.188158 -1.083856 -1.964296
v -2.190677 -1.084405 -1.977083
v -2.183147 -1.071906 -1.965796
v -2.185666 -1.072455 -1.978583
v -2.225979 -1.060315 -1.952937
v -2.230361 -1.061271 -1.975178
v -2.215913 -1.046068 -1.978678
v -2.211531 -1.045113 -1.956436
v -2.158633 -0.835001 -2.035656
v -2.160797 -0.858898 -2.044139
v -2.141704 -0.813396 -2.073842
v -2.132430 -0.837083 -2.074651
v -2.142268 -0.860371 -2.071713
v -2.164656 -0.803185 -2.069759
v -2.169313 -0.813903 -2.092367
v -2.171476 -0.837801 -2.100850
v -2.169878 -0.860878 -2.090239
v -2.165454 -0.869617 -2.066748
v -2.187841 -0.812431 -2.064794
v -2.197680 -0.835718 -2.061856
v -2.188406 -0.859406 -2.062665
v -2.160232 -0.811923 -2.046268
v 1.989394 6.885024 -3.223160
v 1.990056 7.196507 -3.831578
v 2.007251 6.805387 -3.697269
v 2.055966 6.398512 -3.551136
v 2.147013 6.915562 -4.352489
v 2.130572 6.584650 -4.106546
v 2.140911 6.246466 -3.833050
v 2.414305 6.497804 -4.711579
v 2.340581 6.256419 -4.388682
v 2.285568 6.020376 -4.027390
v 2.751238 6.006831 -4.854183
v 2.605308 5.870665 -4.500725
v 2.467915 5.754664 -4.104566
v 3.106518 5.517391 -4.758589
v 2.884450 5.486115 -4.425617
v 2.660192 5.489781 -4.052830
v 3.426056 5.103997 -4.439350
v 3.135509 5.161313 -4.174792
v 2.833124 5.266054 -3.880059
v 3.661206 4.829584 -3.945067
v 3.320265 4.945707 -3.786438
v 2.960386 5.117542 -3.612556
v 3.776168 4.735928 -3.350992
v 3.410590 4.872122 -3.319675
v 3.022604 5.066856 -3.291044
v 3.753440 4.837287 -2.747566
v 3.392734 4.951760 -2.845567
v 3.010303 5.121712 -2.964473
v 2.395690 5.662533 -3.246590
v 3.596483 5.118232 -2.226656
v 3.269413 5.172497 -2.436290
v 2.925359 5.273758 -2.682558
v 3.329191 5.535990 -1.867566
v 3.059403 5.500727 -2.154154
v 2.780701 5.499847 -2.488219
v 2.992258 6.026961 -1.724962
v 2.794676 5.886481 -2.042111
v 2.598354 5.765558 -2.411043
v 2.636979 6.516401 -1.820556
v 2.515535 6.271031 -2.117219
v 2.406078 6.030441 -2.462778
v 2.317441 6.929795 -2.139795
v 2.264475 6.595833 -2.368044
v 2.233145 6.254169 -2.635549
v 2.082291 7.204208 -2.634077
v 2.079719 6.811440 -2.756398
v 2.105884 6.402681 -2.903053
v 1.967329 7.297865 -3.228152
v 2.043667 6.453367 -3.224564
v 2.002831 7.027203 -3.215282
v 2.163371 7.235091 -3.821792
v 2.021698 6.943056 -3.716247
v 2.302381 6.909710 -4.280776
v 2.152004 6.709816 -4.148709
v 2.569350 6.566478 -4.663897
v 2.373910 6.362991 -4.446826
v 2.875352 6.083652 -4.771201
v 2.653633 5.955386 -4.565212
v 3.231758 5.628282 -4.708881
v 2.948586 5.549053 -4.485853
v 3.506201 5.235958 -4.379263
v 3.213867 5.205852 -4.220821
v 3.762558 4.970094 -3.930394
v 3.409089 4.978034 -3.810466
v 3.872568 4.880472 -3.361899
v 3.504529 4.900283 -3.317265
v 3.783312 4.992634 -2.800404
v 3.485662 4.984429 -2.816300
v 2.482360 5.724064 -3.253661
v 3.700622 5.246312 -2.285979
v 3.355356 5.217669 -2.383839
v 3.421635 5.642006 -1.962922
v 3.133450 5.564493 -2.085721
v 3.122416 6.115910 -1.805892
v 2.853727 5.972098 -1.967335
v 2.782435 6.584274 -1.897367
v 2.558774 6.378431 -2.046695
v 2.461960 6.930705 -2.234401
v 2.293493 6.721633 -2.311727
v 2.251635 7.242462 -2.675854
v 2.098272 6.949450 -2.722081
v 2.138551 7.289343 -3.243837
v 3.782564 4.714817 -3.253872
v 3.994494 5.808567 -3.253872
v 3.823539 4.642797 -3.336732
v 4.056830 5.770895 -3.326707
v 3.864514 4.570776 -3.253872
v 4.119167 5.733225 -3.253872
v 3.823539 4.642797 -3.171011
v 4.056831 5.770895 -3.181036
v 3.165064 4.916619 -3.253872
v 3.125076 4.858361 -3.324533
v 3.085089 4.800102 -3.253872
v 3.125077 4.858360 -3.183210
v 2.331978 5.622005 -3.253872
v 2.298478 5.561127 -3.323358
v 2.264978 5.500250 -3.253872
v 2.298478 5.561127 -3.184386
v 3.862901 4.898722 -3.254403
v 3.891300 4.881987 -3.334658
v 3.983463 4.823171 -3.254403
v 3.923183 4.860947 -3.182253
v 2.084888 4.699791 -3.253661
v 2.060906 4.726863 -3.340977
v 2.003009 4.792220 -3.377141
v 1.945112 4.857577 -3.340977
v 1.921130 4.884649 -3.253662
v 1.945112 4.857577 -3.166347
v 2.003009 4.792220 -3.130182
v 2.060907 4.726863 -3.166347
v 2.530052 5.589395 -3.253662
v 2.504856 5.615339 -3.340977
v 2.444026 5.677976 -3.377142
v 2.383196 5.740612 -3.340977
v 2.357999 5.766558 -3.253662
v 2.383195 5.740612 -3.166347
v 2.444026 5.677976 -3.130182
v 2.504856 5.615339 -3.166347
v 1.621266 4.479336 -3.253662
v 1.610543 4.501627 -3.313383
v 1.584654 4.555445 -3.338119
v 1.558765 4.609262 -3.313383
v 1.548041 4.631554 -3.253662
v 1.558764 4.609262 -3.193940
v 1.584654 4.555445 -3.169204
v 1.610543 4.501627 -3.193940
v 4.309818 6.105253 -3.253872
v 4.372154 6.067581 -3.326707
v 4.434492 6.029910 -3.253872
v 4.372155 6.067581 -3.181036
v 4.133827 6.237202 -3.373630
v 4.752266 6.237202 -3.373630
v 4.133827 6.152555 -3.338568
v 4.752266 6.152555 -3.338568
v 4.133827 6.117495 -3.253922
v 4.752266 6.117495 -3.253922
v 4.133827 6.152555 -3.169276
v 4.752266 6.152555 -3.169276
v 4.133827 6.237202 -3.134214
v 4.752266 6.237202 -3.134214
v 4.133827 6.321848 -3.169276
v 4.752266 6.321848 -3.169276
v 4.133827 6.356909 -3.253922
v 4.752266 6.356909 -3.253922
v 4.133827 6.321848 -3.338568
v 4.752266 6.321848 -3.338568
v 4.133829 6.237202 -3.425505
v 4.133829 6.115874 -3.375250
v 4.133829 6.065619 -3.253922
v 4.133829 6.115874 -3.132595
v 4.133829 6.237202 -3.082340
v 4.133829 6.358529 -3.132595
v 4.133829 6.408785 -3.253922
v 4.133829 6.358529 -3.375250
v 4.053201 6.237202 -3.425505
v 4.053201 6.115874 -3.375250
v 4.053201 6.065619 -3.253922
v 4.053201 6.115874 -3.132595
v 4.053201 6.237202 -3.082340
v 4.053201 6.358529 -3.132595
v 4.053201 6.408785 -3.253922
v 4.053201 6.358529 -3.375250
v 4.752264 6.237202 -3.253922
v 4.265667 6.008748 -3.373629
v 4.746724 6.008748 -3.373629
v 4.265667 5.924102 -3.338568
v 4.746724 5.924102 -3.338568
v 4.265667 5.889040 -3.253922
v 4.746724 5.889040 -3.253922
v 4.265667 5.924102 -3.169276
v 4.746724 5.924102 -3.169276
v 4.265667 6.008748 -3.134214
v 4.746724 6.008748 -3.134214
v 4.265666 6.093394 -3.169276
v 4.746724 6.093394 -3.169276
v 4.265666 6.128456 -3.253922
v 4.746724 6.128456 -3.253922
v 4.265666 6.093394 -3.338568
v 4.746724 6.093394 -3.338568
v 4.265667 6.008745 -3.253922
v 4.746724 6.008748 -3.253922
v 4.222131 6.119699 -3.407105
v 4.725194 6.119699 -3.407105
v 4.222131 5.905411 -3.362239
v 4.725194 5.905411 -3.362239
v 4.222131 5.816650 -3.253922
v 4.725194 5.816650 -3.253922
v 4.222131 5.905411 -3.145605
v 4.725194 5.905411 -3.145605
v 4.222131 6.119699 -3.100738
v 4.725194 6.119699 -3.100738
v 4.222131 6.333986 -3.145605
v 4.725194 6.333986 -3.145605
v 4.222131 6.422747 -3.253922
v 4.725194 6.422747 -3.253922
v 4.222131 6.333986 -3.362239
v 4.725194 6.333986 -3.362239
v 4.238530 6.119699 -3.397118
v 4.708794 6.119699 -3.397118
v 4.238530 5.919382 -3.355176
v 4.708794 5.919382 -3.355176
v 4.238530 5.836409 -3.253922
v 4.708794 5.836409 -3.253922
v 4.238530 5.919382 -3.152667
v 4.708794 5.919382 -3.152667
v 4.238530 6.119699 -3.110726
v 4.708794 6.119699 -3.110726
v 4.238530 6.320015 -3.152667
v 4.708794 6.320015 -3.152667
v 4.238530 6.402988 -3.253922
v 4.708794 6.402988 -3.253922
v 4.238530 6.320015 -3.355176
v 4.708794 6.320015 -3.355176
v 4.386117 5.446309 -3.255766
v 4.394869 5.435976 -3.285276
v 4.434502 5.390993 -3.283031
v 4.433411 5.393024 -3.223081
v 4.393779 5.438009 -3.225326
v 4.611129 5.933692 -3.254178
v 4.624506 5.933342 -3.286486
v 4.689100 5.931652 -3.286486
v 4.689100 5.931652 -3.221870
v 4.624507 5.933342 -3.221870
v 4.548642 5.553074 -3.224821
v 4.548642 5.553074 -3.283536
v 4.604500 5.538885 -3.224821
v 4.537074 5.556013 -3.254178
v 4.604500 5.538885 -3.283536
v 4.065427 5.428097 -3.259511
v 4.057730 5.420546 -3.289835
v 4.027148 5.381903 -3.294872
v 4.020566 5.384085 -3.229186
v 4.057730 5.420546 -3.229186
v 4.183640 5.513670 -3.254178
v 4.229628 5.485879 -3.307911
v 4.275615 5.458088 -3.254178
v 4.229628 5.485879 -3.200445
v 4.455781 5.930387 -3.254178
v 4.500473 5.920898 -3.299868
v 4.545168 5.911411 -3.254178
v 4.500474 5.920898 -3.208488
v 4.402725 5.609056 -3.201974
v 4.402725 5.609056 -3.306382
v 4.451160 5.592332 -3.254178
v 4.354289 5.625780 -3.254178
v 3.983991 5.418253 -3.253963
v 4.012173 5.391588 -3.310635
v 4.033062 5.346785 -3.253963
v 4.008526 5.382519 -3.199365
v 4.620670 5.770721 -3.285477
v 4.620670 5.770721 -3.222880
v 4.682275 5.764755 -3.222880
v 4.607912 5.771957 -3.254178
v 4.682275 5.764755 -3.285477
v 4.491694 5.776456 -3.206129
v 4.537742 5.764347 -3.254178
v 4.491693 5.776456 -3.302227
v 4.445645 5.788565 -3.254178
v 4.053201 6.237202 -3.425505
v 4.053201 6.115874 -3.375250
v 4.053201 6.065619 -3.253922
v 4.053201 6.115874 -3.132595
v 4.053201 6.237202 -3.082340
v 4.053201 6.358529 -3.132595
v 4.053201 6.408785 -3.253922
v 4.053201 6.358529 -3.375250
v 4.053200 6.237202 -3.253922
v -2.330400 -0.489264 -0.246990
v -2.712059 -0.537741 -0.259350
v -2.330400 -0.455469 -0.340201
v -2.330400 -0.504223 -0.148978
v -2.712059 -0.554180 -0.151643
v -2.330400 -0.499775 -0.049931
v -2.712059 -0.549292 -0.042798
v -2.330400 -0.476089 0.046346
v -2.712059 -0.523263 0.063001
v -2.330400 -0.434075 0.136151
v -2.712059 -0.477095 0.161690
v -2.330400 -0.375350 0.216035
v -2.712059 -0.412559 0.249475
v -2.330400 -0.302167 0.282927
v -2.712059 -0.332138 0.322984
v -2.330400 -0.217340 0.334256
v -2.712059 -0.238921 0.379390
v -2.330400 -0.124130 0.368050
v -2.712059 -0.136491 0.416527
v -2.330400 -0.026118 0.383011
v -2.712059 -0.028784 0.432967
v -2.330400 0.072929 0.378562
v -2.712059 0.080061 0.428079
v -2.330400 0.169206 0.354876
v -2.712059 0.185860 0.402050
v -2.330400 0.259011 0.312863
v -2.712059 0.284549 0.355881
v -2.330400 0.338895 0.254137
v -2.712059 0.372334 0.291346
v -2.330400 0.405787 0.180954
v -2.712059 0.445843 0.210925
v -2.330400 0.457116 0.096128
v -2.712059 0.502249 0.117708
v -2.330400 0.490910 0.002918
v -2.712059 0.539386 0.015278
v -2.330400 0.505870 -0.095094
v -2.712059 0.555826 -0.092429
v -2.330400 0.501422 -0.194142
v -2.712059 0.550938 -0.201274
v -2.330400 0.477736 -0.290418
v -2.712059 0.524909 -0.307073
v -2.330400 0.435723 -0.380224
v -2.712059 0.478740 -0.405762
v -2.330400 0.376997 -0.460108
v -2.712059 0.414205 -0.493547
v -2.330400 0.303814 -0.526999
v -2.712059 0.333784 -0.567056
v -2.330400 0.218987 -0.578329
v -2.712059 0.240567 -0.623462
v -2.330400 0.125778 -0.612123
v -2.712059 0.138137 -0.660599
v -2.330400 0.027765 -0.627083
v -2.712059 0.030430 -0.677040
v -2.330400 -0.095351 -0.616714
v -2.712059 -0.104865 -0.665644
v -2.330400 -0.167559 -0.598949
v -2.712059 -0.184215 -0.646122
v -2.776560 -0.117520 -0.730737
v -2.776560 -0.206372 -0.708878
v -2.712059 -0.160327 -0.950916
v -2.712059 0.045966 -0.968291
v -2.612215 -0.171444 -1.008095
v -2.712059 -0.281318 -0.921150
v -2.612215 -0.300781 -0.976275
v -2.285415 -0.160327 -0.950916
v -2.285415 -0.281318 -0.921150
v -2.285415 0.045966 -0.968291
v -2.285415 0.210195 -0.943224
v -2.612215 0.049080 -1.026669
v -2.612216 0.224638 -0.999872
v -2.712059 0.210195 -0.943224
v -2.612216 0.391594 -0.939341
v -2.285415 0.366377 -0.886598
v -2.712059 0.366377 -0.886598
v -2.612216 0.543534 -0.847400
v -2.285415 0.508512 -0.800591
v -2.712059 0.508512 -0.800591
v -2.612216 0.674617 -0.727585
v -2.285415 0.631136 -0.688508
v -2.712059 0.631136 -0.688508
v -2.612216 0.779807 -0.584498
v -2.285415 0.729538 -0.554655
v -2.712059 0.729538 -0.554655
v -2.612216 0.855061 -0.423640
v -2.285416 0.799935 -0.404177
v -2.712059 0.799935 -0.404177
v -2.612216 0.897487 -0.251191
v -2.712059 0.839623 -0.242857
v -2.285415 0.839623 -0.242857
v -2.612216 0.905455 -0.073779
v -2.285416 0.847077 -0.076893
v -2.712059 0.847077 -0.076893
v -2.612216 0.878658 0.101779
v -2.285416 0.822009 0.087335
v -2.712059 0.822009 0.087335
v -2.612216 0.818126 0.268736
v -2.285415 0.765384 0.243518
v -2.712059 0.765384 0.243518
v -2.612216 0.726186 0.420675
v -2.285416 0.679377 0.385653
v -2.712059 0.679377 0.385652
v -2.612216 0.606370 0.551759
v -2.285415 0.567293 0.508277
v -2.712059 0.567293 0.508277
v -2.612216 0.463284 0.656948
v -2.285415 0.433441 0.606678
v -2.712059 0.433440 0.606678
v -2.612216 0.302425 0.732202
v -2.285415 0.282963 0.677076
v -2.712059 0.282962 0.677076
v -2.612215 0.129976 0.774628
v -2.285415 0.121642 0.716764
v -2.712059 0.121642 0.716764
v -2.612215 -0.047436 0.782596
v -2.285415 -0.044321 0.724217
v -2.712059 -0.044322 0.724217
v -2.646007 -0.110724 0.666027
v -2.646007 -0.145599 0.660704
v -2.684377 -0.137679 0.639580
v -2.319207 -0.108553 0.607509
v -2.319207 -0.125496 0.604923
v -2.285415 -0.208549 0.699150
v -2.285415 -0.364732 0.642524
v -2.612215 -0.273171 0.755799
v -2.712059 -0.258728 0.699150
v -2.612215 -0.389950 0.695267
v -2.712059 -0.364732 0.642524
v -2.612215 -0.541889 0.603327
v -2.285415 -0.506866 0.556517
v -2.712059 -0.506866 0.556517
v -2.612215 -0.672973 0.483511
v -2.285415 -0.629491 0.444434
v -2.712059 -0.629491 0.444434
v -2.612215 -0.778163 0.340425
v -2.712059 -0.727893 0.310581
v -2.285415 -0.727893 0.310581
v -2.612215 -0.853416 0.179567
v -2.285415 -0.798290 0.160103
v -2.712059 -0.798290 0.160103
v -2.612215 -0.895843 0.007118
v -2.285415 -0.837978 -0.001217
v -2.712059 -0.837978 -0.001217
v -2.612215 -0.903810 -0.170295
v -2.285415 -0.845431 -0.167181
v -2.712059 -0.845431 -0.167181
v -2.612215 -0.877013 -0.345852
v -2.285415 -0.820364 -0.331409
v -2.712059 -0.820364 -0.331409
v -2.612215 -0.816482 -0.512809
v -2.712059 -0.763739 -0.487592
v -2.285415 -0.763739 -0.487592
v -2.612215 -0.724542 -0.664748
v -2.285415 -0.677732 -0.629726
v -2.712059 -0.677732 -0.629726
v -2.612215 -0.604726 -0.795832
v -2.285415 -0.565648 -0.752351
v -2.712059 -0.565649 -0.752351
v -2.612215 -0.461639 -0.901022
v -2.285415 -0.431796 -0.850752
v -2.712059 -0.431796 -0.850752
v -2.776560 -0.316877 -0.657180
v -2.712059 -0.282903 -0.599953
v -2.776560 -0.285552 -0.671835
v -2.776560 -0.415174 -0.584918
v -2.712059 -0.370689 -0.535418
v -2.776560 -0.497484 -0.494866
v -2.712059 -0.444197 -0.454997
v -2.776560 -0.532968 -0.446707
v -2.776560 -0.560645 -0.390488
v -2.712059 -0.725211 -0.551263
v -2.680261 -0.574031 -0.443228
v -2.649235 -0.664282 -0.502232
v -2.680261 -0.585123 -0.424897
v -2.712059 -0.500604 -0.361780
v -2.776560 -0.602229 -0.275793
v -2.776560 -0.620637 -0.155189
v -2.776560 -0.615164 -0.033311
v -2.776560 -0.586019 0.085157
v -2.776560 -0.534321 0.195663
v -2.724467 -0.690654 0.288473
v -2.776560 -0.462058 0.293960
v -2.776560 -0.372007 0.376270
v -2.776560 -0.267628 0.439431
v -2.748878 -0.152933 0.481014
v -2.748878 -0.046537 0.500063
v -2.776560 0.089549 0.493950
v -2.776560 0.208016 0.464804
v -2.718713 0.260956 0.440037
v -2.702353 0.298532 0.422459
v -2.618895 0.335144 0.652664
v -2.776560 0.318522 0.413107
v -2.776560 0.416819 0.340844
v -2.776560 0.499130 0.250793
v -2.776560 0.562290 0.146414
v -2.776560 0.603874 0.031719
v -2.776560 0.622283 -0.088885
v -2.776560 0.616809 -0.210763
v -2.776560 0.587664 -0.329231
v -2.776560 0.535966 -0.439737
v -2.776560 0.463703 -0.538033
v -2.776560 0.373652 -0.620344
v -2.776560 0.269274 -0.683505
v -2.776560 0.140926 -0.727387
v -2.776560 0.025729 -0.746782
v -2.712059 0.119696 -0.948318
v -2.651863 0.081508 -0.776787
v -2.650453 0.072301 -0.778074
v -2.621979 0.081749 -0.881745
v -2.330400 -0.404140 -0.425027
v -2.330400 -0.337248 -0.498209
v -2.330400 -0.257364 -0.556936
v -2.776560 -0.232495 -0.697315
v -2.710221 -0.316307 -0.799204
v -2.745691 -0.288504 -0.693935
v -2.696327 -0.302007 -0.760454
v -2.745691 -0.267671 -0.703681
v -2.264853 -0.361382 -0.791919
v -2.591653 -0.374609 -0.849962
v -2.082851 0.692488 -0.103523
v -2.277493 0.156784 -0.951274
v -2.776013 0.688303 -0.085943
v -2.747622 0.369648 -0.615949
v -2.776014 0.133676 -0.993784
v -2.768673 0.435600 -0.626779
v -2.774699 0.384035 -0.619795
v -2.778126 0.394871 -0.602268
v -2.793159 0.408420 -0.599436
v -2.824518 0.436131 -0.610142
v -2.803613 0.702321 -0.132980
v -2.815757 0.497581 -0.439039
v -2.822707 0.458447 -0.517402
v -2.811550 0.624798 -0.554256
v -2.781182 0.517415 -0.506845
v -2.780069 0.523679 -0.494300
v -2.779396 0.539727 -0.509546
v -2.809522 0.529761 -0.707787
v -2.812417 0.900088 -0.109786
v -2.776013 0.918864 -0.070049
v -2.776014 0.249578 -1.133653
v -2.309161 0.272686 -1.087511
v -2.812418 0.258808 -1.091016
v -2.812418 0.170662 -0.970652
v -2.824518 0.426723 -0.638266
v -2.804887 0.388070 -0.624973
v -2.070783 0.687852 -0.150036
v -2.189265 0.086221 0.691451
v -2.776014 0.688582 -0.112692
v -2.747622 0.329597 0.405184
v -2.760160 0.210635 0.561863
v -2.768674 0.394290 0.421972
v -2.778127 0.355961 0.393856
v -2.824519 0.384404 0.432603
v -2.818316 0.238191 0.590324
v -2.809522 0.480687 0.511214
v -2.811938 0.273951 0.627249
v -2.816666 0.199295 0.632281
v -2.772613 0.250848 0.620570
v -2.812418 0.175979 0.868191
v -2.812418 0.099154 0.740304
v -2.776014 0.162906 0.909811
v -2.209980 0.188912 0.839850
v -2.776014 0.060215 0.759974
v -2.776014 0.919246 -0.076799
v -2.812418 0.898637 -0.053229
v -2.811550 0.610485 0.329245
v -2.815757 0.491062 0.217514
v -2.822708 0.427953 0.327825
v -2.779396 0.522927 0.289628
v -2.780070 0.512022 0.274922
v -2.781182 0.486195 0.313810
v -2.824519 0.396333 0.405452
v -2.793159 0.369711 0.392268
v -2.803614 0.699534 -0.056037
v -2.766035 0.154895 0.635275
v -2.889379 0.159958 0.878608
v -2.286544 0.112357 1.095338
v -2.800847 0.276700 1.079900
v -2.150666 0.330574 1.055317
v -2.782281 0.122727 1.009193
v -2.144554 0.147481 0.998103
v -2.917810 0.321150 0.925157
v -2.310797 0.268491 1.158520
v -2.913186 0.182631 0.881872
v -2.306173 0.129972 1.115235
v -2.788393 0.305820 1.066406
v -2.796223 0.138181 1.036614
v -2.895491 0.343050 0.935821
v -2.292656 0.295449 1.152552
v -2.872195 0.219234 -1.077368
v -2.263365 0.204641 -1.281725
v -2.778262 0.365713 -1.255429
v -2.129158 0.413657 -1.204369
v -2.761363 0.202564 -1.209076
v -2.124261 0.223874 -1.176228
v -2.899655 0.385773 -1.099023
v -2.286168 0.368765 -1.320473
v -2.895950 0.242191 -1.077732
v -2.282463 0.225184 -1.299182
v -2.766260 0.392347 -1.237217
v -2.774558 0.222132 -1.234138
v -2.877092 0.409018 -1.105509
v -2.268262 0.394424 -1.309866
v -3.009809 1.107324 -0.025574
v -1.998657 1.100415 -0.029063
v -1.926352 0.877532 -0.041991
v -3.012329 0.876206 -0.043782
v -3.120546 0.903374 -0.038458
v -3.037495 1.080873 -0.031502
v -3.007238 1.103820 -0.111536
v -1.994549 1.095198 -0.114210
v -1.923506 0.880784 -0.127200
v -3.009983 0.880482 -0.129954
v -3.118219 0.907938 -0.124529
v -3.035017 1.077162 -0.117508
v -2.622715 0.064404 -0.890655
v -2.622715 0.827809 -0.127250
v -2.622715 0.064404 0.636155
v -2.622715 -0.699000 -0.127250
v -2.706016 1.075027 -0.771804
v -2.635439 1.005079 -0.930802
v -2.401862 1.007222 -0.901263
v -2.337103 1.076162 -0.697961
v -2.401917 1.097582 -0.557339
v -2.543992 1.161197 -0.787546
v -2.550108 1.130332 -0.516491
v -2.667536 1.124493 -0.595853
v -2.834269 0.949155 -0.731431
v -2.714731 0.815680 -0.966508
v -2.195203 0.761940 -0.907530
v -2.557117 1.042995 -0.347658
v -2.772578 1.036039 -0.471342
v -2.833020 0.929067 -0.720517
v -2.715477 0.790691 -0.937712
v -2.148618 0.738667 -0.922423
v -2.564040 1.016148 -0.368377
v -2.771513 1.012545 -0.481146
v -2.639627 0.903182 -0.694027
v -2.611762 0.867648 -0.745615
v -2.490356 0.782860 -0.719296
v -2.474208 0.799802 -0.660787
v -2.521908 0.836160 -0.610032
v -2.579093 0.900469 -0.603271
v -2.625653 0.921099 -0.636135
v -2.404957 0.887465 -0.541798
v -2.574215 0.920529 -0.507527
v -2.239557 0.762912 -0.795868
v -2.682938 0.931996 -0.571872
v -2.278119 0.823213 -0.667718
v -2.716404 0.892319 -0.701397
v -2.652120 0.811639 -0.817305
v -2.576406 0.815013 -0.667125
v -2.562401 1.144320 -0.824715
v -2.601864 1.077330 -0.893827
v -2.572366 0.985737 -0.970610
v -2.518516 1.140903 -0.819057
v -2.455519 1.078048 -0.873518
v -2.447461 0.987339 -0.954168
v -2.513141 1.153502 -0.781836
v -2.432653 1.118195 -0.755521
v -2.524879 1.164866 -0.745948
v -2.473245 1.142575 -0.645999
v -2.391869 1.108629 -0.645090
v -2.547437 1.170674 -0.733166
v -2.549132 1.158319 -0.608113
v -2.568783 1.168764 -0.751382
v -2.622360 1.153715 -0.662568
v -2.575422 1.158473 -0.789655
v -2.647345 1.121554 -0.783885
v -2.599102 0.769443 -1.027063
v -2.348714 0.756864 -1.003901
v -2.186966 0.824890 -0.811785
v -2.442050 1.026586 -0.360135
v -2.776695 1.006283 -0.750608
v -2.252550 1.004371 -0.703886
v -2.678642 0.902461 -0.955191
v -2.369736 1.050302 -0.465409
v -2.553217 1.083061 -0.418540
v -2.327840 0.894135 -0.917168
v -2.725007 1.076443 -0.524021
v -2.600809 0.736088 -0.993631
v -2.308338 0.714173 -0.975214
v -2.453395 0.999960 -0.380118
v -2.586324 0.847950 -0.757999
v -2.520397 0.799454 -0.743141
v -2.473538 0.785907 -0.690933
v -2.493200 0.814746 -0.631806
v -2.551174 0.868915 -0.600769
v -2.391818 0.938071 -0.474563
v -2.389601 0.809529 -0.663632
v -2.347457 0.851635 -0.606210
v -2.255453 0.791325 -0.729657
v -2.400522 0.747936 -0.832768
v -2.590629 0.774873 -0.846476
v -2.509895 0.904583 -0.513610
v -2.166731 0.738098 -0.943341
v -2.788247 1.024360 -0.459073
v -2.853916 0.932292 -0.724109
v -2.727081 0.786330 -0.964304
v -2.560380 1.030920 -0.333356
v -2.599303 0.854214 -0.677904
v -2.594564 0.862125 -0.657598
v -2.578234 0.853595 -0.645609
v -2.559026 0.816078 -0.644702
v -2.548530 0.797106 -0.661438
v -2.554091 0.797101 -0.683593
v -2.589624 0.843126 -0.696533
v -2.551977 1.134364 -0.842089
v -2.562370 1.065155 -0.921700
v -2.484081 1.065928 -0.910387
v -2.524077 1.132293 -0.838440
v -2.283975 0.943130 -0.818533
v -2.512237 1.158671 -0.757453
v -2.448506 1.133818 -0.696920
v -2.400126 0.866854 -0.986665
v -2.586758 0.869947 -1.007161
v -2.461023 1.069550 -0.429737
v -2.314664 0.713874 -1.005878
v -2.603183 0.732062 -1.026371
v -2.381975 0.787639 -0.707275
v -2.481405 0.955283 -0.443917
v -2.438908 1.013619 -0.346157
v -2.547904 0.803632 -0.649296
v -2.559325 0.811874 -0.698553
v -2.566784 0.840560 -0.639763
v -2.544807 0.791724 -0.673701
v -2.581471 0.842641 -0.707103
v -1.365753 -1.562978 2.413025
v -1.283572 -1.536130 2.412277
v -1.256311 -1.599127 2.464844
v -1.349521 -0.577084 2.773983
v -1.364609 -0.769364 2.727079
v -1.375806 -0.976645 2.630728
v -1.375513 -1.192866 2.549974
v -1.285289 -1.165892 2.540478
v -1.297278 -0.966036 2.615949
v -1.316779 -0.769435 2.702790
v -1.249141 -1.181110 2.626705
v -1.269232 -0.963560 2.699196
v -1.303580 -0.757210 2.755514
v -1.383097 -1.595163 2.488321
v -1.350605 -1.548768 2.445976
v -1.288709 -1.553894 2.479799
v -1.546105 -0.805069 2.336340
v -1.511118 -0.935724 2.467282
v -1.475806 -1.091068 2.548347
v -1.418844 -1.255499 2.572502
v -1.370686 -1.228206 2.511184
v -1.426364 -1.076844 2.489547
v -1.479675 -0.935840 2.432017
v -1.307776 -1.189685 2.543784
v -1.371324 -1.029326 2.521419
v -1.449347 -0.900074 2.451797
v -1.270485 -1.567465 2.438315
v -1.339726 -1.569922 2.424134
v -1.338156 -1.512767 2.382515
v -1.529564 -0.961395 2.997176
v -1.453260 -1.034903 2.871740
v -1.383703 -1.143258 2.738402
v -1.289039 -1.240305 2.606808
v -1.357498 -1.268063 2.575992
v -1.437859 -1.173088 2.702181
v -1.479846 -1.056247 2.845166
v -1.368377 -1.220811 2.513857
v -1.445146 -1.118310 2.652839
v -1.482274 -1.014839 2.823113
v -1.338505 -1.614909 2.473228
v -1.387716 -1.590904 2.428467
v -1.350452 -1.533493 2.410668
v -1.958439 -1.207338 2.746195
v -1.742334 -1.201760 2.747687
v -1.558826 -1.238717 2.712813
v -1.407777 -1.312356 2.637215
v -1.447966 -1.317833 2.567490
v -1.588260 -1.250915 2.641232
v -1.755040 -1.214025 2.701476
v -1.422243 -1.252070 2.524070
v -1.565862 -1.182831 2.607269
v -1.747114 -1.169299 2.686453
v -1.291900 -1.520038 2.409114
v -1.339726 -1.569922 2.424134
v -1.393476 -1.533772 2.395752
v -1.547381 -1.220620 3.122473
v -1.441946 -1.166209 2.942763
v -1.337636 -1.154173 2.764867
v -1.283124 -1.225704 2.587960
v -1.336579 -1.284226 2.609110
v -1.394943 -1.210189 2.773298
v -1.474559 -1.202710 2.940104
v -1.407228 -1.264374 2.578002
v -1.471787 -1.199245 2.749958
v -1.525553 -1.196508 2.932307
v -1.309445 -1.536528 2.417847
v -1.303504 -1.604350 2.457785
v -1.381553 -1.612395 2.466372
v -0.991828 -0.939566 3.140672
v -1.109896 -0.969054 2.949773
v -1.189033 -1.052849 2.758979
v -1.243852 -1.189021 2.588989
v -1.242010 -1.254308 2.652048
v -1.191544 -1.124698 2.807578
v -1.109303 -1.019101 2.970742
v -1.326089 -1.270213 2.682163
v -1.264720 -1.129206 2.846571
v -1.152581 -1.013429 3.000650
v -1.367031 -1.531058 2.403571
v -1.302209 -1.553518 2.420747
v -1.325907 -1.602839 2.465549
v -1.169737 -0.638223 2.628264
v -1.211500 -0.808473 2.604541
v -1.244720 -1.002106 2.555598
v -1.310263 -1.187777 2.500483
v -1.246970 -1.206108 2.531782
v -1.193572 -1.031026 2.579509
v -1.180165 -0.835752 2.614099
v -1.261317 -1.230318 2.608687
v -1.204730 -1.041715 2.656310
v -1.187270 -0.832129 2.662532
v 1.696954 5.275818 -3.023434
v 1.539892 5.185406 -2.847473
v 1.986696 5.106250 -2.712228
v 1.364607 5.590582 -3.018640
v 1.701111 5.283709 -3.019002
v 1.987443 5.116100 -2.711375
v 1.372656 5.594917 -3.014387
v 1.194452 5.867485 -2.700099
v 1.271001 5.941669 -2.260186
v 1.184340 5.866156 -2.700652
v 1.147555 5.637231 -2.600426
v 1.261751 5.941114 -2.255745
v 1.206802 5.694601 -2.259909
v 1.551493 5.771545 -1.944539
v 1.428562 5.564819 -2.021722
v 1.883840 5.456782 -1.949334
v 1.557490 5.773953 -1.952472
v 1.885988 5.462658 -1.957273
v 2.064034 5.190197 -2.271647
v 2.064107 5.181207 -2.267321
v 1.820899 5.112994 -2.268769
v 1.572890 5.133984 -2.311851
v 1.761652 5.055624 -2.609286
v 1.682929 5.323910 -2.025392
v 1.498221 5.248131 -2.180136
v 1.360559 5.378510 -2.178150
v 1.357836 5.240982 -2.390008
v 1.540825 5.102936 -2.496137
v 1.420810 5.173173 -2.625043
v 1.283148 5.303552 -2.623057
v 1.208479 5.417699 -2.491342
v 1.240543 5.448748 -2.307056
v 1.285525 5.426315 -2.843803
v 1.577884 5.143188 -2.315627
v 1.546216 5.112536 -2.497573
v 1.365644 5.248886 -2.392833
v 1.427730 5.181881 -2.624848
v 1.291817 5.310615 -2.622908
v 1.218088 5.423339 -2.492866
v 1.249750 5.454007 -2.310889
v 1.368262 5.384643 -2.183599
v 1.504181 5.255894 -2.185572
v 1.438485 5.899344 -1.612666
v 1.657099 5.653891 -1.586279
v 1.229095 6.044245 -1.809384
v 1.428718 5.825743 -1.603048
v 1.647708 5.580742 -1.576068
v 1.217335 5.971394 -1.801843
v 1.036615 5.993451 -2.217133
v 1.380239 5.456806 -1.852490
v 1.487766 4.953768 -1.952082
v 1.165129 5.474277 -2.226314
v 1.421354 5.117697 -2.380306
v 0.994095 5.558621 -2.647267
v 1.246808 5.209431 -2.801908
v 0.837207 6.068521 -2.585503
v 0.912772 5.810920 -3.145647
v 1.188872 5.445444 -3.198710
v 0.800920 5.986116 -2.897065
v 0.925636 5.886289 -3.144705
v 1.200486 5.522328 -3.195871
v 0.814431 6.060155 -2.897839
v 1.056134 5.741106 -2.703653
v 1.307174 5.394501 -2.856314
v 0.850674 6.141760 -2.588702
v 1.227005 5.655819 -2.285405
v 1.481018 5.303386 -2.436762
v 1.049528 6.065804 -2.222844
v 1.440805 5.637381 -1.915033
v 1.545313 5.139938 -2.012510
v 1.696980 5.148802 -1.757560
v 1.924392 4.915370 -2.197034
v 2.180620 5.038331 -1.919007
v 1.720865 4.925529 -2.573283
v 2.210720 4.857659 -2.459688
v 2.291369 4.868830 -2.161454
v 2.164816 4.797505 -2.907388
v 2.208406 4.775014 -2.457133
v 2.289185 4.786650 -2.156967
v 2.161266 4.714913 -2.908266
v 1.921329 4.833043 -2.193653
v 2.179454 4.956498 -1.913263
v 1.714877 4.843753 -2.573180
v 1.536840 4.934720 -2.987627
v 1.444645 5.198593 -3.480579
v 1.837775 4.926757 -3.157009
v 1.679395 4.975500 -3.449570
v 1.843079 5.008489 -3.154021
v 1.685726 5.056751 -3.446476
v 1.544977 5.015160 -2.985714
v 1.453982 5.277834 -3.477394
v 1.691608 5.071080 -1.747604
v 1.704577 5.146787 -3.294314
v 1.554322 5.015041 -3.237839
v 1.728894 4.966789 -3.305530
v 1.563695 5.109740 -3.409684
v 1.802827 5.202478 -3.375506
v 1.843477 4.967579 -3.395742
v 1.868066 5.194332 -3.500665
v 1.619175 5.156544 -3.529008
v 1.727183 5.157285 -3.616035
v 1.656381 4.917990 -3.548030
v 1.754631 4.973682 -3.629221
v 1.588012 4.929742 -3.420899
v 1.892383 5.014335 -3.511880
v 1.898313 5.105379 -3.682512
v 0.831077 6.039577 -2.539895
v 0.859158 5.974662 -2.661607
v 0.933889 6.072929 -2.607482
v 0.767065 6.076585 -2.650456
v 0.815906 6.122102 -2.475580
v 0.952069 6.164436 -2.568151
v 0.813648 6.222235 -2.468664
v 0.733490 6.167817 -2.624046
v 0.751669 6.259325 -2.584715
v 0.867619 6.210070 -2.711127
v 0.855136 6.286860 -2.652148
v 0.869878 6.109937 -2.718043
v 0.919147 6.249853 -2.541587
v 0.825022 6.351692 -2.524945
v 2.222623 4.875556 -2.286507
v 2.133797 4.802865 -2.289557
v 2.204096 4.813269 -2.209687
v 2.229503 4.787177 -2.338453
v 2.295475 4.898372 -2.277199
v 2.276265 4.817857 -2.174013
v 2.368278 4.875157 -2.260729
v 2.306236 4.783067 -2.346112
v 2.375157 4.786779 -2.312675
v 2.284919 4.700631 -2.242762
v 2.357771 4.723447 -2.233454
v 2.210976 4.724890 -2.261633
v 2.349751 4.812871 -2.183909
v 2.443350 4.795261 -2.232641
v 2.099511 4.891964 -2.950411
v 1.986194 4.835774 -2.855948
v 2.127264 4.855748 -2.819812
v 2.059497 4.756780 -2.959322
v 2.193284 4.895370 -2.999151
v 2.237492 4.848374 -2.829104
v 2.287057 4.844822 -3.013376
v 2.142312 4.717789 -3.013121
v 2.247043 4.709638 -3.022287
v 2.183984 4.669318 -2.840464
v 2.277757 4.672724 -2.889204
v 2.087250 4.720563 -2.828722
v 2.314810 4.808606 -2.882777
v 2.385576 4.728137 -2.983541
v 1.428152 5.916624 -1.712259
v 1.377148 5.816946 -1.717092
v 1.355196 5.897863 -1.653142
v 1.468217 5.838521 -1.666194
v 1.463498 5.977636 -1.681250
v 1.367291 5.957286 -1.599321
v 1.490270 6.009271 -1.614484
v 1.518353 5.875013 -1.619753
v 1.530407 5.930965 -1.568170
v 1.420712 5.852168 -1.537693
v 1.456039 5.913112 -1.506697
v 1.395273 5.819565 -1.606899
v 1.417285 5.990214 -1.555147
v 1.506952 6.009357 -1.504102
v 1.178638 5.799172 -2.310360
v 1.186264 5.782606 -2.331348
v 1.223328 5.841019 -2.327154
v 1.279952 5.620449 -2.108863
v 1.293199 5.591670 -2.145324
v 1.357588 5.693146 -2.138037
v 1.434090 5.490589 -1.942240
v 1.700735 5.437864 -1.838061
v 1.511375 5.562956 -1.971282
v 1.447277 5.461941 -1.978536
v 1.707295 5.423612 -1.856117
v 1.524562 5.534307 -2.007578
v 1.745743 5.459612 -1.870565
v 1.370835 5.664366 -2.174498
v 1.230953 5.824451 -2.348142
v 1.739183 5.473865 -1.852509
v 1.266555 5.597694 -3.026097
v 1.261541 5.594345 -3.050383
v 1.304638 5.638110 -3.039532
v 1.383940 5.368091 -3.002134
v 1.375230 5.362273 -3.044324
v 1.450100 5.438303 -3.025475
v 1.540730 5.192590 -3.004615
v 1.780209 5.106010 -3.066132
v 1.606592 5.262485 -3.027850
v 1.532060 5.186798 -3.046614
v 1.775896 5.103129 -3.087026
v 1.597921 5.256693 -3.069850
v 1.808660 5.137900 -3.098584
v 1.441391 5.432485 -3.067665
v 1.299625 5.634761 -3.063818
v 1.812973 5.140781 -3.077691
v 2.163945 4.959946 -2.456386
v 2.150731 4.977146 -2.438264
v 2.209245 5.004890 -2.466013
v 1.954113 4.982389 -2.658963
v 1.931157 5.012270 -2.627481
v 2.032808 5.060468 -2.675688
v 1.799594 5.064349 -2.859149
v 1.733972 5.270209 -3.061326
v 1.877934 5.142075 -2.875798
v 1.776742 5.094095 -2.827810
v 1.722603 5.285007 -3.045736
v 1.855082 5.171820 -2.844459
v 1.761575 5.323673 -3.054018
v 2.009852 5.090349 -2.644206
v 2.196031 5.022090 -2.447891
v 1.772944 5.308876 -3.069609
v 1.784750 5.551710 -1.900516
v 1.768999 5.559374 -1.922109
v 1.827066 5.596618 -1.915445
v 1.858829 5.300917 -2.020609
v 1.831466 5.314230 -2.058121
v 1.932342 5.378931 -2.046544
v 1.974450 5.114650 -2.163166
v 2.170024 5.040340 -2.365555
v 2.047631 5.192312 -2.188983
v 1.947211 5.127904 -2.200508
v 2.156473 5.046934 -2.384132
v 2.020391 5.205566 -2.226326
v 2.192879 5.085569 -2.396976
v 1.904979 5.392245 -2.084056
v 1.811316 5.604281 -1.937038
v 2.206430 5.078976 -2.378399
v 1.294835 5.945581 -2.104388
v 1.295385 5.936348 -2.130608
v 1.337151 5.990490 -2.119317
v 1.428658 5.712877 -2.000719
v 1.429614 5.696835 -2.046269
v 1.502171 5.790892 -2.026653
v 1.608603 5.537355 -1.928626
v 1.887501 5.454344 -1.921008
v 1.681784 5.615017 -1.954443
v 1.609554 5.521385 -1.973970
v 1.887974 5.446400 -1.943565
v 1.682735 5.599047 -1.999788
v 1.924380 5.485034 -1.956409
v 1.503127 5.774849 -2.072204
v 1.337701 5.981255 -2.145537
v 1.923907 5.492979 -1.933851
v 2.157027 5.051003 -2.323705
v 2.167758 5.087739 -2.360528
v 2.134691 5.061632 -2.362125
v 2.219555 5.054644 -2.354922
v 1.927269 5.148308 -2.256989
v 2.025317 5.146711 -2.318735
v 1.993630 5.121695 -2.320266
v 1.994798 5.149655 -2.337743
v 2.135909 5.090810 -2.380363
v 2.178909 5.088906 -2.411568
v 2.163505 5.054169 -2.389791
v 2.250870 5.079768 -2.539616
v 2.210757 5.085835 -2.391732
v 2.280690 5.084009 -2.522301
v 2.337185 5.037615 -2.607944
v 2.239821 5.046842 -2.540486
v 1.117041 5.840131 -2.725642
v 1.136494 5.820598 -2.729259
v 1.159357 5.885038 -2.740571
v 1.107327 5.803026 -2.440447
v 1.141122 5.769092 -2.446730
v 1.180840 5.881041 -2.466381
v 1.155954 5.812635 -2.183681
v 1.324901 5.903482 -1.964737
v 1.229135 5.890298 -2.209498
v 1.189596 5.778855 -2.189936
v 1.341638 5.886677 -1.967849
v 1.262777 5.856518 -2.215753
v 1.378043 5.925312 -1.980692
v 1.214636 5.847107 -2.472665
v 1.178811 5.865505 -2.744187
v 1.361307 5.942117 -1.977580
v 1.431271 5.439499 -3.128527
v 1.449076 5.428882 -3.109997
v 1.473587 5.484406 -3.143456
v 1.250561 5.535910 -2.926398
v 1.281491 5.517466 -2.894208
v 1.324074 5.613924 -2.952333
v 1.133081 5.678268 -2.741146
v 1.133486 5.912569 -2.568416
v 1.206262 5.755930 -2.766963
v 1.163872 5.659906 -2.709101
v 1.148803 5.903435 -2.552474
v 1.237053 5.737569 -2.734918
v 1.185209 5.942069 -2.565318
v 1.355004 5.595480 -2.920143
v 1.491392 5.473789 -3.124926
v 1.169891 5.951203 -2.581259
v 1.958848 4.924027 -2.717708
v 1.950105 4.941655 -2.722436
v 1.917203 4.905177 -2.710978
v 2.036100 4.995967 -2.536809
v 2.020911 5.026590 -2.545022
v 1.963752 4.963218 -2.525118
v 2.057899 5.050238 -2.355681
v 1.973500 5.081464 -2.163877
v 1.985878 5.017637 -2.344043
v 2.042778 5.080722 -2.363858
v 1.965978 5.096629 -2.167944
v 1.970757 5.048121 -2.352220
v 1.930149 5.080411 -2.162155
v 1.948563 4.993842 -2.533331
v 1.908459 4.922804 -2.715706
v 1.937671 5.065246 -2.158087
v 1.591433 5.168185 -3.059928
v 1.602730 5.152318 -3.075638
v 1.629517 5.208601 -3.073364
v 1.668112 5.039130 -2.848892
v 1.687736 5.011566 -2.876184
v 1.734272 5.109342 -2.872233
v 1.792038 4.955907 -2.666942
v 2.017349 4.947474 -2.533547
v 1.857900 5.025802 -2.690177
v 1.811574 4.928467 -2.694110
v 2.027067 4.933823 -2.547062
v 1.877435 4.998362 -2.717345
v 2.059832 4.968594 -2.558621
v 1.753896 5.081778 -2.899525
v 1.640813 5.192735 -3.089074
v 2.050114 4.982244 -2.545105
v 1.923282 5.206833 -2.003031
v 1.904629 5.222688 -2.008210
v 1.961366 5.247249 -2.016466
v 1.874749 5.057213 -2.208772
v 1.842344 5.084758 -2.217769
v 1.940909 5.127425 -2.232113
v 1.865551 4.966780 -2.425860
v 1.922783 4.987681 -2.680650
v 1.931412 5.036674 -2.449095
v 1.833293 4.994200 -2.434816
v 1.906735 5.001322 -2.685105
v 1.899154 5.064094 -2.458051
v 1.939499 5.036093 -2.696664
v 1.908504 5.154969 -2.241110
v 1.942713 5.263103 -2.021645
v 1.955547 5.022451 -2.692209
v 1.290908 5.849180 -2.068210
v 1.292138 5.839380 -2.094201
v 1.333224 5.894087 -2.083139
v 1.424012 5.619867 -1.956377
v 1.426149 5.602842 -2.001529
v 1.497525 5.697882 -1.982312
v 1.603533 5.447400 -1.876294
v 1.882789 5.366804 -1.860396
v 1.676713 5.525063 -1.902112
v 1.605660 5.430453 -1.921242
v 1.883847 5.358373 -1.882757
v 1.678841 5.508116 -1.947060
v 1.920253 5.397008 -1.895600
v 1.499662 5.680858 -2.027464
v 1.334455 5.884287 -2.109130
v 1.919194 5.405438 -1.873240
v 1.036257 5.886802 -2.676858
v 1.053106 5.867397 -2.687471
v 1.078573 5.931709 -2.691787
v 1.075856 5.798512 -2.405853
v 1.105127 5.764801 -2.424290
v 1.149370 5.876527 -2.431787
v 1.171155 5.758650 -2.165613
v 1.383922 5.800013 -1.971314
v 1.244336 5.836311 -2.191431
v 1.200293 5.725092 -2.183967
v 1.398417 5.783318 -1.980445
v 1.273474 5.802753 -2.209785
v 1.434823 5.821953 -1.993289
v 1.178640 5.842815 -2.450224
v 1.095422 5.912305 -2.702400
v 1.420327 5.838647 -1.984158
v 1.286599 5.446510 -3.091779
v 1.304045 5.436442 -3.072613
v 1.328915 5.491418 -3.106708
v 1.100507 5.545862 -2.896058
v 1.130816 5.528371 -2.862762
v 1.174021 5.623877 -2.921993
v 0.977679 5.691284 -2.716751
v 0.972303 5.929293 -2.549252
v 1.050859 5.768947 -2.742568
v 1.007850 5.673873 -2.683606
v 0.987312 5.920630 -2.532763
v 1.081031 5.751535 -2.709423
v 1.023718 5.959266 -2.545607
v 1.204329 5.606386 -2.888697
v 1.346362 5.481350 -3.087542
v 1.008709 5.967928 -2.562096
v 1.763920 5.006016 -2.967867
v 1.766210 5.012790 -2.940998
v 1.806236 5.050923 -2.982795
v 1.496404 5.109781 -2.989670
v 1.500383 5.121549 -2.942992
v 1.569917 5.187796 -3.015605
v 1.288732 5.266210 -3.017747
v 1.180768 5.534674 -3.049421
v 1.361913 5.343872 -3.043564
v 1.292693 5.277924 -2.971280
v 1.182739 5.540502 -3.026305
v 1.365874 5.355586 -2.997097
v 1.219145 5.579137 -3.039148
v 1.573896 5.199563 -2.968927
v 1.808527 5.057697 -2.955926
v 1.217174 5.573309 -3.062264
v 1.612656 5.489181 -1.875748
v 1.600659 5.486229 -1.891776
v 1.632864 5.524644 -1.897406
v 1.721141 5.312967 -1.908114
v 1.700299 5.307839 -1.935958
v 1.756246 5.374575 -1.945738
v 1.845301 5.183401 -1.971554
v 2.002704 5.131924 -2.103697
v 1.880247 5.244731 -2.009008
v 1.824553 5.178296 -1.999272
v 1.992382 5.129384 -2.117486
v 1.859499 5.239626 -2.036726
v 2.009767 5.159894 -2.136119
v 1.735404 5.369447 -1.973582
v 1.620866 5.521692 -1.913434
v 2.020088 5.162434 -2.122330
v 1.381071 5.889992 -2.025197
v 1.370370 5.874863 -2.033330
v 1.399165 5.899474 -2.066643
v 1.507100 5.760968 -1.918721
v 1.488510 5.734686 -1.932850
v 1.538534 5.777441 -1.990721
v 1.646244 5.641342 -1.868164
v 1.815293 5.525789 -1.922546
v 1.677535 5.657740 -1.939839
v 1.627738 5.615178 -1.882229
v 1.806087 5.512774 -1.929543
v 1.659030 5.631577 -1.953904
v 1.821654 5.520931 -1.965199
v 1.519944 5.751159 -2.004850
v 1.388464 5.884345 -2.074776
v 1.830860 5.533947 -1.958202
v 1.318653 5.666645 -2.970715
v 1.312927 5.662819 -2.998455
v 1.345011 5.694616 -2.980014
v 1.454870 5.415774 -2.988946
v 1.444922 5.409128 -3.037137
v 1.500660 5.464368 -3.005100
v 1.639674 5.221382 -2.993796
v 1.904157 5.103768 -3.016021
v 1.685256 5.269755 -3.009877
v 1.629771 5.214766 -3.041768
v 1.899231 5.100477 -3.039886
v 1.675353 5.263140 -3.057849
v 1.921907 5.124542 -3.047886
v 1.490711 5.457722 -3.053290
v 1.339285 5.690791 -3.007753
v 1.926834 5.127833 -3.024021
v 2.136936 5.144753 -2.349079
v 2.153756 5.136016 -2.327686
v 2.163294 5.172725 -2.358378
v 1.971272 5.253057 -2.142562
v 2.000492 5.237879 -2.105397
v 2.017062 5.301651 -2.158716
v 1.836205 5.416367 -1.978091
v 1.767735 5.664506 -1.843862
v 1.881787 5.464741 -1.994171
v 1.865292 5.401257 -1.941093
v 1.782205 5.656988 -1.825457
v 1.910875 5.449631 -1.957175
v 1.804881 5.681053 -1.833457
v 2.046282 5.286472 -2.121552
v 2.180113 5.163988 -2.336985
v 1.790411 5.688570 -1.851861
v 1.561470 5.503334 -1.784476
v 1.545511 5.510569 -1.806064
v 1.599995 5.552330 -1.796533
v 1.659222 5.265424 -1.913514
v 1.631498 5.277993 -1.951017
v 1.726149 5.350542 -1.934461
v 1.793164 5.096307 -2.061314
v 1.998122 5.048153 -2.262327
v 1.859788 5.181041 -2.082166
v 1.765565 5.108819 -2.098648
v 1.984392 5.054378 -2.280900
v 1.832189 5.193553 -2.119500
v 2.017535 5.096530 -2.291273
v 1.698425 5.363111 -1.971964
v 1.584036 5.559566 -1.818121
v 2.031265 5.090305 -2.272701
v 1.343954 5.672134 -2.745526
v 1.492781 5.531182 -2.747673
v 1.455855 5.763836 -2.735527
v 1.265395 5.577093 -2.696464
v 1.263229 5.795539 -2.603129
v 1.389372 5.865468 -2.618253
v 1.190815 5.691103 -2.564907
v 1.297894 5.829105 -2.403898
v 1.417921 5.893112 -2.454171
v 1.222841 5.722115 -2.380841
v 1.427643 5.753172 -2.264538
v 1.524779 5.830576 -2.339398
v 1.342713 5.651961 -2.252089
v 1.576469 5.612219 -2.266685
v 1.647349 5.714491 -2.341166
v 1.480211 5.521738 -2.254073
v 1.657194 5.488815 -2.409081
v 1.713831 5.612858 -2.458440
v 1.554791 5.407728 -2.385630
v 1.622529 5.455249 -2.608313
v 1.685282 5.585214 -2.622522
v 1.522765 5.376717 -2.569696
v 1.413477 5.338598 -2.521398
v 1.402893 5.446870 -2.698448
v 1.321731 5.392291 -2.619940
v 1.216495 5.491960 -2.618422
v 1.159414 5.579220 -2.517732
v 1.275671 5.549261 -2.278312
v 1.380908 5.449593 -2.279830
v 1.183926 5.602955 -2.376854
v 1.437989 5.362333 -2.380520
v 1.719973 5.691437 -2.626076
v 1.578425 5.647751 -2.737296
v 1.638188 5.739301 -2.713920
v 1.674958 5.826653 -2.650499
v 1.544377 5.828148 -2.712566
v 1.630562 5.868699 -2.649858
v 1.493493 5.905934 -2.622808
v 1.606481 5.905511 -2.607381
v 1.515344 5.927093 -2.497225
v 1.616822 5.915524 -2.547949
v 1.597129 5.879229 -2.409382
v 1.655527 5.892873 -2.506377
v 1.690940 5.790380 -2.410735
v 1.699922 5.850826 -2.507017
v 1.741823 5.712595 -2.500493
v 1.724003 5.814014 -2.549495
v 1.713662 5.804001 -2.608927
v 1.678795 5.874146 -2.583219
v 1.518520 5.281914 -2.678784
v 1.484960 5.129601 -2.601963
v 1.632358 5.235855 -2.685664
v 1.431039 5.322800 -2.620960
v 1.603270 5.426653 -2.633012
v 1.702156 5.355059 -2.647968
v 1.509338 5.456521 -2.578672
v 1.689565 5.479031 -2.491462
v 1.773226 5.398196 -2.531390
v 1.589064 5.504912 -2.447896
v 1.726854 5.408367 -2.337050
v 1.803937 5.339998 -2.404221
v 1.623514 5.439627 -2.305239
v 1.693294 5.256053 -2.260230
v 1.776298 5.214557 -2.340953
v 1.592509 5.298908 -2.234266
v 1.608544 5.111315 -2.306001
v 1.706500 5.095354 -2.378649
v 1.514210 5.165187 -2.276553
v 1.356282 5.293192 -2.363819
v 1.382176 5.202890 -2.380212
v 1.372816 5.197824 -2.376572
v 1.346449 5.247791 -2.485758
v 1.433836 5.234861 -2.276481
v 1.346635 5.289686 -2.359964
v 1.379658 5.309731 -2.305795
v 1.332365 5.316729 -2.419055
v 1.345208 5.375016 -2.448453
v 1.370179 5.355494 -2.540078
v 1.377640 5.430405 -2.430937
v 1.430107 5.457839 -2.507713
v 1.410664 5.450449 -2.376768
v 1.491127 5.494876 -2.407621
v 1.424934 5.423408 -2.317677
v 1.517494 5.444909 -2.298436
v 1.412091 5.365120 -2.288279
v 1.493763 5.337207 -2.244116
v 1.400033 5.182081 -2.549987
v 1.604719 5.110414 -2.622397
v 1.699229 5.105705 -2.628461
v 1.790632 5.129191 -2.607287
v 1.722733 5.061163 -2.531130
v 1.720383 5.201715 -2.676884
v 1.800643 5.174627 -2.630203
v 1.773804 5.292949 -2.648032
v 1.825924 5.217804 -2.616549
v 1.828199 5.325964 -2.558808
v 1.851666 5.233428 -2.574324
v 1.851704 5.281422 -2.461476
v 1.862790 5.212349 -2.528262
v 1.830549 5.185413 -2.413054
v 1.852779 5.166913 -2.505346
v 1.777128 5.094179 -2.441905
v 1.827497 5.123737 -2.519000
v 1.801755 5.108112 -2.561226
v 1.841307 5.164278 -2.574271
v 1.378649 5.370068 -2.368366
v 2.097185 -1.460692 1.439994
v 2.047150 -1.135136 1.449971
v 1.994190 -1.469014 1.456056
v 1.993620 -1.139461 1.458319
v 2.078290 -1.449870 1.324447
v 2.037330 -1.129511 1.389918
v 1.975295 -1.458192 1.340510
v 1.983800 -1.133836 1.398267
v 2.100003 -1.269219 1.472303
v 1.971409 -1.279609 1.492358
v 1.947819 -1.266097 1.348095
v 2.076412 -1.255707 1.328039
v 2.092830 -1.220786 1.474092
v 1.971076 -1.230622 1.493080
v 1.948740 -1.217829 1.356489
v 2.070494 -1.207993 1.337501
v 1.969963 -1.346375 1.494375
v 1.943845 -1.331414 1.334657
v 2.086215 -1.319912 1.312454
v 2.112333 -1.334872 1.472172
v 1.960763 -1.397768 1.508538
v 1.929099 -1.379632 1.314901
v 2.101702 -1.365686 1.287982
v 2.133367 -1.383823 1.481619
v 2.081501 -1.173427 1.472249
v 1.973746 -1.182133 1.489054
v 1.953978 -1.170811 1.368168
v 2.061733 -1.162105 1.351363
v 1.970502 -1.447549 1.493133
v 1.941727 -1.431067 1.317168
v 2.098578 -1.418395 1.292706
v 2.127353 -1.434876 1.468671
v 2.109038 -1.185446 1.399129
v 2.072549 -1.207294 1.369866
v 2.068617 -1.174281 1.406794
v 2.083030 -1.213298 1.433957
v 2.130131 -1.214126 1.397095
v 2.070312 -1.222376 1.402003
v 2.101156 -1.226806 1.396544
v 2.078567 -1.204606 1.374729
v 2.117262 -1.209208 1.397359
v 2.087280 -1.209598 1.428014
v 2.099830 -1.439969 1.403562
v 2.066277 -1.445570 1.436519
v 2.065784 -1.489490 1.437340
v 2.108633 -1.486028 1.430658
v 2.060796 -1.486632 1.406835
v 2.103644 -1.483171 1.400152
v 2.104251 -1.442502 1.430597
v 2.061856 -1.443037 1.409485
v 2.082298 -1.185833 1.448735
v 2.096222 -1.199813 1.446850
v 2.080780 -1.197726 1.434599
v 2.080331 -1.207273 1.437646
v 2.080511 -1.211894 1.446548
v 2.082028 -1.200001 1.460684
v 2.082477 -1.190454 1.457637
v 2.064600 -1.181276 1.366563
v 2.082222 -1.184750 1.358181
v 2.070615 -1.183709 1.374214
v 2.076939 -1.191253 1.376144
v 2.079868 -1.199490 1.371223
v 2.071671 -1.201160 1.354682
v 2.065346 -1.193617 1.352752
v 2.092113 -1.435549 1.356367
v 2.049717 -1.436085 1.335255
v 2.048182 -1.479407 1.329697
v 2.091030 -1.475945 1.323014
v 2.053170 -1.482265 1.360202
v 2.096019 -1.478803 1.353519
v 2.087692 -1.433017 1.329332
v 2.054138 -1.438617 1.362290
v 2.095023 -1.356505 1.490402
v 1.975334 -1.335630 1.487144
v 1.976155 -1.325560 1.512883
v 2.094970 -1.342561 1.517779
v 1.992861 -1.438974 1.522169
v 1.991426 -1.436921 1.533364
v 2.061893 -1.459139 1.522968
v 2.062001 -1.456490 1.510900
v 2.074903 -1.328032 1.466773
v 1.987920 -1.303588 1.489313
v 1.986413 -1.291925 1.489290
v 2.073026 -1.313123 1.467347
v 2.064735 -1.339157 1.305186
v 1.952874 -1.322766 1.349798
v 1.945822 -1.308186 1.327387
v 2.056451 -1.320498 1.282226
v 1.955377 -1.417504 1.292944
v 1.950541 -1.413503 1.283343
v 2.019995 -1.435141 1.266750
v 2.023987 -1.434716 1.278435
v 2.053960 -1.316036 1.338699
v 1.965073 -1.290502 1.349600
v 1.963997 -1.279085 1.352206
v 2.052439 -1.301332 1.341454
v -1.950729 -1.780742 2.605610
v -2.010521 -1.513102 2.686655
v -1.499662 -1.505062 2.073316
v -1.524780 -1.397613 2.090878
v -1.970683 -1.690212 2.241785
v -2.000304 -1.375875 2.302130
v -1.534717 -1.612743 2.524290
v -1.563290 -1.489611 2.540699
v -1.464398 -1.593464 2.491889
v -1.492604 -1.472050 2.509210
v -1.667336 -1.702721 2.611339
v -1.695601 -1.580990 2.627825
v -1.715570 -1.535780 2.096248
v -1.754945 -1.363654 2.115475
v -2.010188 -1.742139 2.367783
v -1.375444 -1.429072 2.376524
v -2.048230 -1.524371 2.394704
v -1.342751 -1.570756 2.357229
v -1.747963 -1.375402 2.382926
v -1.773760 0.204647 1.742183
v -1.766429 0.478222 1.911194
v -1.674503 0.429152 1.840998
v -1.611747 0.367091 1.804863
v -1.583599 0.201054 1.803757
v -1.625458 0.176573 1.830569
v -1.696568 0.130517 1.884216
v -1.634876 0.426128 1.915237
v -1.544197 0.365264 1.928198
v -1.492930 0.263165 1.952410
v -1.505311 0.208693 1.952410
v -1.560369 0.182665 1.954293
v -1.655361 0.132941 1.951174
v -1.674133 0.429620 1.989460
v -1.607115 0.372764 2.051430
v -1.573328 0.276075 2.103009
v -1.584726 0.222527 2.101062
v -1.626506 0.192350 2.078017
v -1.687611 0.140328 2.023512
v -1.769277 0.437570 2.020187
v -1.763887 0.384681 2.102284
v -1.766410 0.287925 2.165390
v -1.775270 0.233412 2.162636
v -1.785068 0.199069 2.129266
v -1.778442 0.147743 2.054680
v -1.864575 0.445330 1.989418
v -1.922779 0.394388 2.050943
v -1.959098 0.292252 2.103009
v -1.965367 0.235791 2.101062
v -1.943217 0.199585 2.078017
v -1.868705 0.150504 2.023556
v -1.904206 0.448365 1.915179
v -1.990438 0.396666 1.927580
v -2.038545 0.287041 1.952410
v -2.043705 0.229086 1.952410
v -2.008357 0.194266 1.954293
v -1.902675 0.147662 1.953292
v -1.864951 0.444890 1.840957
v -1.927200 0.389812 1.804464
v -1.958187 0.274895 1.801810
v -1.964354 0.216483 1.803757
v -1.942288 0.185606 1.830569
v -1.865784 0.140989 1.886971
v -1.769804 0.436928 1.810230
v -1.770315 0.377440 1.753639
v -1.765073 0.262456 1.739429
v -1.783674 0.178094 1.779320
v -1.782569 0.134032 1.859215
v -1.781355 0.136819 1.899753
v -1.829195 0.140820 1.915710
v -1.850404 0.144656 1.953838
v -1.830874 0.146289 1.994233
v -1.778982 0.144702 2.012126
v -1.726764 0.140439 1.994208
v -1.708223 0.136192 1.952621
v -1.731913 0.134799 1.914126
v -2.205193 0.246767 1.010579
v -2.196445 0.585152 1.383704
v -2.111063 0.160203 1.337419
v -2.035667 0.521485 1.390642
v -1.924842 0.447100 1.412878
v -1.790137 0.319154 1.454417
v -1.801460 0.252851 1.454417
v -1.944608 0.223936 1.457649
v -2.060702 0.163165 1.452297
v -2.083645 0.525752 1.517983
v -2.001738 0.456265 1.624302
v -1.909628 0.338343 1.768629
v -1.920897 0.273657 1.768257
v -2.025438 0.235772 1.669917
v -2.100117 0.172193 1.576404
v -2.199925 0.535468 1.570700
v -2.193337 0.470830 1.711550
v -2.196599 0.355954 1.898780
v -2.207464 0.290028 1.898255
v -2.219224 0.243984 1.757841
v -2.211126 0.181255 1.629877
v -2.316394 0.544952 1.517912
v -2.387527 0.482694 1.623466
v -2.482983 0.362385 1.768629
v -2.493360 0.293605 1.768257
v -2.412507 0.244615 1.669917
v -2.321442 0.184629 1.576481
v -2.364829 0.548662 1.390542
v -2.470219 0.485477 1.411818
v -2.601060 0.354640 1.454417
v -2.611174 0.283522 1.454417
v -2.492118 0.238114 1.457649
v -2.362958 0.181157 1.455930
v -2.316853 0.544414 1.263202
v -2.392931 0.477100 1.200593
v -2.481628 0.336588 1.140204
v -2.491835 0.264568 1.140576
v -2.411371 0.227529 1.245380
v -2.317872 0.173001 1.342146
v -2.200570 0.534684 1.210486
v -2.201194 0.461981 1.113395
v -2.194612 0.318100 1.010054
v -2.217521 0.218349 1.157455
v -2.216170 0.164498 1.294526
v -2.214687 0.167905 1.364077
v -2.273154 0.172793 1.391453
v -2.299075 0.177482 1.456867
v -2.275207 0.179479 1.526172
v -2.211787 0.177539 1.556870
v -2.147967 0.172329 1.526128
v -2.125308 0.167139 1.454779
v -2.154261 0.165436 1.388736
v -1.963701 0.529396 1.425713
v -1.983088 0.799502 1.623498
v -1.932600 0.447238 1.601552
v -1.860234 0.737020 1.664238
v -1.780357 0.668989 1.703740
v -1.759567 0.562207 1.740093
v -1.774729 0.511644 1.735323
v -1.827753 0.491186 1.721939
v -1.912048 0.445936 1.693057
v -1.919930 0.743150 1.741563
v -1.877149 0.680685 1.832813
v -1.874636 0.579558 1.888730
v -1.888288 0.529806 1.882053
v -1.922430 0.504576 1.844004
v -1.964097 0.455405 1.770236
v -2.020832 0.758466 1.751342
v -2.043561 0.704741 1.849159
v -2.068993 0.604963 1.907451
v -2.080147 0.554113 1.900522
v -2.082251 0.522592 1.859322
v -2.060977 0.469841 1.781751
v -2.103834 0.774005 1.687846
v -2.182175 0.727425 1.743154
v -2.228775 0.623996 1.785294
v -2.237903 0.571103 1.779921
v -2.213589 0.535344 1.758926
v -2.139347 0.479994 1.719124
v -2.120317 0.780675 1.588271
v -2.211520 0.735894 1.577101
v -2.260374 0.626000 1.593824
v -2.269125 0.571599 1.590907
v -2.239502 0.535998 1.601631
v -2.151924 0.480324 1.625726
v -2.060622 0.774561 1.510947
v -2.114404 0.724815 1.448276
v -2.145289 0.609375 1.445195
v -2.155541 0.554606 1.444193
v -2.144816 0.523582 1.479575
v -2.097080 0.471158 1.557050
v -1.985001 0.504814 1.464251
v -2.008571 0.457763 1.547447
v -2.019072 0.443613 1.596160
v -2.069955 0.451313 1.601681
v -2.101485 0.456583 1.641163
v -2.094254 0.456393 1.694857
v -2.049200 0.450556 1.730861
v -1.993504 0.442257 1.724241
v -1.963581 0.436813 1.679871
v -1.975396 0.437562 1.627265
v -2.305174 0.165544 2.478342
v -2.325659 0.143889 2.466218
v -2.269398 0.174700 2.431739
v -2.278825 0.144008 2.429582
v -2.307028 0.128661 2.431739
v -2.284268 0.202759 2.436947
v -2.296093 0.196520 2.407676
v -2.316579 0.174866 2.395552
v -2.333724 0.150481 2.407676
v -2.337485 0.137650 2.436947
v -2.314725 0.211748 2.442155
v -2.342927 0.196402 2.444312
v -2.352355 0.165709 2.442155
v -2.288029 0.189929 2.466218
v -2.361459 0.058850 2.427531
v -2.324322 0.169611 2.434886
v -2.358936 0.056788 2.445845
v -2.321799 0.167549 2.453200
v -2.344000 0.053198 2.424490
v -2.306863 0.163959 2.431845
v -2.341477 0.051136 2.442803
v -2.304340 0.161897 2.450158
v -2.359115 0.118731 2.433951
v -2.356592 0.116669 2.452264
v -2.339133 0.111017 2.449223
v -2.341656 0.113079 2.430909
v -2.634063 -0.187757 2.534029
v -2.678102 -0.000044 2.534029
v -2.634063 -0.187757 2.328837
v -2.678102 -0.000044 2.328837
v -2.462029 -0.162393 2.549567
v -2.512738 0.053749 2.549567
v -2.462029 -0.162393 2.313300
v -2.512738 0.053749 2.313299
v -2.550560 -0.207113 2.288486
v -2.611921 0.054429 2.288486
v -2.550560 -0.207113 2.574380
v -2.611921 0.054429 2.574380
v -2.694508 -0.146407 2.386372
v -2.694508 -0.146407 2.476494
v -2.713850 -0.063962 2.476494
v -2.713850 -0.063962 2.386372
v -2.435995 0.003285 2.387906
v -2.417311 -0.076353 2.387906
v -2.417311 -0.076353 2.474960
v -2.435995 0.003285 2.474960
v -2.394637 -0.090624 2.483734
v -2.410394 0.053436 2.469175
v -2.394637 -0.090624 2.379133
v -2.410394 0.053436 2.393691
v -2.292800 -0.066732 2.483734
v -2.336905 0.070677 2.469175
v -2.292800 -0.066732 2.379133
v -2.336905 0.070677 2.393691
v -2.426319 -0.024179 2.502407
v -2.426319 -0.024179 2.360460
v -2.288124 0.008244 2.360460
v -2.288124 0.008244 2.502407
v -2.389351 -0.200616 2.485770
v -2.389351 -0.200616 2.377096
v -2.287109 -0.160627 2.485770
v -2.287109 -0.160627 2.377096
v -2.619445 -0.177104 2.396381
v -2.619445 -0.177104 2.452996
v -2.625752 -0.242648 2.395279
v -2.625752 -0.242648 2.454098
v -2.341957 -0.083870 2.369856
v -2.377197 0.081826 2.386997
v -2.341957 -0.083870 2.493010
v -2.377197 0.081826 2.475869
v -2.357855 -0.000618 2.514995
v -2.357855 -0.000618 2.347871
v -2.337590 -0.194966 2.367459
v -2.337590 -0.194966 2.495407
v -2.440456 0.159807 2.394902
v -2.433666 0.130862 2.407217
v -2.418303 0.195542 2.436947
v -2.399523 0.169410 2.436947
v -2.404721 0.137653 2.436947
v -2.450060 0.200740 2.436947
v -2.447247 0.188751 2.466677
v -2.440456 0.159807 2.478992
v -2.433666 0.130862 2.466677
v -2.430853 0.118873 2.436947
v -2.476192 0.181961 2.436947
v -2.481390 0.150203 2.436947
v -2.462610 0.124071 2.436947
v -2.447247 0.188751 2.407217
v -2.381838 0.052118 2.440734
v -2.447675 0.148901 2.440734
v -2.381838 0.052118 2.422132
v -2.447675 0.148901 2.422132
v -2.366458 0.062581 2.440734
v -2.432295 0.159363 2.440734
v -2.366458 0.062581 2.422132
v -2.432295 0.159363 2.422132
v -2.428446 0.090331 2.440734
v -2.428446 0.090331 2.422132
v -2.413066 0.100793 2.422132
v -2.413066 0.100793 2.440734
v -3.250895 0.401888 -0.380091
v -3.234933 0.352926 -0.365163
v -3.213441 0.377863 -0.350175
v -3.273739 0.314944 -0.222458
v -3.257937 0.279304 -0.220629
v -3.238872 0.297456 -0.221159
v -3.147686 0.337542 -0.324795
v -3.127104 0.283116 -0.299071
v -3.118423 0.300447 -0.283064
v -3.195673 0.256720 -0.222509
v -3.186426 0.231950 -0.216450
v -3.177939 0.269499 -0.220052
v -3.378189 0.018143 -0.446251
v -3.315269 -0.005734 -0.418744
v -3.322824 0.040702 -0.404881
v -3.322756 -0.052929 -0.217301
v -3.272492 -0.067665 -0.209746
v -3.274009 -0.032427 -0.215282
v -3.225288 0.077060 -0.368994
v -3.153572 0.055054 -0.326402
v -3.164845 0.081949 -0.308754
v -3.193919 -0.024245 -0.213325
v -3.160923 -0.035396 -0.201508
v -3.191384 0.005470 -0.213780
v -2.678631 0.303275 -0.040009
v -2.657582 0.250459 -0.054725
v -2.633492 0.267565 -0.028328
v -2.682114 0.131955 0.060708
v -2.663262 0.098914 0.041202
v -2.643300 0.118032 0.049431
v -2.557397 0.221684 -0.032219
v -2.529873 0.158168 -0.040237
v -2.519307 0.166373 -0.016170
v -2.594776 0.084507 0.021982
v -2.583020 0.058725 0.013048
v -2.575707 0.096796 0.030097
v -2.809205 -0.032400 -0.307665
v -2.736619 -0.064273 -0.300115
v -2.745150 -0.029033 -0.260473
v -2.720022 -0.221138 -0.137196
v -2.663848 -0.234519 -0.142245
v -2.667552 -0.198474 -0.127538
v -2.636364 -0.005748 -0.213912
v -2.552568 -0.043421 -0.191845
v -2.563927 -0.028989 -0.159338
v -2.580466 -0.184447 -0.127260
v -2.542753 -0.198426 -0.124975
v -2.578960 -0.156038 -0.111201
v -4.575187 1.332876 -0.660027
v -4.528232 1.207302 -0.629418
v -4.467282 1.271258 -0.601117
v -4.562801 1.109890 -0.251709
v -4.522073 1.018483 -0.254116
v -4.474152 1.065038 -0.263932
v -4.289907 1.167847 -0.566247
v -4.226484 1.028260 -0.510422
v -4.197437 1.072709 -0.473851
v -4.365639 0.960561 -0.286548
v -4.339587 0.897035 -0.275355
v -4.319753 0.993337 -0.288226
v -3.876061 0.745859 -0.553920
v -3.845436 0.663957 -0.533956
v -3.805683 0.705671 -0.515498
v -3.867983 0.600423 -0.287606
v -3.841419 0.540805 -0.289177
v -3.810164 0.571169 -0.295579
v -3.689996 0.638224 -0.492755
v -3.648629 0.547182 -0.456345
v -3.629685 0.576172 -0.432492
v -3.739389 0.503027 -0.310329
v -3.722397 0.461594 -0.303029
v -3.709462 0.524404 -0.311424
v -4.104955 0.103947 -0.626002
v -3.993321 0.064006 -0.598932
v -4.001747 0.141683 -0.573903
v -3.947239 -0.014940 -0.264898
v -3.862242 -0.039588 -0.267027
v -3.866346 0.019355 -0.275707
v -3.830658 0.202501 -0.543066
v -3.700159 0.165689 -0.493696
v -3.713612 0.210679 -0.461354
v -3.733835 0.033042 -0.295709
v -3.676050 0.014390 -0.285810
v -3.729793 0.082747 -0.297193
v -4.249837 0.389742 -0.418305
v -4.274565 0.400887 -0.420187
v -4.204630 0.587220 -0.449721
v -4.201017 0.517492 -0.450206
v -4.196899 0.583533 -0.423221
v -4.296254 0.458115 -0.450017
v -4.282587 0.402598 -0.454816
v -4.215770 0.427105 -0.419627
v -4.288194 0.456666 -0.421861
v -4.193139 0.514811 -0.422476
v -4.252275 0.541550 -0.424518
v -4.223581 0.430244 -0.458388
v -4.257617 0.393091 -0.462181
v -4.260378 0.542706 -0.442582
v -4.267709 0.357708 -0.418305
v -4.254254 0.381259 -0.420187
v -4.075449 0.293855 -0.449721
v -4.145203 0.296916 -0.450206
v -4.079857 0.286511 -0.423221
v -4.195218 0.397386 -0.450017
v -4.251785 0.389081 -0.454816
v -4.233768 0.320230 -0.419627
v -4.197429 0.389501 -0.421861
v -4.148624 0.289329 -0.422476
v -4.116362 0.345642 -0.424518
v -4.229898 0.327706 -0.458388
v -4.263633 0.365133 -0.462181
v -4.114438 0.353598 -0.442582
v -4.691279 0.466644 -0.336552
v -4.524052 0.670941 -0.336552
v -4.691279 0.466644 -0.519207
v -4.524052 0.670941 -0.519207
v -4.499581 0.295673 -0.338926
v -4.336701 0.494659 -0.338926
v -4.499581 0.295673 -0.516832
v -4.336701 0.494659 -0.516832
v -4.635480 0.373481 -0.534731
v -4.439826 0.612505 -0.534731
v -4.635480 0.373481 -0.321027
v -4.439826 0.612505 -0.321027
v -4.392312 0.295843 -0.369171
v -4.292563 0.433151 -0.369171
v -4.392312 0.295843 -0.486587
v -4.292563 0.433151 -0.486587
v -4.240372 0.345489 -0.405704
v -4.256718 0.407475 -0.405704
v -4.240372 0.345489 -0.450054
v -4.256718 0.407475 -0.450054
v -4.722856 0.598909 -0.381574
v -4.638068 0.702492 -0.381574
v -4.722856 0.598909 -0.474184
v -4.638068 0.702492 -0.474184
v -4.607666 0.568793 -0.336552
v -4.607666 0.568793 -0.519207
v -4.418141 0.395166 -0.516832
v -4.418141 0.395166 -0.338926
v -4.537653 0.492993 -0.321027
v -4.537653 0.492993 -0.534731
v -4.342437 0.364497 -0.486587
v -4.342437 0.364497 -0.369171
v -4.248545 0.376482 -0.450054
v -4.248545 0.376482 -0.405704
v -4.654219 0.624335 -0.367340
v -4.654219 0.624335 -0.483685
v -4.536662 0.675812 -0.420987
v -4.505950 0.707345 -0.410779
v -4.536703 0.675923 -0.437750
v -4.505991 0.707457 -0.445888
v -4.431616 0.573508 -0.421922
v -4.344962 0.662480 -0.412230
v -4.431657 0.573618 -0.438685
v -4.345004 0.662591 -0.447339
v -4.322454 0.467194 -0.422894
v -4.290688 0.499811 -0.414762
v -4.322495 0.467305 -0.439656
v -4.290729 0.499922 -0.449870
v -4.484180 0.624771 -0.438217
v -4.413359 0.697487 -0.446503
v -4.484139 0.624660 -0.421455
v -4.413318 0.697376 -0.411394
v -4.377035 0.520351 -0.422408
v -4.303575 0.595777 -0.413367
v -4.377077 0.520462 -0.439170
v -4.303617 0.595887 -0.448475
v -4.487706 0.308977 -0.415685
v -4.500291 0.285861 -0.400596
v -4.487665 0.308919 -0.440460
v -4.500250 0.285804 -0.452488
v -4.644730 0.394464 -0.418502
v -4.657747 0.370554 -0.406482
v -4.644688 0.394407 -0.443278
v -4.657705 0.370497 -0.458375
v -4.526166 0.329881 -0.441151
v -4.555187 0.276576 -0.453398
v -4.526207 0.329938 -0.416375
v -4.555229 0.276633 -0.401506
v -4.604719 0.372682 -0.417784
v -4.634822 0.317391 -0.404421
v -4.604678 0.372624 -0.442560
v -4.634780 0.317334 -0.456313
v -4.529536 0.639662 -0.338978
v -4.516358 0.607217 -0.334104
v -4.529726 0.574487 -0.334477
v -4.561541 0.652816 -0.346246
v -4.567923 0.641544 -0.313347
v -4.570646 0.609879 -0.297856
v -4.568114 0.576369 -0.308846
v -4.561809 0.560645 -0.339880
v -4.593622 0.638974 -0.351649
v -4.606991 0.606244 -0.352022
v -4.593812 0.573799 -0.347148
v -4.838840 0.764680 -0.428992
v -4.833149 0.774641 -0.429788
v -4.757529 0.737676 -0.442279
v -4.806675 0.742575 -0.444309
v -4.808223 0.739391 -0.430121
v -4.789600 0.773743 -0.431106
v -4.787030 0.738970 -0.442484
v -4.788743 0.777097 -0.440680
v -4.759394 0.734570 -0.431071
v -4.808182 0.781461 -0.442404
v -4.832105 0.777949 -0.444433
v -4.824486 0.748830 -0.429552
v -4.809117 0.778126 -0.430496
v -4.788477 0.735762 -0.430756
v -4.774832 0.759578 -0.431620
v -4.822849 0.751992 -0.445944
v -4.837116 0.767821 -0.447548
v -4.774019 0.762942 -0.439260
v -4.529120 0.639662 -0.518334
v -4.516504 0.607217 -0.524517
v -4.529765 0.574487 -0.522793
v -4.560225 0.652816 -0.507866
v -4.569904 0.641544 -0.539950
v -4.574180 0.609879 -0.555086
v -4.570549 0.576369 -0.544408
v -4.561137 0.560645 -0.514171
v -4.591597 0.638974 -0.499245
v -4.604858 0.606244 -0.497521
v -4.592241 0.573799 -0.503704
v -5.035065 -0.147333 -0.770543
v -4.863906 -0.208571 -0.729040
v -4.876825 -0.089476 -0.690665
v -4.793252 -0.329614 -0.216891
v -4.662932 -0.367405 -0.220156
v -4.669226 -0.277032 -0.233465
v -4.614508 0.003771 -0.643384
v -4.414423 -0.052669 -0.567689
v -4.435050 0.016311 -0.518101
v -4.466056 -0.256046 -0.264131
v -4.377459 -0.284645 -0.248954
v -4.459858 -0.179838 -0.266407
v 0.678498 -1.660818 -2.462596
v 0.763565 -1.648837 -2.472341
v 0.781048 -1.662444 -2.388770
v 0.822049 -0.693911 -2.846034
v 0.781814 -0.865683 -2.755066
v 0.744295 -1.081994 -2.690443
v 0.716658 -1.295459 -2.607128
v 0.809870 -1.289963 -2.622607
v 0.823792 -1.091057 -2.700227
v 0.829625 -0.886263 -2.768040
v 0.842037 -1.246594 -2.544775
v 0.850395 -1.035929 -2.637171
v 0.843402 -0.843089 -2.735640
v 0.655572 -1.632527 -2.387229
v 0.694835 -1.629609 -2.445976
v 0.754834 -1.616214 -2.411017
v 0.604289 -1.137755 -3.040291
v 0.618799 -1.149371 -2.852954
v 0.631182 -1.212635 -2.686237
v 0.664811 -1.322660 -2.553462
v 0.717340 -1.347925 -2.611998
v 0.683161 -1.245956 -2.734115
v 0.650571 -1.175884 -2.875755
v 0.784300 -1.303281 -2.606747
v 0.743561 -1.194471 -2.736185
v 0.685115 -1.138968 -2.881597
v 0.771795 -1.655636 -2.430903
v 0.703133 -1.660801 -2.447034
v 0.713215 -1.646722 -2.515602
v 0.587397 -0.811496 -2.444737
v 0.655268 -0.956505 -2.481143
v 0.711862 -1.131889 -2.501038
v 0.794831 -1.300001 -2.524504
v 0.723806 -1.335028 -2.536140
v 0.654821 -1.173334 -2.513817
v 0.626515 -0.987681 -2.489502
v 0.720584 -1.340890 -2.614671
v 0.655948 -1.165397 -2.587465
v 0.630141 -0.971737 -2.533542
v 0.697333 -1.661153 -2.380689
v 0.652665 -1.669095 -2.434939
v 0.697706 -1.642033 -2.482272
v 0.133704 -1.122833 -2.512893
v 0.348498 -1.136917 -2.492892
v 0.525881 -1.203821 -2.475108
v 0.666866 -1.322164 -2.466638
v 0.627581 -1.369361 -2.518942
v 0.496369 -1.258169 -2.523214
v 0.335086 -1.175798 -2.520382
v 0.662791 -1.352293 -2.592021
v 0.528430 -1.232758 -2.591162
v 0.349290 -1.153615 -2.560321
v 0.757562 -1.638360 -2.486216
v 0.703133 -1.660801 -2.447034
v 0.655322 -1.648414 -2.497651
v 0.532226 -0.916936 -2.181958
v 0.647331 -1.006658 -2.340305
v 0.755528 -1.126286 -2.469359
v 0.803018 -1.302401 -2.547539
v 0.741727 -1.326598 -2.498678
v 0.690993 -1.156818 -2.431996
v 0.610112 -1.032437 -2.321513
v 0.675011 -1.326545 -2.542290
v 0.616788 -1.157573 -2.464592
v 0.560585 -1.028564 -2.336735
v 0.737782 -1.643099 -2.470650
v 0.733720 -1.666832 -2.395481
v 0.655158 -1.660071 -2.391940
v 1.120407 -0.746997 -2.296522
v 1.002919 -0.886185 -2.430968
v 0.916610 -1.068774 -2.525300
v 0.846887 -1.278172 -2.566966
v 0.838688 -1.284175 -2.476750
v 0.903470 -1.088917 -2.441921
v 0.996320 -0.909060 -2.382203
v 0.752694 -1.268242 -2.452662
v 0.829662 -1.059606 -2.417654
v 0.953679 -0.880990 -2.368294
v 0.681743 -1.643522 -2.490883
v 0.742587 -1.654317 -2.456490
v 0.711592 -1.658525 -2.393062
v 0.994473 -0.852593 -2.894863
v 0.930389 -0.990227 -2.804076
v 0.872048 -1.162751 -2.715621
v 0.782884 -1.330675 -2.640397
v 0.842516 -1.328826 -2.598419
v 0.918345 -1.172577 -2.673380
v 0.957545 -1.006703 -2.775643
v 0.823615 -1.293846 -2.526827
v 0.904442 -1.127988 -2.610487
v 0.950118 -0.970942 -2.742850
v 2.178520 -0.122969 -2.313831
v 2.101630 -0.162203 -2.354948
v 2.179971 -0.122972 -2.314432
v 2.179750 -0.123388 -2.313879
v 2.179746 -0.123764 -2.313257
v 2.140962 -0.161784 -2.375913
v 2.128911 -0.167373 -2.353222
v 2.133594 -0.187785 -2.337324
v 2.100252 -0.255252 -2.417906
v 2.179205 -0.122803 -2.313589
v 2.179592 -0.122220 -2.314526
v 2.179233 -0.123489 -2.312642
v 2.113516 -0.187666 -2.323709
v 2.086057 -0.257595 -2.422195
v 2.125334 -0.145962 -2.385604
v 2.178328 -0.120442 -2.320101
v 2.123623 -0.183856 -2.270697
v 2.178627 -0.120553 -2.320693
v 2.178775 -0.120540 -2.320420
v 2.178991 -0.120486 -2.320203
v 2.141217 -0.194357 -2.314179
v 2.147710 -0.184031 -2.288582
v 2.171346 -0.188777 -2.273655
v 2.141546 -0.295188 -2.268696
v 2.178545 -0.120293 -2.320282
v 2.178326 -0.120354 -2.320729
v 2.178910 -0.120246 -2.319944
v 2.163750 -0.181087 -2.249832
v 2.130873 -0.301097 -2.259946
v 2.115423 -0.190036 -2.314831
v 2.173307 -0.122719 -2.324203
v 2.193929 -0.143074 -2.231661
v 2.173274 -0.123163 -2.324708
v 2.173506 -0.122960 -2.324665
v 2.173734 -0.122757 -2.324721
v 2.189831 -0.177269 -2.264100
v 2.201499 -0.152521 -2.258595
v 2.227308 -0.144179 -2.265173
v 2.265674 -0.223241 -2.198128
v 2.173286 -0.122706 -2.324522
v 2.172944 -0.123066 -2.324592
v 2.173682 -0.122414 -2.324613
v 2.229932 -0.123827 -2.249619
v 2.265827 -0.222928 -2.183119
v 2.169821 -0.176902 -2.247897
v 2.168998 -0.127590 -2.321981
v 2.240232 -0.080134 -2.276405
v 2.168956 -0.128256 -2.322063
v 2.169029 -0.128054 -2.322288
v 2.169052 -0.127917 -2.322566
v 2.239151 -0.127409 -2.277940
v 2.236914 -0.104171 -2.293234
v 2.246972 -0.099810 -2.318901
v 2.348508 -0.111359 -2.276771
v 2.168817 -0.127791 -2.322151
v 2.168736 -0.128139 -2.321800
v 2.168890 -0.127595 -2.322607
v 2.245863 -0.074119 -2.320238
v 2.355966 -0.101258 -2.268541
v 2.233319 -0.118386 -2.254538
v 2.169710 -0.130184 -2.315657
v 2.216610 -0.058404 -2.360409
v 2.169991 -0.130740 -2.315405
v 2.169822 -0.130730 -2.315666
v 2.169627 -0.130808 -2.315894
v 2.239599 -0.094334 -2.341694
v 2.218510 -0.087301 -2.357844
v 2.210402 -0.099741 -2.380964
v 2.307214 -0.071423 -2.425981
v 2.169607 -0.130463 -2.315542
v 2.169910 -0.130500 -2.315145
v 2.169326 -0.130608 -2.315931
v 2.195689 -0.081775 -2.391139
v 2.311151 -0.057756 -2.430789
v 2.242521 -0.073103 -2.328150
v 2.174732 -0.127907 -2.311555
v 2.147156 -0.099525 -2.399410
v 2.163612 -0.121321 -2.496750
v 2.175344 -0.128131 -2.311390
v 2.175092 -0.128310 -2.311420
v 2.174884 -0.128537 -2.311377
v 2.190231 -0.111682 -2.391086
v 2.164541 -0.118843 -2.387924
v 2.154170 -0.143523 -2.390053
v 2.186988 -0.132190 -2.490226
v 2.183086 -0.143370 -2.496548
v 2.171720 -0.145671 -2.489789
v 2.174865 -0.128050 -2.311303
v 2.175292 -0.127789 -2.311282
v 2.174554 -0.128440 -2.311261
v 2.130071 -0.138264 -2.392401
v 2.162645 -0.144967 -2.498352
v 2.176196 -0.135925 -2.507617
v 2.187134 -0.123344 -2.499053
v 2.187911 -0.087193 -2.394058
v 2.082259 -0.198989 -2.383432
v 2.116937 -0.212438 -2.385873
v 2.124443 -0.199886 -2.402689
v 2.117600 -0.224033 -2.366852
v 2.097397 -0.228143 -2.357349
v 2.108372 -0.189413 -2.414830
v 2.115938 -0.232001 -2.258355
v 2.146719 -0.240406 -2.280084
v 2.136560 -0.241810 -2.301208
v 2.163875 -0.236753 -2.264470
v 2.156563 -0.235147 -2.241818
v 2.112751 -0.243260 -2.300745
v 2.220100 -0.171674 -2.199589
v 2.234720 -0.189229 -2.230350
v 2.218010 -0.204859 -2.234328
v 2.252155 -0.174710 -2.235306
v 2.257605 -0.159533 -2.218065
v 2.202838 -0.207890 -2.216497
v 2.289329 -0.078020 -2.265606
v 2.293203 -0.109972 -2.286396
v 2.287944 -0.125858 -2.270293
v 2.295069 -0.100713 -2.307612
v 2.299469 -0.077522 -2.307942
v 2.288040 -0.117854 -2.248084
v 2.254632 -0.044959 -2.390530
v 2.263667 -0.081873 -2.392165
v 2.276266 -0.083621 -2.373035
v 2.249533 -0.088571 -2.408991
v 2.240340 -0.071191 -2.421615
v 2.283218 -0.063251 -2.363943
v 2.151001 -0.105498 -2.449274
v 2.175555 -0.133069 -2.441958
v 2.194344 -0.120735 -2.439487
v 2.161084 -0.150103 -2.438534
v 2.139650 -0.146323 -2.446022
v 2.192998 -0.099219 -2.447550
v 2.170498 -0.124489 -2.320628
v 2.169132 -0.124023 -2.298600
v 2.157597 -0.133460 -2.305122
v 2.151215 -0.135217 -2.319981
v 2.153723 -0.128266 -2.334473
v 2.163653 -0.116678 -2.340108
v 2.175187 -0.107243 -2.333586
v 2.179061 -0.112436 -2.304235
v 2.181569 -0.105485 -2.318727
v 2.196535 -0.102992 -2.320261
v 2.192565 -0.113994 -2.297324
v 2.186434 -0.105773 -2.343779
v 2.168178 -0.120708 -2.354102
v 2.152463 -0.139048 -2.345183
v 2.148493 -0.150049 -2.322247
v 2.158594 -0.147268 -2.298728
v 2.176849 -0.132334 -2.288405
v 2.387747 -0.299612 -2.970458
v 2.387747 -0.433229 -2.952867
v 2.387747 -0.664661 -2.819250
v 2.387747 -0.746704 -2.712329
v 2.387747 -0.815870 -2.454200
v 2.645876 -0.299612 -2.901293
v 2.637081 -0.433229 -2.886059
v 2.570272 -0.664661 -2.770343
v 2.516812 -0.746704 -2.677747
v 2.834840 -0.299612 -2.712329
v 2.819605 -0.433229 -2.703534
v 2.703889 -0.664661 -2.636725
v 2.611293 -0.746704 -2.583265
v 2.904005 -0.299612 -2.454200
v 2.886414 -0.433229 -2.454200
v 2.752797 -0.664661 -2.454200
v 2.645876 -0.746704 -2.454200
v 2.834840 -0.299612 -2.196071
v 2.819605 -0.433229 -2.204867
v 2.703889 -0.664661 -2.271675
v 2.611293 -0.746704 -2.325136
v 2.645876 -0.299612 -2.007107
v 2.637081 -0.433229 -2.022342
v 2.570272 -0.664661 -2.138058
v 2.516812 -0.746704 -2.230654
v 2.387747 -0.299612 -1.937942
v 2.387747 -0.433229 -1.955533
v 2.387747 -0.664661 -2.089151
v 2.387747 -0.746704 -2.196071
v 2.129618 -0.299612 -2.007107
v 2.138413 -0.433229 -2.022342
v 2.205222 -0.664661 -2.138058
v 2.258682 -0.746704 -2.230654
v 1.940654 -0.299612 -2.196071
v 1.955889 -0.433229 -2.204867
v 2.071605 -0.664661 -2.271675
v 2.164201 -0.746704 -2.325136
v 1.871489 -0.299612 -2.454200
v 1.889080 -0.433229 -2.454200
v 2.022697 -0.664661 -2.454200
v 2.129618 -0.746704 -2.454200
v 1.940655 -0.299612 -2.712329
v 1.955889 -0.433229 -2.703534
v 2.071605 -0.664661 -2.636725
v 2.164201 -0.746704 -2.583265
v 2.129618 -0.299612 -2.901293
v 2.138414 -0.433229 -2.886059
v 2.205222 -0.664661 -2.770343
v 2.258682 -0.746704 -2.677747
v 2.387747 -0.299612 -2.834197
v 2.577745 -0.299612 -2.783287
v 2.716834 -0.299612 -2.644198
v 2.767744 -0.299612 -2.454200
v 2.716834 -0.299612 -2.264202
v 2.577745 -0.299612 -2.125114
v 2.387747 -0.299612 -2.074204
v 2.197749 -0.299612 -2.125114
v 2.058661 -0.299612 -2.264202
v 2.007751 -0.299612 -2.454200
v 2.058661 -0.299612 -2.644198
v 2.197749 -0.299612 -2.783287
v 2.387747 -0.416635 -2.829359
v 2.575326 -0.416635 -2.779098
v 2.712644 -0.416635 -2.641780
v 2.762906 -0.416635 -2.454200
v 2.712644 -0.416635 -2.266621
v 2.575326 -0.416635 -2.129303
v 2.387747 -0.416635 -2.079041
v 2.200167 -0.416635 -2.129303
v 2.062850 -0.416635 -2.266621
v 2.012588 -0.416635 -2.454200
v 2.062850 -0.416635 -2.641780
v 2.200168 -0.416635 -2.779098
v 2.387747 -0.483962 -2.454200
v 2.949663 -0.172538 -2.533372
v 2.728291 -0.282370 -2.617937
v 3.077537 -0.061946 -2.434862
v 2.985011 -0.146970 -2.431671
v 2.964439 -0.190052 -2.532540
v 2.737640 -0.307883 -2.615826
v 3.090424 -0.067936 -2.434123
v 3.001983 -0.163012 -2.430205
v 2.971812 -0.174147 -2.323354
v 2.706919 -0.314540 -2.432026
v 2.751018 -0.280067 -2.253263
v 2.382492 -0.379587 -2.418545
v 2.408888 -0.365472 -2.374850
v 2.392282 -0.372951 -2.456690
v 2.386091 -0.366002 -2.419373
v 2.412767 -0.352008 -2.378092
v 2.395723 -0.359366 -2.456019
v 2.699093 -0.288477 -2.435064
v 2.741072 -0.254892 -2.257016
v 2.957017 -0.156724 -2.325673
v 2.599381 -0.187932 -1.979772
v 2.623505 -0.276711 -2.169797
v 2.546442 -0.098538 -1.860517
v 2.526258 -0.167264 -1.932578
v 2.601551 -0.202089 -1.968007
v 2.623633 -0.297334 -2.162051
v 2.548323 -0.103380 -1.850253
v 2.528349 -0.180232 -1.918967
v 2.438661 -0.189233 -1.922250
v 2.473405 -0.302715 -2.151063
v 2.341426 -0.274849 -2.082273
v 2.400832 -0.355293 -2.403298
v 2.371556 -0.343884 -2.374217
v 2.432662 -0.349929 -2.402896
v 2.402169 -0.344312 -2.400629
v 2.374843 -0.333000 -2.371790
v 2.432792 -0.338948 -2.400065
v 2.474295 -0.281648 -2.157791
v 2.342474 -0.254500 -2.090802
v 2.437657 -0.175149 -1.934313
v 2.150896 -0.159844 -2.331832
v 2.285160 -0.257645 -2.378277
v 2.158197 -0.145424 -2.348838
v 2.171643 -0.136788 -2.303349
v 2.178943 -0.122371 -2.320352
v 2.315783 -0.230335 -2.345339
v 2.336605 -0.202987 -2.378460
v 2.484841 -0.487467 -2.358284
v 2.452808 -0.504697 -2.386705
v 2.307199 -0.231068 -2.411841
v 2.465625 -0.489350 -2.408665
v 2.497663 -0.472115 -2.380249
v 2.278077 -0.024916 -2.584779
v 2.417593 -0.247090 -2.561512
v 2.281768 -0.020043 -2.564710
v 2.241080 -0.025651 -2.577813
v 2.244770 -0.020780 -2.557749
v 2.366474 -0.235332 -2.546990
v 2.377162 -0.217439 -2.502227
v 2.360492 -0.519205 -2.487823
v 2.405848 -0.520995 -2.502643
v 2.428236 -0.230429 -2.515795
v 2.414162 -0.511337 -2.474690
v 2.368808 -0.509544 -2.459862
v 2.556191 -0.131717 -2.494290
v 2.488223 -0.252789 -2.449003
v 2.546060 -0.122725 -2.479758
v 2.531272 -0.121830 -2.517799
v 2.521143 -0.112840 -2.503271
v 2.454068 -0.243164 -2.475944
v 2.429505 -0.228517 -2.447382
v 2.411954 -0.475534 -2.451529
v 2.443541 -0.477000 -2.428555
v 2.463004 -0.239150 -2.420014
v 2.428988 -0.469094 -2.409630
v 2.397396 -0.467627 -2.432600
v 2.012154 -0.153501 -1.947601
v 2.233821 -0.263333 -2.031389
v 1.851129 -0.042910 -1.936332
v 1.918186 -0.127933 -2.000163
v 2.000553 -0.171016 -1.938411
v 2.225429 -0.288847 -2.026758
v 1.841003 -0.048899 -1.928326
v 1.904524 -0.143975 -1.989988
v 1.856122 -0.155110 -2.089912
v 2.126337 -0.295504 -2.184577
v 1.974650 -0.261030 -2.288944
v 2.359941 -0.360550 -2.410107
v 2.311189 -0.346436 -2.425246
v 2.377953 -0.353914 -2.375087
v 2.357800 -0.346965 -2.407099
v 2.310441 -0.332971 -2.420247
v 2.374935 -0.340329 -2.373303
v 2.134205 -0.269440 -2.187504
v 1.984579 -0.235856 -2.292742
v 1.868723 -0.137688 -2.098003
v 1.921987 -0.168895 -2.708260
v 1.998280 -0.257674 -2.532559
v 1.906609 -0.079502 -2.837829
v 1.960760 -0.148228 -2.786178
v 1.914114 -0.183052 -2.717268
v 1.994214 -0.278297 -2.539154
v 1.899750 -0.084343 -2.845693
v 1.952012 -0.161195 -2.796812
v 2.030801 -0.170196 -2.839787
v 2.117769 -0.283678 -2.625313
v 2.196117 -0.255813 -2.751851
v 2.308967 -0.336257 -2.445501
v 2.319288 -0.324847 -2.485453
v 2.281394 -0.330893 -2.429593
v 2.306454 -0.325275 -2.447113
v 2.315223 -0.313964 -2.485862
v 2.279837 -0.319912 -2.431960
v 2.120439 -0.262610 -2.619074
v 2.199572 -0.235463 -2.743983
v 2.037825 -0.156113 -2.829929
v 2.511885 -0.158159 -2.943006
v 2.341186 -0.261621 -2.799157
v 2.651416 -0.053982 -3.003440
v 2.611828 -0.134074 -2.925732
v 2.519314 -0.174658 -2.954804
v 2.347192 -0.285655 -2.805898
v 2.657906 -0.059624 -3.013723
v 2.620780 -0.149186 -2.939050
v 2.695071 -0.159675 -2.865431
v 2.484645 -0.291925 -2.696715
v 2.652089 -0.259451 -2.651490
v 2.347723 -0.353199 -2.423199
v 2.395777 -0.339903 -2.425015
v 2.320755 -0.346948 -2.448673
v 2.348684 -0.340402 -2.426543
v 2.394876 -0.327219 -2.429691
v 2.322878 -0.334151 -2.451202
v 2.478571 -0.267374 -2.691651
v 2.644457 -0.235737 -2.645006
v 2.686409 -0.143263 -2.854297
v 2.501632 -0.111526 -2.466464
v 2.573183 -0.131487 -2.526663
v 2.500830 -0.110177 -2.466424
v 2.501331 -0.110376 -2.465937
v 2.501687 -0.110462 -2.465311
v 2.550726 -0.093121 -2.529886
v 2.563182 -0.109249 -2.513270
v 2.578893 -0.102484 -2.493302
v 2.648888 -0.058528 -2.566278
v 2.501143 -0.111203 -2.466004
v 2.500389 -0.110795 -2.466800
v 2.501764 -0.111252 -2.465014
v 2.590247 -0.123507 -2.489105
v 2.658149 -0.066104 -2.575347
v 2.545068 -0.108489 -2.547783
v 2.499228 -0.110195 -2.472643
v 2.584784 -0.140993 -2.438200
v 2.499129 -0.109657 -2.473034
v 2.499055 -0.109674 -2.472733
v 2.498907 -0.109632 -2.472462
v 2.581768 -0.103601 -2.468253
v 2.571100 -0.115079 -2.444622
v 2.563451 -0.101542 -2.420911
v 2.669533 -0.072816 -2.408375
v 2.498976 -0.110029 -2.472748
v 2.499117 -0.109967 -2.473224
v 2.498762 -0.109927 -2.472306
v 2.562381 -0.121469 -2.403994
v 2.680708 -0.081668 -2.403666
v 2.591762 -0.124772 -2.479929
v 2.503576 -0.111023 -2.477900
v 2.515295 -0.125823 -2.382782
v 2.503939 -0.110605 -2.478282
v 2.503647 -0.110553 -2.478190
v 2.503350 -0.110458 -2.478187
v 2.544475 -0.097636 -2.407124
v 2.517681 -0.103680 -2.402173
v 2.496546 -0.085670 -2.399357
v 2.546992 -0.046724 -2.309045
v 2.503557 -0.110906 -2.478196
v 2.504039 -0.110951 -2.478328
v 2.503095 -0.110716 -2.478175
v 2.478859 -0.100670 -2.388165
v 2.547529 -0.053319 -2.295568
v 2.555735 -0.119863 -2.400622
v 2.510112 -0.112782 -2.476709
v 2.434871 -0.103107 -2.416302
v 2.510693 -0.112445 -2.476674
v 2.510469 -0.112392 -2.476885
v 2.510325 -0.112323 -2.477151
v 2.475330 -0.079619 -2.409244
v 2.455966 -0.086230 -2.428225
v 2.445432 -0.069680 -2.448076
v 2.403805 -0.006343 -2.367618
v 2.510368 -0.112742 -2.476896
v 2.510725 -0.112783 -2.476547
v 2.510137 -0.112587 -2.477312
v 2.424217 -0.082766 -2.454537
v 2.391791 -0.009405 -2.359151
v 2.472173 -0.098707 -2.392251
v 2.512300 -0.113713 -2.470261
v 2.424084 -0.094967 -2.505209
v 2.512636 -0.113336 -2.469818
v 2.512701 -0.113353 -2.470122
v 2.512857 -0.113361 -2.470390
v 2.443371 -0.067982 -2.472504
v 2.447662 -0.080223 -2.496728
v 2.461122 -0.069978 -2.518382
v 2.383160 0.007945 -2.525521
v 2.512597 -0.113702 -2.470147
v 2.512491 -0.113630 -2.469662
v 2.512846 -0.113670 -2.470580
v 2.453138 -0.085521 -2.536750
v 2.369232 0.006159 -2.530832
v 2.424665 -0.082320 -2.463163
v 2.507951 -0.112886 -2.465004
v 2.493411 -0.109346 -2.560190
v 2.497378 -0.043648 -2.636930
v 2.507826 -0.112388 -2.464570
v 2.508109 -0.112474 -2.464664
v 2.508414 -0.112535 -2.464665
v 2.481326 -0.074680 -2.533269
v 2.501197 -0.091700 -2.539326
v 2.527444 -0.086195 -2.540742
v 2.494550 -0.023576 -2.619717
v 2.505702 -0.018147 -2.624851
v 2.514077 -0.028451 -2.622881
v 2.508016 -0.112824 -2.464698
v 2.507570 -0.112645 -2.464558
v 2.508514 -0.112881 -2.464711
v 2.535645 -0.105825 -2.553441
v 2.517793 -0.031854 -2.634318
v 2.502411 -0.022191 -2.638930
v 2.486474 -0.024035 -2.629243
v 2.461674 -0.087358 -2.541455
v 2.612890 -0.115158 -2.553055
v 2.605719 -0.081429 -2.538902
v 2.590133 -0.074746 -2.553361
v 2.616292 -0.083441 -2.519386
v 2.631046 -0.100650 -2.518137
v 2.589088 -0.086703 -2.572631
v 2.630299 -0.128068 -2.421151
v 2.619795 -0.091354 -2.426813
v 2.625129 -0.089031 -2.449564
v 2.608523 -0.087163 -2.406643
v 2.612378 -0.103324 -2.389523
v 2.639015 -0.106319 -2.458365
v 2.527481 -0.105952 -2.338193
v 2.532758 -0.072812 -2.356689
v 2.554605 -0.075765 -2.363989
v 2.510938 -0.064863 -2.356913
v 2.496228 -0.075897 -2.342110
v 2.566268 -0.093384 -2.353460
v 2.407670 -0.072150 -2.387436
v 2.431409 -0.044207 -2.398562
v 2.448581 -0.047232 -2.383222
v 2.421341 -0.038177 -2.418602
v 2.399376 -0.046331 -2.421495
v 2.443068 -0.060855 -2.364747
v 2.390769 -0.060093 -2.519617
v 2.417092 -0.034171 -2.510560
v 2.413012 -0.032224 -2.488036
v 2.429265 -0.034052 -2.530042
v 2.418703 -0.044105 -2.548299
v 2.392634 -0.041173 -2.480924
v 2.493485 -0.081716 -2.602302
v 2.504202 -0.052762 -2.580776
v 2.483949 -0.045949 -2.573383
v 2.526485 -0.056568 -2.580276
v 2.534221 -0.071223 -2.596250
v 2.465994 -0.054190 -2.585194
v 2.509859 -0.096135 -2.470556
v 2.508892 -0.090926 -2.449126
v 2.495166 -0.086934 -2.456889
v 2.490921 -0.084952 -2.472467
v 2.498644 -0.086143 -2.486734
v 2.513811 -0.089808 -2.491333
v 2.527537 -0.093801 -2.483570
v 2.524059 -0.094592 -2.453725
v 2.531782 -0.095782 -2.467992
v 2.541461 -0.107538 -2.467175
v 2.529238 -0.105653 -2.444594
v 2.534743 -0.104402 -2.491831
v 2.513018 -0.098083 -2.504118
v 2.489013 -0.092281 -2.496839
v 2.476789 -0.090397 -2.474257
v 2.483508 -0.093533 -2.449602
v 2.505233 -0.099852 -2.437315
v 2.274359 -0.017828 -2.560092
v 2.198418 0.011084 -2.610481
v 2.275262 -0.019064 -2.560441
v 2.274774 -0.019046 -2.559903
v 2.274446 -0.019160 -2.559266
v 2.223498 -0.022962 -2.624575
v 2.210762 -0.012954 -2.603864
v 2.196685 -0.026103 -2.585967
v 2.126428 -0.055056 -2.665858
v 2.274895 -0.018217 -2.559751
v 2.275635 -0.018332 -2.560651
v 2.274326 -0.018486 -2.558766
v 2.184019 -0.008009 -2.575932
v 2.116156 -0.046182 -2.672271
v 2.227026 -0.002971 -2.637858
v 2.276526 -0.017261 -2.566473
v 2.190840 -0.004226 -2.522396
v 2.276644 -0.017665 -2.566997
v 2.276732 -0.017723 -2.566705
v 2.276897 -0.017821 -2.566460
v 2.195065 -0.031914 -2.561460
v 2.206077 -0.026225 -2.535958
v 2.215970 -0.044844 -2.516998
v 2.113165 -0.084951 -2.509352
v 2.276783 -0.017371 -2.566626
v 2.276622 -0.017317 -2.567097
v 2.277028 -0.017567 -2.566236
v 2.216432 -0.030095 -2.495396
v 2.101621 -0.078667 -2.502097
v 2.182902 -0.009356 -2.566712
v 2.271855 -0.015450 -2.571178
v 2.264114 -0.027448 -2.475262
v 2.271505 -0.015781 -2.571647
v 2.271805 -0.015831 -2.571581
v 2.272107 -0.015897 -2.571613
v 2.235890 -0.050601 -2.505359
v 2.262378 -0.043785 -2.499800
v 2.284928 -0.059993 -2.502576
v 2.242416 -0.125694 -2.424511
v 2.271867 -0.015482 -2.571495
v 2.271377 -0.015446 -2.571595
v 2.272343 -0.015631 -2.571540
v 2.302003 -0.047020 -2.488322
v 2.242099 -0.122977 -2.409750
v 2.223349 -0.031954 -2.492785
v 2.265278 -0.014643 -2.569357
v 2.344129 -0.033410 -2.516122
v 2.264727 -0.015027 -2.569396
v 2.264942 -0.015001 -2.569619
v 2.265076 -0.014986 -2.569899
v 2.305985 -0.061347 -2.514376
v 2.323762 -0.048290 -2.531477
v 2.334446 -0.058012 -2.555358
v 2.384930 -0.136541 -2.496176
v 2.265016 -0.014654 -2.569539
v 2.264675 -0.014738 -2.569182
v 2.265236 -0.014672 -2.569989
v 2.354244 -0.041894 -2.558724
v 2.397111 -0.134802 -2.487575
v 2.308593 -0.047242 -2.492991
v 2.263371 -0.015646 -2.562831
v 2.350770 -0.016742 -2.604242
v 2.263088 -0.016155 -2.562495
v 2.263006 -0.016064 -2.562781
v 2.262835 -0.015999 -2.563033
v 2.335331 -0.052994 -2.579397
v 2.328852 -0.035193 -2.599302
v 2.315073 -0.040463 -2.622484
v 2.398193 -0.106647 -2.652683
v 2.263082 -0.015714 -2.562715
v 2.263218 -0.015902 -2.562271
v 2.262813 -0.015651 -2.563133
v 2.320880 -0.019979 -2.636245
v 2.411646 -0.102317 -2.657748
v 2.353373 -0.040076 -2.567135
v 2.268042 -0.017457 -2.558126
v 2.277742 0.005619 -2.651174
v 2.274670 -0.037493 -2.742568
v 2.268228 -0.018039 -2.557845
v 2.267934 -0.017956 -2.557904
v 2.267625 -0.017923 -2.557879
v 2.293812 -0.033757 -2.634930
v 2.272423 -0.017530 -2.635580
v 2.246627 -0.024719 -2.637607
v 2.279909 -0.061083 -2.731469
v 2.268942 -0.065904 -2.737524
v 2.259932 -0.057257 -2.732603
v 2.267998 -0.017602 -2.557845
v 2.268463 -0.017773 -2.557773
v 2.267498 -0.017588 -2.557828
v 2.236309 -0.003213 -2.644312
v 2.255369 -0.051282 -2.742586
v 2.271168 -0.058006 -2.750096
v 2.287413 -0.057420 -2.740767
v 2.311992 -0.017709 -2.640018
v 2.158711 -0.001051 -2.639045
v 2.169141 -0.036571 -2.634691
v 2.184397 -0.037807 -2.650889
v 2.159496 -0.040724 -2.615034
v 2.143575 -0.025808 -2.608756
v 2.183516 -0.021129 -2.666266
v 2.147395 -0.025103 -2.508041
v 2.160319 -0.057950 -2.523670
v 2.153976 -0.054618 -2.546033
v 2.172928 -0.066340 -2.505724
v 2.168779 -0.055690 -2.484784
v 2.138381 -0.036888 -2.549438
v 2.255839 -0.059400 -2.437286
v 2.252100 -0.086784 -2.463824
v 2.229736 -0.083910 -2.469384
v 2.274413 -0.092468 -2.466848
v 2.289015 -0.084516 -2.450090
v 2.217354 -0.070790 -2.454156
v 2.375076 -0.068428 -2.497478
v 2.352952 -0.094376 -2.514955
v 2.336439 -0.097023 -2.498842
v 2.362370 -0.093986 -2.536179
v 2.383473 -0.083483 -2.537457
v 2.341881 -0.088356 -2.477568
v 2.385807 -0.043529 -2.628504
v 2.362027 -0.073105 -2.625925
v 2.367430 -0.080587 -2.604887
v 2.348882 -0.069115 -2.644338
v 2.357675 -0.053708 -2.659545
v 2.387425 -0.072109 -2.596269
v 2.277516 -0.009768 -2.699132
v 2.270166 -0.044206 -2.685845
v 2.291238 -0.050951 -2.681182
v 2.247717 -0.042615 -2.683651
v 2.238064 -0.024981 -2.694859
v 2.307869 -0.038352 -2.690898
v 2.268591 -0.013701 -2.568002
v 2.267165 -0.008473 -2.546601
v 2.252968 -0.006340 -2.554251
v 2.248359 -0.005054 -2.569798
v 2.256037 -0.005370 -2.584136
v 2.271504 -0.007102 -2.588865
v 2.285701 -0.009235 -2.581215
v 2.282633 -0.010205 -2.551331
v 2.290311 -0.010520 -2.565668
v 2.301425 -0.020931 -2.564865
v 2.289273 -0.020432 -2.542172
v 2.294129 -0.018897 -2.589472
v 2.271659 -0.015520 -2.601579
v 2.247178 -0.012779 -2.594094
v 2.235026 -0.012280 -2.571401
v 2.242321 -0.014314 -2.546794
v 2.264791 -0.017691 -2.534687
v 2.287990 -0.502028 -2.542865
v 2.474083 0.698255 -2.370270
v 2.269453 -0.502249 -2.527460
v 2.455545 0.698035 -2.354865
v 2.254671 -0.495197 -2.545146
v 2.440764 0.705087 -2.372552
v 2.273209 -0.494978 -2.560551
v 2.459302 0.705306 -2.387957
v 2.602024 -0.455709 -2.543281
v 2.478992 0.730927 -2.375152
v 2.583405 -0.460756 -2.528827
v 2.460373 0.725881 -2.360698
v 2.568624 -0.460756 -2.547868
v 2.445592 0.725881 -2.379739
v 2.587243 -0.455709 -2.562321
v 2.464210 0.730927 -2.394192
v 0.154742 1.028274 2.882565
v 0.189798 1.270796 2.450324
v 0.147342 1.296291 2.797214
v 0.008294 1.557104 2.484828
v 0.212157 1.080978 2.797262
v 0.110152 1.300240 2.450523
v 0.055686 1.233385 2.922313
v 0.120161 1.480029 2.478185
v 0.154167 1.061990 2.912522
v 0.150363 1.310848 2.456644
v 0.111860 1.341315 2.806405
v 0.223644 1.120886 2.817738
v 0.054446 1.288610 2.891708
v 0.087941 1.527660 2.484628
v -0.505343 1.080053 2.841594
v -0.528048 1.273758 2.450363
v -0.435279 1.441839 2.472208
v -0.409973 1.253925 2.821495
v -0.463246 1.275752 2.445946
v -0.327826 1.530496 2.480837
v -0.420518 1.034636 2.928708
v -0.281722 1.203911 2.939086
v -0.519268 1.235569 2.444137
v -0.383847 1.490313 2.479028
v -0.491213 1.042383 2.819845
v -0.419943 1.000920 2.898751
v -0.282963 1.259137 2.908480
v -0.354233 1.300601 2.829574
v 0.380167 0.625694 2.437702
v 0.425769 -1.218509 2.184834
v 0.486299 -1.177837 2.191360
v 0.442641 0.587753 2.433449
v -0.038995 -1.353158 2.159637
v -0.090739 0.739447 2.446565
v -0.152242 0.737991 2.445475
v -0.100501 -1.354448 2.158570
v -0.571407 -1.240695 2.167434
v -0.617006 0.603342 2.420279
v 0.144256 0.728702 2.416297
v -0.677588 0.564960 2.414389
v -0.633818 -1.205130 2.171683
v 0.608538 0.447956 2.470621
v 0.645463 -1.045316 2.265871
v -0.838729 0.429531 2.448460
v -0.801109 -1.091842 2.239856
v 0.193773 -1.334964 2.219931
v 0.143033 0.717018 2.501289
v -0.386531 0.704481 2.491903
v -0.333544 -1.346019 2.210781
v -0.090248 0.744137 2.412450
v -0.151751 0.742681 2.411360
v 0.443131 0.592443 2.399334
v 0.380658 0.630384 2.403587
v 0.842320 0.129105 2.340976
v 0.862142 -0.697081 2.262451
v 0.426260 -1.213819 2.150718
v 0.486789 -1.173148 2.157245
v -0.100010 -1.349758 2.124455
v -0.038504 -1.348468 2.125522
v -0.633327 -1.200440 2.137567
v -0.570916 -1.236005 2.133318
v -1.032567 -0.734718 2.195254
v -0.967335 -0.884722 2.176167
v -0.995131 0.239367 2.330297
v -1.052880 0.086778 2.307893
v -0.616515 0.608031 2.386164
v -0.677098 0.569650 2.380274
v -0.149649 0.762770 2.265225
v -0.088146 0.764226 2.266315
v 0.382760 0.650474 2.257452
v 0.445233 0.612532 2.253199
v 0.844422 0.149195 2.194841
v 0.865368 -0.666253 2.038205
v 0.488892 -1.153059 2.011110
v 0.428363 -1.193729 2.004584
v -0.036401 -1.328379 1.979387
v -0.097908 -1.329668 1.978320
v -0.568814 -1.215916 1.987183
v -0.631225 -1.180351 1.991432
v -0.965233 -0.864633 2.030032
v -1.030464 -0.714629 2.049118
v -1.050777 0.106867 2.161758
v -0.993028 0.259457 2.184162
v -0.674995 0.589739 2.234139
v -0.614412 0.628120 2.240029
v -1.033057 -0.739408 2.229368
v -1.053370 0.082088 2.342008
v -0.995622 0.234678 2.364412
v -0.967826 -0.889412 2.210283
v 0.841829 0.124415 2.375091
v 0.804314 -0.847557 2.241340
v 0.776629 0.272034 2.394853
v 0.963063 -0.283852 2.320710
v -1.154293 -0.331141 2.283749
v -0.331029 -1.300237 1.877341
v -0.381734 0.750314 2.158502
v 0.147830 0.762852 2.167888
v 0.198570 -1.289131 1.886530
v -0.796314 -1.046009 1.906455
v -0.833933 0.475364 2.115059
v 0.650260 -0.999483 1.932469
v 0.613334 0.493789 2.137220
v -0.568181 -1.209867 1.943188
v -0.613779 0.634169 2.196033
v -0.674362 0.595787 2.190143
v -0.630592 -1.174303 1.947437
v -0.035769 -1.322330 1.935392
v -0.087514 0.770274 2.222319
v -0.149016 0.768818 2.221229
v -0.097275 -1.323621 1.934324
v 0.383392 0.656522 2.213456
v 0.428995 -1.187681 1.960588
v 0.489525 -1.147011 1.967114
v 0.445866 0.618581 2.209203
v -0.964600 -0.858584 1.986037
v -0.992395 0.265505 2.140167
v -1.050144 0.112915 2.117762
v -1.029831 -0.708581 2.005123
v 0.779855 0.302861 2.170607
v 0.807540 -0.816730 2.017094
v 0.845055 0.155242 2.150845
v 0.966289 -0.253025 2.096464
v -1.151067 -0.300314 2.059504
v 0.061477 0.724844 2.482198
v 0.177635 -0.682284 2.309424
v 0.126405 0.632226 2.466519
v 0.102173 0.638566 2.453494
v 0.152214 -0.411490 2.323410
v -0.364456 -0.095885 2.382194
v -0.405600 -1.317002 2.198673
v -0.341444 -1.236054 2.186424
v -0.364757 -0.293253 2.315696
v -0.395786 -1.214170 2.177293
v 0.567321 -0.322583 2.410604
v 0.568227 -0.416200 2.478425
v 0.607480 -0.370753 2.461607
v 0.624407 -0.345554 2.408267
v 0.620653 -0.345939 2.377286
v 0.625049 -0.411750 2.456224
v 0.649252 -0.403533 2.400654
v 0.643608 -0.399504 2.370253
v 0.609526 -0.453487 2.450263
v 0.627301 -0.462557 2.392224
v 0.623326 -0.454033 2.362465
v 0.570008 -0.471514 2.447216
v 0.571413 -0.488050 2.387916
v 0.571692 -0.477587 2.358485
v 0.529640 -0.455272 2.448869
v 0.514325 -0.465080 2.390252
v 0.518950 -0.456365 2.360643
v 0.512073 -0.414273 2.454252
v 0.489481 -0.407101 2.397865
v 0.496000 -0.402800 2.367676
v 0.527594 -0.372538 2.460212
v 0.511431 -0.348077 2.406295
v 0.516277 -0.348269 2.375464
v 0.567114 -0.354510 2.463259
v 0.567912 -0.324716 2.379445
v 0.599848 -0.365655 2.350238
v 0.613256 -0.396947 2.346129
v 0.601409 -0.428802 2.341580
v 0.571246 -0.442560 2.339254
v 0.540435 -0.430163 2.340515
v 0.527028 -0.398872 2.344624
v 0.538874 -0.367017 2.349173
v 0.569037 -0.353259 2.351499
v 0.600197 -0.362313 2.325927
v 0.613605 -0.393604 2.321818
v 0.601759 -0.425460 2.317269
v 0.571595 -0.439219 2.314943
v 0.540784 -0.426822 2.316204
v 0.527377 -0.395530 2.320313
v 0.539223 -0.363675 2.324863
v 0.569387 -0.349916 2.327188
v -1.082179 -0.086068 2.010710
v -1.291778 -0.352112 2.462807
v -1.262753 -0.581514 2.431751
v -0.940932 0.276405 2.062571
v -1.189368 -0.801772 2.402456
v -0.819624 0.430162 2.085454
v -1.074131 -1.004020 2.376419
v -0.670327 0.557458 2.105101
v -0.921876 -1.182038 2.354513
v -0.498775 0.653401 2.120758
v -0.738319 -1.328390 2.336768
v -0.311562 0.714306 2.131824
v -0.528438 -1.429675 2.326130
v -0.115884 0.737829 2.137872
v -0.302373 -1.489776 2.320750
v 0.080742 0.723067 2.138672
v -0.068951 -1.507002 2.321791
v 0.270759 0.670589 2.134191
v 0.163261 -1.479152 2.329449
v 0.446864 0.582410 2.124602
v 0.385442 -1.406794 2.341987
v 0.602288 0.461920 2.110274
v 0.589042 -1.292808 2.359649
v 0.731060 0.313748 2.091757
v 0.766106 -1.141338 2.382590
v 0.828233 0.143589 2.069763
v 0.911168 -0.954455 2.404435
v 0.890070 -0.042018 2.045137
v 1.037878 -0.727630 2.406387
v 0.914196 -0.235941 2.018825
v 1.098560 -0.563330 2.539656
v 0.899682 -0.430726 1.991839
v 1.112134 -0.307014 2.572872
v 0.847087 -0.618890 1.965215
v 1.083022 -0.073839 2.607845
v 0.758433 -0.793199 1.939977
v 1.008497 0.149505 2.639430
v 0.637127 -0.946956 1.917095
v 0.891477 0.354951 2.662652
v 0.487829 -1.074252 1.897448
v 0.736301 0.533103 2.687552
v 0.316277 -1.170196 1.881790
v 0.549057 0.678262 2.704813
v 0.129065 -1.231099 1.870725
v 0.336927 0.784780 2.714290
v -0.066614 -1.254622 1.864676
v 0.107977 0.847717 2.721763
v -0.263241 -1.239861 1.863877
v -0.128904 0.865500 2.720800
v -0.453257 -1.187383 1.868358
v -0.364616 0.837446 2.711438
v -0.629362 -1.099204 1.877947
v -0.590188 0.763788 2.700182
v -0.784787 -0.978713 1.892275
v -0.807970 0.666768 2.681597
v -0.913560 -0.830542 1.910792
v -0.993811 0.511185 2.657618
v -1.010732 -0.660382 1.932786
v -1.122869 0.309608 2.630082
v -1.072569 -0.474775 1.957412
v -1.096694 -0.280852 1.983724
v -1.278732 -0.129406 2.494506
v -1.284192 -0.050936 1.589985
v -1.114147 0.385433 1.652419
v -0.968109 0.570536 1.679966
v -0.788374 0.723783 1.703618
v -0.581850 0.839288 1.722468
v -0.356471 0.912606 1.735790
v -0.120899 0.940926 1.743071
v 0.115813 0.923155 1.744033
v 0.344566 0.859978 1.738639
v 0.556573 0.753823 1.727095
v 0.743684 0.608768 1.709846
v 0.898710 0.430388 1.687555
v 1.015691 0.225539 1.661076
v 1.090134 0.002094 1.631430
v 1.119178 -0.231363 1.599754
v 1.101706 -0.465859 1.567266
v 1.038389 -0.692382 1.535215
v 0.931661 -0.902227 1.504832
v 0.785624 -1.087331 1.477285
v 0.605889 -1.240579 1.453632
v 0.399364 -1.356081 1.434783
v -0.527052 -1.376773 1.418612
v -0.739059 -1.270617 1.430155
v -0.926171 -1.125562 1.447405
v -1.081196 -0.947183 1.469696
v -1.198178 -0.742334 1.496175
v -1.272621 -0.518888 1.525821
v -1.301665 -0.285431 1.557497
v -1.376524 -0.320857 2.225017
v 1.101412 -0.751787 2.201422
v 0.124473 0.958942 2.422545
v -0.780769 -1.364093 2.090172
v 0.366706 0.892043 2.416833
v -1.358022 -0.072545 2.259419
v 0.988395 -0.973998 2.169249
v -0.978904 -1.210491 2.108438
v 0.591205 0.779632 2.404609
v 0.833754 -1.170007 2.140079
v -1.266940 -0.804683 2.160081
v -1.143065 -1.021602 2.132043
v -1.023315 0.585546 2.354702
v -1.177959 0.389536 2.325532
v 0.953501 0.437141 2.362738
v 0.789342 0.626030 2.386343
v 0.424734 -1.454594 2.095073
v 0.643427 -1.332285 2.115032
v 1.168459 -0.511917 2.235362
v -0.556270 -1.476503 2.077948
v -0.126186 0.977759 2.421526
v 1.186961 -0.263604 2.269764
v -0.375638 0.947772 2.413815
v -0.614296 0.870132 2.399709
v 1.156206 -0.016391 2.303306
v 1.077377 0.220222 2.334700
v -0.832991 0.747824 2.379749
v -1.345770 -0.568070 2.191475
v -0.860863 -1.124096 2.423161
v -1.002280 -0.960989 2.440993
v 0.834393 -0.919519 2.469776
v 0.701163 -1.088220 2.443211
v 0.301703 0.687779 2.688183
v 0.492103 0.591147 2.675426
v 0.910921 0.108124 2.622415
v 0.978932 -0.094945 2.589440
v 0.142970 -1.401339 2.399535
v -0.071940 -1.426827 2.390337
v -0.750184 0.579065 2.655489
v -0.550169 0.671999 2.674584
v -0.690738 -1.258608 2.405405
v 0.102199 0.745570 2.693708
v -1.203432 -0.357059 2.520255
v -1.190461 -0.151587 2.550376
v 0.932048 -0.725092 2.487091
v 0.348665 -1.333973 2.408303
v -1.176933 -0.570084 2.491408
v 0.804205 0.295268 2.644898
v -0.923618 0.435611 2.627683
v 1.002495 -0.535197 2.515966
v -0.496689 -1.353311 2.396890
v -0.124345 0.761918 2.693210
v -1.109007 -0.773958 2.464302
v 0.537170 -1.227988 2.421186
v 0.662789 0.458380 2.662691
v -1.034019 0.264378 2.610189
v -0.287927 -1.410612 2.389459
v 1.005481 -0.307504 2.557211
v -0.346327 0.737324 2.685994
v -0.336349 0.824294 2.143874
v 1.027552 -0.233044 2.018141
v -0.282581 -1.350106 1.845731
v -1.036649 0.337043 2.066818
v 0.680492 0.543466 2.119896
v 0.553133 -1.165833 1.883085
v -1.114316 -0.705320 1.922405
v -0.118617 0.850470 2.150605
v -0.494013 -1.291714 1.850716
v 1.011401 -0.449781 1.988114
v -0.901669 0.508128 2.092279
v 0.823777 0.378595 2.099293
v -1.183121 -0.498795 1.949807
v 0.362247 -1.272590 1.865663
v 0.952879 -0.659151 1.958490
v -1.193814 -0.066279 2.009112
v -1.209965 -0.283017 1.979084
v 0.100168 0.834044 2.151494
v -0.689964 -1.193596 1.861386
v -0.544662 0.756527 2.131562
v -0.735546 0.649771 2.114140
v -0.063796 -1.366531 1.846620
v 0.153936 -1.340357 1.853350
v 1.000707 -0.017267 2.047418
v 0.931901 0.189259 2.074820
v 0.507550 0.677535 2.135839
v 0.311598 0.775651 2.146508
v 0.719257 -1.024190 1.904947
v 0.854235 -0.853105 1.930408
v -1.006191 -0.894656 1.897932
v -0.862905 -1.059526 1.877329
v -1.107903 -0.329460 2.336209
v -0.678932 0.513968 2.458326
v -0.506335 0.610497 2.474079
v -0.317979 0.671771 2.485212
v -0.121105 0.695438 2.491298
v 0.076721 0.680588 2.492102
v 0.267896 0.627788 2.487594
v 0.445076 0.539071 2.477947
v 0.601450 0.417846 2.463531
v 0.731009 0.268769 2.444901
v 0.828773 0.097571 2.422773
v 0.890987 -0.089169 2.397996
v 0.915261 -0.284275 2.371524
v -1.083631 -0.524568 2.309736
v -0.829142 0.385894 2.438559
v -1.021417 -0.711307 2.284960
v -0.951190 0.231198 2.415537
v -0.923650 -0.882505 2.262831
v -0.794092 -1.031581 2.244201
v -1.093300 -0.133487 2.363359
v -0.637718 -1.152808 2.229786
v -0.460540 -1.241525 2.220138
v -0.269363 -1.294323 2.215630
v -0.071537 -1.309175 2.216434
v 0.125337 -1.285508 2.222520
v 0.313691 -1.224233 2.233653
v 0.486292 -1.127703 2.249406
v 0.636502 -0.999630 2.269173
v 0.758548 -0.844934 2.292195
v 0.847743 -0.669561 2.317587
v 0.900658 -0.480249 2.344373
v -1.020331 0.120291 2.039968
v -1.203499 0.137174 2.606412
v -1.233682 0.059951 2.534837
v -1.059601 0.074514 2.466838
v -1.211619 0.193784 1.624670
v -1.281722 0.185520 2.295993
v -1.152020 0.016212 2.573139
v -1.109477 0.119585 2.587975
v -1.126037 0.161286 2.041370
v -1.031134 0.074014 2.392779
v -1.204519 0.108866 2.565294
v -1.212627 0.087581 2.567115
v -1.237914 0.146079 2.396155
v -1.123969 0.104092 2.484423
v -1.143585 0.085820 2.522510
v -1.132941 0.113767 2.520119
v 1.070469 -0.601576 2.525836
v 1.156745 -0.631272 2.266119
v 1.076028 -0.656709 2.349237
v 1.083978 -0.628263 2.353262
v 1.120095 -0.632051 2.309018
v 0.336825 1.209411 2.851635
v 0.494662 1.357574 2.458816
v 0.466931 1.319567 2.834367
v 0.455215 1.533059 2.429876
v 0.429157 1.222193 2.777412
v 0.428307 1.414277 2.373437
v 0.357625 1.307391 2.916011
v 0.527121 1.454357 2.519742
v 0.337267 1.217525 2.873312
v 0.506763 1.364492 2.477042
v 0.456065 1.340975 2.833851
v 0.446573 1.229702 2.791668
v 0.363733 1.328193 2.908074
v 0.521570 1.476357 2.515256
v -0.720269 1.200308 2.811591
v -0.850002 1.348833 2.408095
v -0.849231 1.310790 2.784703
v -0.809289 1.524217 2.382130
v -0.807063 1.213315 2.730716
v -0.777907 1.405362 2.327855
v -0.746047 1.298347 2.874238
v -0.887154 1.445703 2.466435
v -0.722304 1.208426 2.833176
v -0.863411 1.355783 2.425373
v -0.838445 1.332170 2.784992
v -0.825489 1.220869 2.743642
v -0.751651 1.319163 2.865865
v -0.881384 1.467689 2.462369
v -0.087537 1.489994 2.946117
v -0.087750 1.727571 2.385245
v -0.126130 1.591413 2.270920
v -0.127814 1.349881 2.887207
v -0.123174 1.359561 2.912092
v -0.092705 1.465558 2.956658
v -0.146129 1.492005 2.944728
v -0.145852 1.728876 2.382379
v -0.184582 1.591487 2.268482
v -0.186882 1.350514 2.885390
v -0.182164 1.360369 2.910364
v -0.151335 1.467412 2.955271
v 0.092278 1.259076 2.775656
v 0.556785 1.092215 2.759855
v 0.037735 1.533039 2.280830
v 0.697082 1.251605 2.366117
v 0.099077 1.342925 2.820400
v 0.695964 1.189530 2.740270
v 0.022244 1.642803 2.338980
v 0.684413 1.424775 2.348024
v 0.645999 1.099682 2.680990
v 0.643186 1.312540 2.287574
v 0.590318 1.183965 2.827570
v 0.741909 1.341184 2.429641
v 0.075764 1.258787 2.753644
v 0.559127 1.099054 2.781836
v 0.721620 1.249580 2.383805
v 0.086388 1.369688 2.812853
v 0.687226 1.211916 2.741440
v 0.664773 1.104619 2.694536
v 0.598011 1.204449 2.820304
v 0.738309 1.363840 2.426566
v 0.168701 1.205837 2.601520
v 0.909659 0.914580 2.672787
v 0.262224 1.242640 2.065933
v 1.103088 0.938746 2.255419
v 0.200633 1.300754 2.617082
v 1.085541 1.010576 2.626651
v 0.304430 1.368098 2.086504
v 1.047562 1.090549 2.176286
v 1.034932 0.906721 2.599629
v 1.005356 0.965089 2.155715
v 0.943764 1.023203 2.706864
v 1.148504 1.043808 2.286450
v 0.131724 1.190614 2.581594
v 0.911833 0.928287 2.691302
v 1.116573 0.948892 2.270887
v 0.173930 1.316072 2.602165
v 1.077138 1.032180 2.620199
v 1.053610 0.915660 2.611089
v 0.951865 1.040039 2.693357
v 1.145294 1.064205 2.275989
v 0.757810 0.987984 2.538642
v 1.206550 0.576795 2.657799
v 0.908063 0.986700 2.015525
v 1.409414 0.562609 2.258809
v 0.813590 1.069398 2.558604
v 1.377827 0.642392 2.627450
v 0.981791 1.094311 2.041910
v 1.434722 0.695866 2.179895
v 1.302813 0.557838 2.594084
v 1.360994 0.588255 2.153509
v 1.266522 0.670953 2.696588
v 1.479442 0.649932 2.295658
v 0.733251 0.991565 2.513619
v 1.210742 0.589539 2.676626
v 1.423663 0.568518 2.275696
v 0.806979 1.099175 2.540004
v 1.376541 0.665449 2.620469
v 1.322048 0.560978 2.607488
v 1.280278 0.684406 2.684185
v 1.483142 0.670219 2.285195
v 1.155343 0.584960 2.562606
v 1.438957 0.027169 2.558524
v 1.246334 0.620983 2.026507
v 1.585727 0.011406 2.134427
v 1.237568 0.637020 2.583947
v 1.618308 0.032664 2.510825
v 1.355018 0.689795 2.054715
v 1.648731 0.139047 2.070064
v 1.515876 -0.013218 2.478893
v 1.540047 0.070234 2.041857
v 1.531281 0.086271 2.599296
v 1.684819 0.060998 2.170889
v 1.131478 0.601213 2.542290
v 1.449056 0.034211 2.577955
v 1.602594 0.008939 2.149549
v 1.240162 0.670024 2.570498
v 1.624560 0.055593 2.507100
v 1.536083 -0.019396 2.489485
v 1.547641 0.095981 2.586731
v 1.694411 0.080218 2.162635
v -0.416374 1.236917 2.755038
v -0.917841 1.027974 2.700078
v -0.340116 1.516579 2.265513
v -1.056688 1.175204 2.295025
v -0.435556 1.319634 2.798729
v -1.080697 1.112131 2.668250
v -0.337967 1.627111 2.324379
v -1.057309 1.348898 2.277420
v -1.011565 1.027471 2.613798
v -0.995729 1.241142 2.221138
v -0.969513 1.116013 2.764340
v -1.120413 1.260053 2.354149
v -0.396087 1.238232 2.734517
v -0.922925 1.034489 2.721759
v -1.085355 1.170860 2.310556
v -0.423280 1.347485 2.792193
v -1.073145 1.135226 2.670080
v -1.034109 1.030608 2.625670
v -0.979420 1.135729 2.756360
v -1.118267 1.282960 2.351307
v -0.514422 1.176077 2.573828
v -1.229987 0.821366 2.586052
v -0.568633 1.206443 2.032253
v -1.391535 0.830068 2.154293
v -0.555743 1.267801 2.586421
v -1.409515 0.901879 2.525509
v -0.623250 1.327683 2.048898
v -1.343635 0.986375 2.079353
v -1.347960 0.802910 2.503033
v -1.289018 0.865135 2.062708
v -1.276128 0.926494 2.616876
v -1.448354 0.930676 2.181180
v -0.474799 1.164190 2.557007
v -1.234807 0.834768 2.604283
v -1.407033 0.838951 2.168587
v -0.529416 1.285431 2.573653
v -1.402577 0.924151 2.519678
v -1.368194 0.810154 2.512915
v -1.284604 0.942606 2.602697
v -1.446152 0.951308 2.170939
v -1.075202 0.908129 2.464337
v -1.493741 0.459158 2.548337
v -1.183351 0.895588 1.930745
v -1.662702 0.428772 2.134275
v -1.139354 0.984318 2.479438
v -1.667242 0.509735 2.504012
v -1.268144 0.996293 1.950705
v -1.693446 0.559588 2.053087
v -1.582664 0.432133 2.477115
v -1.608652 0.458883 2.033128
v -1.564655 0.547613 2.581820
v -1.742846 0.509554 2.165035
v -1.049175 0.913914 2.441365
v -1.500504 0.471424 2.566720
v -1.678696 0.433365 2.149935
v -1.133968 1.014618 2.461324
v -1.667458 0.532838 2.497075
v -1.603091 0.433546 2.488912
v -1.578535 0.559863 2.568297
v -1.747496 0.529478 2.154234
v -1.436165 0.472062 2.457554
v -1.668126 -0.108191 2.432572
v -1.487752 0.501874 1.915675
v -1.779284 -0.135190 1.998019
v -1.524088 0.516709 2.471997
v -1.842970 -0.118125 2.370515
v -1.603967 0.560888 1.934766
v -1.848099 -0.013292 1.928313
v -1.734701 -0.154829 2.347124
v -1.731884 -0.072306 1.909222
v -1.768220 -0.057470 2.465544
v -1.884919 -0.094516 2.026182
v -1.412316 0.490393 2.439172
v -1.680297 -0.102118 2.451101
v -1.796997 -0.139164 2.011739
v -1.528531 0.549407 2.458263
v -1.850915 -0.095814 2.366215
v -1.755047 -0.162773 2.356071
v -1.784340 -0.049176 2.451662
v -1.895498 -0.076176 2.017110
v -0.450552 1.251719 2.315194
v -0.207912 1.286326 2.322253
v -0.209829 1.258274 2.525671
v -0.452470 1.223668 2.518612
v -1.650339 0.129313 2.149106
v -1.491922 0.472298 2.197897
v -1.493839 0.444246 2.401315
v -1.652256 0.101261 2.352525
v -1.257873 0.796383 2.244794
v -0.991797 1.028329 2.279287
v -0.993714 1.000277 2.482706
v -1.259790 0.768332 2.448213
v -1.699649 -0.226825 2.343808
v -1.720857 -0.188273 2.104646
v 0.313640 1.226514 2.318920
v 0.311723 1.198462 2.522339
v 0.036595 1.251173 2.527014
v 0.038512 1.279225 2.323596
v 0.906085 0.893710 2.485914
v 0.908002 0.921761 2.282496
v 1.181997 0.628642 2.244657
v 1.180080 0.600590 2.448076
v 0.610912 1.120305 2.307075
v 0.608994 1.092254 2.510494
v 1.489473 -0.000708 2.160768
v 1.487556 -0.028759 2.364186
v -0.635746 1.135012 2.541632
v -0.714372 1.168146 2.301183
v 1.379039 0.278366 2.405516
v 1.380956 0.306418 2.202097
v -0.418951 1.110664 2.296040
v -0.199407 1.142008 2.302431
v -1.516167 0.081790 2.143817
v -1.369965 0.397915 2.188789
v -1.392906 0.377475 2.430032
v -1.541180 0.056795 2.384413
v -1.153746 0.697742 2.232173
v -0.913300 0.907569 2.263374
v -0.928871 0.894994 2.505771
v -1.173664 0.681416 2.474011
v -1.608207 -0.248244 2.341716
v -1.582481 -0.220686 2.101481
v 0.277599 1.086892 2.299326
v 0.023995 1.135516 2.303642
v 0.817444 0.810946 2.266361
v 1.070212 0.540203 2.231408
v 0.548594 0.990761 2.288624
v 1.356006 -0.049004 2.152850
v -0.661227 1.033885 2.283169
v 1.253495 0.243609 2.192235
v -0.754484 1.120530 2.503954
v -0.714716 1.163123 2.337605
v -0.661571 1.028861 2.319591
v -0.740001 0.989853 2.520632
v -0.208728 1.228796 2.558589
v -0.447452 1.194743 2.551644
v -1.473499 0.426629 2.436051
v -1.629845 0.088199 2.387907
v -0.980744 0.974795 2.516287
v -1.242474 0.746601 2.482352
v -1.722775 -0.216325 2.308065
v 0.305269 1.169782 2.555295
v 0.033791 1.221799 2.559910
v 0.890386 0.869914 2.519458
v 1.160781 0.580589 2.482108
v 0.598084 1.065282 2.543644
v 1.464579 -0.041953 2.399123
v -0.675624 1.152657 2.509127
v 1.357081 0.262712 2.440123
v -0.201324 1.113956 2.505850
v -0.420868 1.082612 2.499459
v -1.371882 0.369864 2.392208
v -1.518084 0.053739 2.347236
v -0.915217 0.879518 2.466793
v -1.155663 0.669691 2.435591
v -1.584398 -0.248738 2.304899
v 0.275682 1.058840 2.502745
v 0.022078 1.107464 2.507060
v 0.815527 0.782895 2.469780
v 1.068295 0.512152 2.434827
v 0.546677 0.962709 2.492042
v 1.354089 -0.077055 2.356268
v -0.622481 1.018400 2.491114
v 1.251578 0.215558 2.395653
v -0.774997 1.078279 2.532496
v -0.701382 0.986357 2.485952
v 1.904598 5.680583 -1.016253
v 2.048848 5.703449 -1.370798
v 2.397098 5.758655 -1.517655
v 2.745348 5.813859 -1.370798
v 2.889598 5.836725 -1.016252
v 2.745348 5.813859 -0.661707
v 2.339539 6.014264 -1.016252
v 2.397098 5.758655 -0.514850
v 2.048848 5.703449 -0.661707
v 1.680786 5.414666 -1.016252
v 1.901612 5.416435 -1.554334
v 2.434735 5.420706 -1.777215
v 2.967857 5.424976 -1.554334
v 3.188684 5.426744 -1.016252
v 2.967857 5.424976 -0.478171
v 2.434734 5.420706 -0.255290
v 1.901612 5.416435 -0.478171
v 1.709101 5.324937 -1.016253
v 1.923354 5.316375 -1.550253
v 2.440604 5.295705 -1.771444
v 2.957854 5.275035 -1.550253
v 3.172106 5.266474 -1.016252
v 2.957854 5.275035 -0.482252
v 2.440604 5.295705 -0.261061
v 1.923353 5.316375 -0.482252
v 2.174587 5.245860 -1.016253
v 2.251039 5.239724 -1.208664
v 2.435610 5.224911 -1.288364
v 2.620180 5.210098 -1.208664
v 2.696632 5.203961 -1.016253
v 2.620180 5.210098 -0.823841
v 2.435610 5.224911 -0.744142
v 2.251039 5.239724 -0.823841
v 2.127847 5.101459 -1.016253
v 2.210016 5.086423 -1.226510
v 2.408388 5.050124 -1.313601
v 2.606760 5.013825 -1.226510
v 2.688928 4.998790 -1.016253
v 2.606760 5.013825 -0.805995
v 2.408388 5.050124 -0.718904
v 2.210016 5.086423 -0.805995
v 1.951924 4.857456 -1.016253
v 2.059283 4.817299 -1.305403
v 2.318471 4.720350 -1.425173
v 2.577659 4.623402 -1.305403
v 2.685018 4.583245 -1.016252
v 2.577659 4.623402 -0.727102
v 2.318471 4.720351 -0.607332
v 2.059283 4.817299 -0.727102
v 1.729287 4.636107 -1.016252
v 1.856483 4.561450 -1.387781
v 2.163559 4.381213 -1.541673
v 2.470635 4.200975 -1.387781
v 2.597830 4.126318 -1.016252
v 2.470635 4.200975 -0.644724
v 2.163558 4.381213 -0.490832
v 1.856483 4.561450 -0.644724
v 2.275483 5.976485 -1.088730
v 2.140668 5.830919 -1.256606
v 2.344798 5.997562 -1.118751
v 2.374543 5.884021 -1.356164
v 2.414114 6.018640 -1.088730
v 2.608418 5.937122 -1.256606
v 2.442825 6.027370 -1.016252
v 2.705292 5.959119 -1.016252
v 2.414114 6.018640 -0.943775
v 2.608418 5.937122 -0.775899
v 2.344798 5.997562 -0.913754
v 2.374543 5.884021 -0.676341
v 2.275483 5.976485 -0.943775
v 2.140668 5.830919 -0.775899
v 2.246771 5.967754 -1.016253
v 2.043794 5.808923 -1.016253
v 1.771823 5.535307 -1.016253
v 3.066109 5.629499 -1.016252
v 1.961366 5.549101 -1.478306
v 2.876565 5.615705 -0.554199
v 2.418966 5.582403 -1.669695
v 2.418966 5.582403 -0.362810
v 2.876565 5.615705 -1.478306
v 1.961366 5.549101 -0.554199
v 2.437968 5.245393 -1.384617
v 2.437968 5.245393 -0.647888
v 2.688163 5.228313 -1.276726
v 2.187773 5.262473 -0.755780
v 2.791798 5.221239 -1.016253
v 2.187773 5.262473 -1.276726
v 2.688163 5.228313 -0.755780
v 2.084139 5.269547 -1.016253
v 2.992101 5.320549 -1.578461
v 1.889274 5.347049 -0.454044
v 3.220504 5.315061 -1.016252
v 1.660871 5.352537 -1.016253
v 1.889274 5.347049 -1.578461
v 2.992101 5.320549 -0.454044
v 2.440687 5.333799 -1.811336
v 2.440687 5.333799 -0.221169
v 1.836048 4.744642 -1.016253
v 1.956652 4.686372 -1.353961
v 1.956652 4.686372 -0.678545
v 2.538980 4.405018 -0.678544
v 2.247816 4.545695 -0.538661
v 2.538981 4.405018 -1.353961
v 2.659585 4.346748 -1.016252
v 2.247816 4.545695 -1.493844
v 2.069725 4.230539 -0.489104
v 1.776769 4.435222 -0.643502
v 2.484027 3.941074 -1.016252
v 2.362681 4.025856 -0.643502
v 2.069726 4.230539 -1.543401
v 2.362681 4.025856 -1.389003
v 1.655423 4.520004 -1.016252
v 1.776769 4.435222 -1.389003
v -2.241224 1.091476 0.962973
v -2.547306 1.550342 0.664898
v -3.018039 1.193824 0.478916
v -2.818712 1.341435 -0.049066
v -2.445298 1.333426 -0.256145
v -2.223392 0.796214 1.066324
v -2.574315 0.762633 1.199121
v -2.911048 0.932926 0.992450
v -2.453913 0.779771 0.590803
v -2.341636 0.789753 0.865180
v -2.502412 1.211504 -0.071836
v -2.595170 0.801126 0.974442
v -2.825425 0.950922 0.835795
v -2.897635 1.140227 0.469680
v -2.759337 1.243306 0.090349
v -2.685839 1.058865 0.458959
v -2.648447 1.092710 0.351020
v -2.577811 1.060290 0.294035
v -2.511652 0.911640 0.293521
v -2.530676 0.827476 0.508105
v -2.604663 0.941490 0.596921
v -2.667493 1.008446 0.565856
v -2.599680 0.886715 0.401672
v -2.594808 1.578168 0.563098
v -2.683373 1.552094 0.333454
v -2.532981 1.581604 0.526257
v -2.491575 1.557702 0.233506
v -2.481531 1.561026 0.567769
v -2.330323 1.497175 0.351734
v -2.467686 1.524476 0.662546
v -2.286409 1.398299 0.630794
v -2.497967 1.488313 0.753154
v -2.378144 1.285604 0.891148
v -2.201831 1.209381 0.806848
v -2.556211 1.478832 0.788278
v -2.558642 1.260987 0.989996
v -2.611290 1.505250 0.749004
v -2.731996 1.336978 0.881902
v -2.628395 1.548288 0.656150
v -2.791597 1.466581 0.608109
v -2.971930 1.288577 0.520608
v -2.785801 1.427789 0.048697
v -2.230498 0.942872 1.048008
v -2.444359 1.429483 -0.127016
v -2.559445 0.920329 1.171099
v -2.868886 1.060209 0.985860
v -2.952602 1.288146 0.193653
v -2.637066 1.353212 -0.205841
v -2.275652 1.294126 -0.197742
v -2.395945 0.761934 1.159107
v -2.756731 0.823796 1.143932
v -3.002731 1.066368 0.759088
v -2.851775 1.208024 0.265879
v -2.887600 1.049530 0.669968
v -2.720939 0.861467 0.940586
v -2.381234 1.165819 -0.037066
v -2.635077 1.241336 -0.027910
v -2.467766 0.782990 0.938977
v -2.925352 0.925672 1.014549
v -3.039109 1.196424 0.477873
v -2.828998 1.351959 -0.072291
v -2.197414 0.788004 1.093889
v -2.433063 1.348440 -0.285567
v -2.567648 0.753010 1.232509
v -2.674068 1.082117 0.400810
v -2.615214 1.095234 0.315527
v -2.540796 0.990233 0.281720
v -2.565883 0.879247 0.564686
v -2.640316 0.984179 0.598668
v -2.684499 1.035969 0.518467
v -2.655025 0.983923 0.433487
v -2.643570 0.952678 0.500643
v -2.604096 0.909730 0.519791
v -2.557669 0.838087 0.464010
v -2.532298 0.840733 0.389325
v -2.545741 0.890857 0.329468
v -2.587255 0.984241 0.329822
v -2.631629 1.005507 0.365953
v -2.567854 1.586363 0.511902
v -2.589804 1.564375 0.255797
v -2.402876 1.534775 0.266812
v -2.496009 1.575380 0.514938
v -2.292011 1.453139 0.481483
v -2.455125 1.540560 0.601728
v -2.726448 0.969718 1.122075
v -2.465550 1.494434 0.719328
v -2.317981 1.338242 0.774419
v -2.287663 1.392711 -0.073999
v -2.521145 1.464176 0.798459
v -2.464816 1.260741 0.965474
v -2.593038 1.474950 0.795955
v -2.652403 1.287426 0.961894
v -2.619301 1.443754 -0.086503
v -2.782135 1.401322 0.757416
v -2.394802 0.918710 1.134490
v -2.639806 1.520214 0.712686
v -2.910618 1.375432 0.264063
v -2.955858 1.175281 0.774358
v -2.253725 1.307859 -0.224021
v -2.761270 0.814441 1.173841
v -3.022690 1.063652 0.770398
v -2.970376 1.295100 0.180310
v -2.636415 1.366816 -0.234465
v -2.755600 1.518719 0.458107
v -2.629333 1.566548 0.594554
v -2.379174 0.752851 1.191001
v -2.629965 0.948767 0.540203
v -2.530783 0.825425 0.432307
v -2.558391 0.952160 0.312028
v -2.654203 1.018033 0.397562
v -2.661699 0.984869 0.482115
v -2.576421 0.872389 0.515408
v -2.523298 0.858540 0.347878
v -2.611923 1.028586 0.336699
v -0.131036 2.122688 1.973663
v 0.465753 2.157272 2.098752
v 0.690864 2.148641 2.373263
v 0.452564 2.127388 2.617973
v -0.129382 2.143024 2.729604
v -0.708019 2.126429 2.617973
v -0.131037 2.423676 2.338778
v -0.951282 2.148401 2.373262
v -0.727826 2.157272 2.098752
v 0.750076 1.945668 1.852980
v 1.111925 1.830489 2.386356
v 0.751116 1.765665 2.757511
v -0.122800 1.920719 2.931386
v -0.980243 1.760884 2.757510
v -1.365761 1.829294 2.386356
v -1.012149 1.945668 1.852980
v 0.863844 1.927045 1.917116
v 1.120466 1.744731 2.373305
v 0.757938 1.681967 2.738271
v -0.122902 1.867171 2.909878
v -0.987471 1.677219 2.738271
v -1.374403 1.743545 2.373305
v -1.125916 1.927045 1.917116
v -0.134539 1.787806 2.234957
v 0.010231 2.413787 2.281437
v 0.288027 2.277775 2.171706
v 0.194591 2.136609 2.007590
v 0.068069 2.407585 2.341286
v 0.447050 2.282085 2.359740
v 0.635988 2.160081 2.229242
v 0.009834 2.404402 2.397515
v 0.279192 2.272377 2.529374
v 0.626921 2.133827 2.506438
v -0.131037 2.404004 2.420162
v -0.130830 2.264934 2.604224
v 0.185731 2.135730 2.698350
v -0.271907 2.404402 2.397515
v -0.540438 2.272257 2.529374
v -0.442841 2.135071 2.698350
v -0.330143 2.407585 2.341286
v -0.708916 2.282055 2.359740
v -0.884237 2.133138 2.506438
v -0.272304 2.413787 2.281437
v -0.550099 2.277775 2.171706
v -0.897854 2.160051 2.229242
v -0.131036 2.416624 2.255507
v -0.131036 2.255661 2.085430
v -0.456664 2.136609 2.007590
v 1.023951 1.906081 2.154678
v 1.016382 1.765112 2.588384
v 0.347950 1.857090 2.882035
v -0.585314 1.853803 2.882035
v -1.254774 1.761676 2.588384
v -1.284994 1.905931 2.154678
v -0.126078 2.015598 2.849218
v 0.636400 2.036742 2.012935
v -0.866627 1.929016 2.701239
v 0.933146 1.975192 2.382558
v -1.190259 1.974473 2.382557
v 0.624391 1.931890 2.701239
v -0.898473 2.036742 2.012935
v 1.040909 1.842009 2.151318
v 1.025121 1.673599 2.571675
v 0.351633 1.792237 2.861140
v -0.589302 1.788972 2.861140
v -1.263806 1.670187 2.571674
v -1.301964 1.841860 2.151318
v 0.529106 1.750671 2.304904
v -0.790956 1.750638 2.304904
v 0.337963 1.694327 2.498647
v -0.644440 1.892805 2.084659
v -0.130815 1.774643 2.587890
v 0.382368 1.892805 2.084659
v -0.599148 1.694196 2.498647
v 0.794611 1.697883 2.769042
v -1.156375 1.961045 1.890613
v -0.121626 1.883911 2.950066
v 0.894303 1.961045 1.890613
v -1.019042 1.692406 2.769042
v 1.172825 1.770978 2.384034
v -1.425487 1.769609 2.384033
v -0.240670 1.825300 2.221585
v -0.296215 1.818519 2.269451
v -0.248743 1.761648 2.319226
v -0.133043 1.756859 2.341406
v -0.017342 1.761648 2.319226
v 0.030105 1.818519 2.269451
v -0.026437 1.825300 2.221585
v 0.084811 2.405927 2.304490
v 0.408508 2.283398 2.260843
v 0.402434 2.277745 2.452245
v 0.084406 2.400040 2.378120
v 0.279098 1.980740 2.807410
v 0.091607 2.267215 2.583780
v -0.041675 2.398343 2.427610
v -1.120416 2.017287 2.191229
v -0.220399 2.398343 2.427610
v -0.353060 2.267132 2.583780
v 0.850869 1.935329 2.555986
v -0.346480 2.400040 2.378120
v -0.663913 2.277659 2.452245
v -0.346884 2.405927 2.304490
v -0.670555 2.283394 2.260843
v 0.858963 2.017377 2.191229
v -0.359728 2.264011 2.108784
v -1.098684 1.933263 2.555986
v -0.220803 2.411613 2.249101
v 0.289307 2.021703 1.900802
v -0.526294 1.978764 2.807410
v -0.551379 2.021703 1.900802
v 1.072976 1.694914 2.593576
v -1.349730 1.865634 2.146928
v 0.371640 1.807886 2.898599
v -0.605482 1.804121 2.898599
v 1.088833 1.865805 2.146928
v -0.741149 1.700912 2.408869
v -0.744623 1.818174 2.195730
v 0.122829 1.740596 2.563074
v -0.384237 1.740506 2.563074
v 0.479715 1.701006 2.408869
v 0.482579 1.818179 2.195730
v 0.097655 2.264011 2.108784
v -0.041270 2.411613 2.249101
v -1.307993 1.690978 2.593576
v -0.307017 1.846936 2.242237
v -0.205311 1.754423 2.349041
v 0.042194 1.792348 2.303230
v -0.307605 1.792348 2.303230
v -0.060100 1.754423 2.349041
v 0.041451 1.846936 2.242237
v 1.317907 -0.561438 1.635438
v 1.326066 -0.240117 1.743175
v 1.257098 -0.541888 1.581736
v 1.265258 -0.220566 1.689473
v 1.549931 -0.488181 1.399379
v 1.558090 -0.166860 1.507116
v 1.489122 -0.468631 1.345677
v 1.497282 -0.147309 1.453413
v 1.412221 -0.507656 1.411718
v 1.326734 -0.534647 1.498692
v 1.335753 -0.179482 1.617776
v 1.421241 -0.152492 1.530802
v 1.393947 -0.556256 1.558050
v 1.479435 -0.529264 1.471075
v 1.488454 -0.174101 1.590160
v 1.402967 -0.201092 1.677134
v 1.311471 -0.464858 1.684714
v 1.314478 -0.346468 1.724409
v 1.247265 -0.324859 1.665051
v 1.244258 -0.443249 1.625355
v 1.503718 -0.243889 1.404136
v 1.500712 -0.362278 1.364441
v 1.570932 -0.265498 1.463495
v 1.567925 -0.383888 1.423799
v 1.546494 -0.192197 1.517851
v 1.539340 -0.473929 1.423388
v 1.343064 -0.256427 1.724820
v 1.335909 -0.538158 1.630357
v 1.511804 -0.181045 1.487215
v 1.504649 -0.462777 1.392752
v 1.308374 -0.245274 1.694184
v 1.301219 -0.527006 1.599721
v 1.518416 -0.157274 1.479877
v 1.544812 -0.474789 1.407287
v 1.294764 -0.227888 1.707420
v 1.321160 -0.545403 1.634829
v 1.537449 -0.194868 1.526660
v 1.559374 -0.458605 1.466364
v 1.351677 -0.253521 1.715662
v 1.373602 -0.517259 1.655367
v 1.092501 -1.680172 2.575993
v 1.322010 -1.210054 2.523458
v 1.699995 -1.650638 2.239413
v 1.728461 -1.507845 2.234268
v 1.216357 -1.470244 2.228391
v 1.373321 -1.225235 2.113487
v 1.539494 -1.739592 2.611051
v 1.581374 -1.553987 2.627147
v 1.606048 -1.755629 2.582917
v 1.643567 -1.580608 2.581750
v 1.364578 -1.738080 2.664644
v 1.415300 -1.492424 2.693009
v 1.554671 -1.506763 2.160534
v 1.675908 -1.339869 2.079152
v 1.126204 -1.491057 2.333271
v 1.744227 -1.526630 2.441900
v 1.193020 -1.215605 2.276841
v 1.726516 -1.762400 2.468478
v 1.643765 -1.272263 2.313966
v -2.537694 -1.058664 -1.375220
v -2.904915 -1.224475 -1.036707
v -2.162955 -1.000823 -0.916255
v -2.490045 -1.178261 -0.645580
v -2.548931 -0.839819 -0.996774
v -2.840509 -1.556269 -1.400571
v -2.854090 -1.548079 -0.689872
v -2.154510 -1.460251 -0.586481
v -2.042565 -1.499859 -1.410074
v -2.783977 -1.035592 -1.281698
v -2.748844 -1.139316 -0.800331
v -2.274174 -0.976858 -0.724065
v -2.347329 -0.941343 -1.180715
v -3.015165 -1.568700 -0.977167
v -2.355865 -1.520112 -1.544206
v -2.541393 -1.515606 -0.526344
v -1.929570 -1.466858 -1.011881
v -2.664178 -1.017802 -1.345539
v -2.872031 -1.125916 -1.156884
v -2.847446 -1.171055 -0.919871
v -2.615492 -1.147268 -0.709270
v -2.375243 -1.067339 -0.658365
v -2.205724 -0.955799 -0.808121
v -2.245599 -0.954330 -1.044361
v -2.443173 -0.987133 -1.301906
v -3.054019 -1.724925 -0.882620
v -2.959531 -1.400702 -1.034416
v -2.453174 -1.273378 -1.476674
v -2.305299 -1.706244 -1.551334
v -2.633314 -1.681563 -0.483698
v -2.489882 -1.344738 -0.586173
v -1.887562 -1.667628 -1.069374
v -2.041953 -1.198732 -0.940910
v -2.671705 -0.890766 -1.133538
v -2.648020 -0.941602 -0.899361
v -2.417110 -0.865027 -0.866370
v -2.463227 -0.833218 -1.078867
v -2.871344 -1.734636 -1.309485
v -2.996086 -1.572687 -1.179826
v -2.828168 -1.296879 -1.388955
v -2.597310 -1.546511 -1.521069
v -2.889829 -1.722958 -0.652743
v -2.709280 -1.533792 -0.588221
v -2.810451 -1.374746 -0.735277
v -2.959638 -1.559106 -0.819723
v -2.224071 -1.648564 -0.579456
v -2.011198 -1.455021 -0.746722
v -2.177239 -1.203895 -0.625987
v -2.346188 -1.488749 -0.512233
v -2.008328 -1.710095 -1.428487
v -2.170145 -1.509603 -1.517340
v -2.177795 -1.220080 -1.313272
v -1.948762 -1.486712 -1.245530
v -2.571774 -0.881773 -1.209752
v -2.766509 -0.992074 -1.026910
v -2.511402 -0.964980 -0.782245
v -2.344381 -0.856434 -0.947748
v -2.546467 -1.732058 -1.510416
v -3.036663 -1.744572 -1.040177
v -2.946104 -1.358818 -1.224464
v -2.657099 -1.278031 -1.465411
v -2.993604 -1.726014 -0.767546
v -2.762726 -1.703214 -0.550313
v -2.663604 -1.365486 -0.642908
v -2.909431 -1.391089 -0.867140
v -2.471629 -1.654052 -0.483950
v -2.007064 -1.657607 -0.800017
v -2.085834 -1.177859 -0.737689
v -2.310217 -1.272840 -0.563206
v -1.910300 -1.694370 -1.278089
v -2.138470 -1.706445 -1.523404
v -2.285303 -1.251152 -1.434233
v -2.084567 -1.208652 -1.148761
v 2.038869 -1.692059 -1.466762
v 2.110004 -1.181355 -1.556629
v 2.028678 -1.668782 -1.664694
v 2.084732 -1.120414 -1.748978
v 2.237502 -1.707026 -1.478749
v 2.284567 -1.110256 -1.556878
v 2.227311 -1.683751 -1.676681
v 2.283366 -1.135383 -1.760965
v 2.124802 -1.691935 -1.704027
v 2.184034 -1.104904 -1.783928
v 2.138200 -1.722536 -1.443799
v 2.215070 -1.045299 -1.522886
v 2.002309 -1.696681 -1.566020
v 2.055943 -1.143723 -1.640210
v 2.260826 -1.716162 -1.581621
v 2.314274 -1.092119 -1.656872
v 2.199543 -0.966704 -1.636384
v -2.632565 -0.116045 0.409750
v -2.632503 -0.023666 0.419410
v -2.679631 -0.099470 0.350578
v -2.632503 -0.166123 0.399161
v -2.513818 -0.116045 0.409750
v -2.513754 -0.023666 0.419410
v -2.514782 -0.099470 0.350578
v -2.513754 -0.166123 0.399161
v -2.513754 -0.235915 0.377404
v -2.514894 -0.146442 0.343276
v -2.513754 -0.126633 0.286945
v -2.514894 -0.212520 0.323833
v -2.513754 -0.188941 0.269832
v -2.514894 -0.270067 0.292648
v -2.513754 -0.240335 0.242296
v -2.513754 -0.299563 0.342601
v -2.514894 -0.324882 0.257831
v -2.513754 -0.288699 0.211620
v -2.513754 -0.360777 0.303674
v -2.514894 -0.371829 0.212966
v -2.513754 -0.330078 0.172025
v -2.513754 -0.413249 0.253583
v -2.514894 -0.415765 0.165148
v -2.513754 -0.462302 0.200139
v -2.513754 -0.368854 0.129878
v -2.514894 -0.449500 0.109662
v -2.513754 -0.398576 0.080922
v -2.513754 -0.500022 0.138174
v -2.514894 -0.479563 0.051378
v -2.513754 -0.425122 0.028727
v -2.513754 -0.533571 0.073856
v -2.514894 -0.497788 -0.016016
v -2.513754 -0.441161 -0.035668
v -2.513754 -0.553967 0.003516
v -2.514850 -0.508550 -0.137670
v -2.513780 -0.566994 -0.138904
v -2.513943 -0.433495 -0.097908
v -2.513897 -0.445497 -0.195503
v -2.513897 -0.446901 -0.077546
v -2.517414 -0.431210 -0.135536
v -2.514894 -0.495277 -0.259773
v -2.513943 -0.432397 -0.173512
v -2.517708 -0.288256 -0.161694
v -2.573292 -0.378308 -0.189756
v -2.632691 -0.432397 -0.173512
v -2.573160 -0.254791 -0.175370
v -2.573252 -0.389697 -0.187254
v -2.573128 -0.384002 -0.224374
v -2.513754 -0.438946 -0.238198
v -2.573128 -0.369123 -0.281394
v -2.513754 -0.421833 -0.303782
v -2.573128 -0.345183 -0.326515
v -2.513754 -0.394297 -0.355680
v -2.573128 -0.318513 -0.368563
v -2.513755 -0.363621 -0.404044
v -2.573128 -0.284089 -0.404539
v -2.513754 -0.324027 -0.445423
v -2.573128 -0.247444 -0.438252
v -2.513755 -0.281878 -0.484200
v -2.573128 -0.204882 -0.464093
v -2.513755 -0.232924 -0.513921
v -2.573128 -0.159880 -0.487173
v -2.513755 -0.181162 -0.540468
v -2.573128 -0.106348 -0.501117
v -2.513755 -0.119590 -0.556506
v -2.573250 -0.070628 -0.505399
v -2.513895 -0.078505 -0.561431
v -2.632643 -0.078505 -0.561431
v -2.573292 -0.053731 -0.493850
v -2.513943 -0.059071 -0.548148
v -2.632691 -0.062907 -0.548148
v -2.573146 -0.047972 -0.407214
v -2.629549 -0.046892 -0.410888
v -2.516737 -0.052261 -0.410888
v -2.572824 -0.052008 -0.187250
v -2.513405 -0.057089 -0.195498
v -2.632153 -0.057089 -0.195498
v -2.573168 -0.058355 -0.164196
v -2.632548 -0.064389 -0.168981
v -2.513801 -0.064389 -0.168981
v -2.572824 -0.080330 -0.180372
v -2.632153 -0.089665 -0.165462
v -2.513405 -0.089665 -0.165462
v -2.517083 -0.089943 -0.130728
v -2.513405 -0.090463 -0.095973
v -2.516943 -0.067593 -0.125715
v -2.520901 -0.287953 -0.132977
v -2.517708 -0.288878 -0.104388
v -2.573160 -0.255332 -0.094970
v -2.628605 -0.288878 -0.104388
v -2.573292 -0.379262 -0.087065
v -2.572824 -0.081024 -0.084809
v -2.632153 -0.090463 -0.095973
v -2.573168 -0.058909 -0.076112
v -2.632548 -0.065026 -0.082891
v -2.513801 -0.065026 -0.082891
v -2.572824 -0.054869 -0.065620
v -2.513405 -0.060380 -0.055600
v -2.632153 -0.060380 -0.055600
v -2.573056 -0.054093 0.146129
v -2.635740 -0.052874 0.141582
v -2.510365 -0.059410 0.141582
v -2.573292 -0.058855 0.226655
v -2.632691 -0.069355 0.280573
v -2.513943 -0.064963 0.280573
v -2.573253 -0.075907 0.238042
v -2.632646 -0.084578 0.293671
v -2.513897 -0.084578 0.293671
v -2.573128 -0.112471 0.232194
v -2.573128 -0.166643 0.217316
v -2.573128 -0.211326 0.193376
v -2.573128 -0.253374 0.166706
v -2.573128 -0.289350 0.132282
v -2.573128 -0.323062 0.095638
v -2.573128 -0.348904 0.053075
v -2.573128 -0.371983 0.007695
v -2.573128 -0.385927 -0.048290
v -2.573252 -0.390918 -0.084700
v -2.632691 -0.433495 -0.097908
v -2.679698 -0.508550 -0.137670
v -2.632528 -0.566994 -0.138904
v -2.679742 -0.497788 -0.016016
v -2.636162 -0.431210 -0.135536
v -2.679742 -0.495277 -0.259773
v -2.632503 -0.551162 -0.281217
v -2.679742 -0.475834 -0.327613
v -2.632503 -0.529405 -0.351260
v -2.679742 -0.444649 -0.385412
v -2.632503 -0.494601 -0.414909
v -2.679742 -0.409832 -0.440227
v -2.632503 -0.455674 -0.476123
v -2.679742 -0.364967 -0.487175
v -2.632503 -0.405583 -0.528595
v -2.679742 -0.317150 -0.531111
v -2.632503 -0.352139 -0.577648
v -2.679742 -0.261663 -0.564846
v -2.632503 -0.290174 -0.615367
v -2.679742 -0.203596 -0.594909
v -2.632503 -0.225856 -0.648917
v -2.679742 -0.137722 -0.613134
v -2.632503 -0.155733 -0.669313
v -2.679637 -0.091754 -0.619546
v -2.632562 -0.106647 -0.679487
v -2.682262 -0.015456 -0.629629
v -2.632643 0.048597 -0.559999
v -2.632691 0.032662 -0.547017
v -2.679638 0.063671 -0.617926
v -2.632503 -0.012988 -0.686756
v -2.636162 -0.015184 -0.545669
v -2.632796 -0.017739 -0.409623
v -2.635830 -0.016878 -0.194844
v -2.629549 0.010921 -0.409995
v -2.632153 0.023335 -0.194407
v -2.573146 0.012096 -0.406438
v -2.516737 0.016829 -0.409995
v -2.572824 0.017914 -0.186301
v -2.573292 0.022205 -0.492867
v -2.513943 0.028271 -0.547017
v -2.573250 0.039877 -0.504154
v -2.513895 0.048597 -0.559999
v -2.573128 0.075854 -0.499191
v -2.513755 0.089977 -0.554291
v -2.573128 0.130025 -0.484313
v -2.513755 0.152285 -0.537178
v -2.573128 0.174708 -0.460372
v -2.513755 0.203679 -0.509642
v -2.573128 0.216756 -0.433703
v -2.513755 0.252043 -0.478967
v -2.573128 0.252732 -0.399278
v -2.513755 0.293422 -0.439372
v -2.573128 0.286445 -0.362634
v -2.513755 0.332198 -0.397224
v -2.573128 0.312286 -0.320071
v -2.513755 0.361920 -0.348269
v -2.573128 0.335365 -0.274692
v -2.513755 0.388466 -0.296073
v -2.573128 0.349309 -0.218706
v -2.513755 0.404505 -0.231678
v -2.573240 0.358181 -0.184727
v -2.632631 0.414708 -0.192597
v -2.513883 0.414708 -0.192597
v -2.573292 0.342612 -0.183957
v -2.513943 0.396801 -0.168537
v -2.632691 0.396801 -0.168537
v -2.573184 0.197898 -0.170507
v -2.626944 0.230500 -0.157757
v -2.519418 0.230500 -0.157757
v -2.572824 0.045525 -0.176807
v -2.513405 0.055093 -0.162403
v -2.632153 0.055093 -0.162403
v -2.573168 0.021703 -0.163348
v -2.513801 0.027693 -0.168007
v -2.632548 0.027693 -0.168007
v -2.635690 -0.018349 -0.171368
v -2.635690 0.030240 -0.124726
v -2.632548 0.027056 -0.081916
v -2.635830 0.054574 -0.127672
v -2.635655 -0.018693 -0.124819
v -2.635690 -0.019004 -0.079073
v -2.635690 -0.067593 -0.125715
v -2.635830 -0.089943 -0.130728
v -2.631797 -0.287953 -0.132977
v -2.628605 -0.288256 -0.161694
v -2.635830 -0.020166 -0.055186
v -2.632153 0.020045 -0.054509
v -2.639349 -0.020996 0.141260
v -2.636162 -0.021519 0.279450
v -2.635740 0.011377 0.142574
v -2.632691 0.026215 0.281703
v -2.573056 0.012664 0.146992
v -2.510365 0.017375 0.142574
v -2.573292 0.017082 0.227637
v -2.572824 0.015053 -0.064671
v -2.513405 0.020045 -0.054509
v -2.573168 0.021149 -0.088499
v -2.513801 0.027056 -0.081916
v -2.572824 0.044832 -0.081244
v -2.632153 0.054296 -0.092915
v -2.513405 0.054296 -0.092915
v -2.573184 0.197373 -0.092552
v -2.626944 0.229896 -0.102194
v -2.519418 0.229896 -0.102194
v -2.573292 0.341658 -0.081265
v -2.513943 0.395703 -0.092933
v -2.632691 0.395703 -0.092933
v -2.573240 0.356894 -0.076688
v -2.513883 0.413228 -0.068331
v -2.632631 0.413228 -0.068331
v -2.573128 0.347384 -0.042623
v -2.513755 0.402289 -0.029149
v -2.573128 0.332506 0.014397
v -2.513755 0.385177 0.036436
v -2.573128 0.308565 0.059519
v -2.513755 0.357641 0.088334
v -2.573128 0.281896 0.101567
v -2.513755 0.326966 0.136697
v -2.573128 0.247471 0.137543
v -2.513755 0.287371 0.178077
v -2.573128 0.210827 0.171256
v -2.513755 0.245223 0.216853
v -2.573128 0.168264 0.197096
v -2.513754 0.196267 0.246575
v -2.573128 0.123262 0.220176
v -2.513754 0.144506 0.273121
v -2.573128 0.069731 0.234120
v -2.513754 0.082934 0.289160
v -2.573253 0.033380 0.239273
v -2.632646 0.041124 0.295087
v -2.513897 0.041124 0.295087
v -2.514894 -0.022528 0.361401
v -2.513943 0.022378 0.281703
v -2.514782 0.054244 0.352180
v -2.513818 0.068940 0.411577
v -2.513754 0.119078 0.401967
v -2.513754 0.189201 0.381570
v -2.513754 0.253520 0.348021
v -2.513754 0.315485 0.310301
v -2.513755 0.368929 0.261249
v -2.513755 0.419020 0.208776
v -2.513755 0.457947 0.147563
v -2.513755 0.492750 0.083914
v -2.513755 0.514507 0.013871
v -2.513798 0.528195 -0.031163
v -2.513755 0.534756 -0.128369
v -2.513798 0.530123 -0.225739
v -2.513755 0.517313 -0.270862
v -2.513755 0.496916 -0.341202
v -2.513755 0.463367 -0.405520
v -2.514894 0.379109 -0.432495
v -2.513755 0.425647 -0.467485
v -2.514894 0.335173 -0.480313
v -2.513755 0.376595 -0.520929
v -2.514894 0.288226 -0.525177
v -2.513755 0.324122 -0.571020
v -2.514894 0.233411 -0.559994
v -2.513755 0.262908 -0.609947
v -2.514894 0.175864 -0.591179
v -2.513755 0.199260 -0.644750
v -2.514894 0.109787 -0.610622
v -2.513755 0.129468 -0.666507
v -2.514790 0.063671 -0.617926
v -2.517414 -0.015456 -0.629629
v -2.513814 0.080399 -0.677640
v -2.513755 -0.012988 -0.686756
v -2.632562 0.080399 -0.677640
v -2.632503 0.129468 -0.666507
v -2.632503 0.199260 -0.644750
v -2.679742 0.109787 -0.610622
v -2.679742 0.175864 -0.591179
v -2.679742 0.233411 -0.559994
v -2.632503 0.262908 -0.609947
v -2.679742 0.288226 -0.525177
v -2.632503 0.324122 -0.571020
v -2.679742 0.335173 -0.480313
v -2.632503 0.376594 -0.520929
v -2.679742 0.379109 -0.432495
v -2.632503 0.425647 -0.467485
v -2.679742 0.412846 -0.377008
v -2.632503 0.463367 -0.405520
v -2.679742 0.442908 -0.318725
v -2.632503 0.496916 -0.341202
v -2.679742 0.461133 -0.251331
v -2.632503 0.517313 -0.270862
v -2.679665 0.468009 -0.208487
v -2.632546 0.530123 -0.225739
v -2.679742 0.476746 -0.129753
v -2.636162 0.394506 -0.130683
v -2.632503 0.534756 -0.128369
v -2.679665 0.466319 -0.050670
v -2.632546 0.528195 -0.031163
v -2.679742 0.458622 -0.007574
v -2.632503 0.514507 0.013871
v -2.679742 0.439178 0.060266
v -2.632503 0.492749 0.083914
v -2.679742 0.407993 0.118066
v -2.632503 0.457946 0.147563
v -2.679742 0.373177 0.172881
v -2.632503 0.419020 0.208776
v -2.679742 0.328311 0.219828
v -2.632503 0.368929 0.261249
v -2.679742 0.280494 0.263764
v -2.632503 0.315485 0.310301
v -2.679742 0.225007 0.297499
v -2.632503 0.253520 0.348021
v -2.679742 0.166941 0.327562
v -2.632503 0.189201 0.381570
v -2.679742 0.101066 0.345787
v -2.632503 0.119078 0.401967
v -2.679631 0.054244 0.352180
v -2.632566 0.068940 0.411577
v -2.679742 -0.022528 0.361401
v -2.630039 0.229599 -0.129960
v -2.513814 -0.106647 -0.679487
v -2.514790 -0.091754 -0.619546
v -2.513755 -0.155733 -0.669313
v -2.513755 -0.225856 -0.648917
v -2.514894 -0.137722 -0.613134
v -2.514894 -0.203596 -0.594909
v -2.514894 -0.261663 -0.564846
v -2.513755 -0.290174 -0.615367
v -2.514894 -0.317150 -0.531111
v -2.513755 -0.352140 -0.577648
v -2.514894 -0.364967 -0.487175
v -2.513755 -0.405583 -0.528595
v -2.514894 -0.409832 -0.440227
v -2.513754 -0.455674 -0.476123
v -2.514894 -0.444649 -0.385412
v -2.513754 -0.494601 -0.414909
v -2.514894 -0.475834 -0.327613
v -2.513754 -0.529405 -0.351260
v -2.513754 -0.551162 -0.281217
v -2.517414 -0.015456 -0.545669
v -2.519984 -0.017739 -0.409623
v -2.517083 -0.016878 -0.194844
v -2.516943 -0.018349 -0.171368
v -2.513405 0.023335 -0.194407
v -2.516907 -0.018692 -0.124819
v -2.516943 -0.019004 -0.079073
v -2.516943 0.030240 -0.124726
v -2.517083 0.054574 -0.127672
v -2.517083 -0.020166 -0.055186
v -2.513973 -0.020996 0.141260
v -2.517414 -0.021246 0.279450
v -2.632503 -0.553967 0.003516
v -2.679742 -0.479563 0.051378
v -2.632503 -0.533571 0.073856
v -2.679742 -0.449500 0.109662
v -2.632503 -0.500022 0.138174
v -2.679742 -0.415765 0.165149
v -2.632503 -0.462302 0.200139
v -2.679742 -0.371829 0.212966
v -2.632503 -0.413249 0.253583
v -2.679742 -0.324882 0.257831
v -2.632503 -0.360777 0.303674
v -2.679742 -0.270067 0.292648
v -2.632503 -0.299563 0.342601
v -2.679742 -0.212520 0.323833
v -2.632503 -0.235915 0.377404
v -2.679742 -0.146442 0.343276
vt 0.053930 0.052062
vt 0.053930 0.004643
vt 0.101348 0.004643
vt 0.101348 0.052062
vt 0.705705 0.080835
vt 0.713191 0.061140
vt 0.716705 0.062163
vt 0.707710 0.081620
vt 0.580702 0.847425
vt 0.580702 0.841466
vt 0.583311 0.841466
vt 0.583311 0.847425
vt 0.858185 0.906085
vt 0.864960 0.906123
vt 0.868123 0.922722
vt 0.864223 0.922700
vt 0.717544 0.043240
vt 0.721054 0.043538
vt 0.856974 0.890066
vt 0.863719 0.890103
vt 0.864767 0.873971
vt 0.868123 0.873990
vt 0.716659 0.021647
vt 0.718601 0.021592
vt 0.705321 0.060596
vt 0.709537 0.040920
vt 0.712961 0.020000
vt 0.705866 0.040203
vt 0.711214 0.019722
vt 0.701831 0.059836
vt 0.700978 0.080729
vt 0.698956 0.080311
vt 0.825140 0.851226
vt 0.825140 0.860978
vt 0.820868 0.860978
vt 0.820868 0.851226
vt 0.580702 0.853083
vt 0.580702 0.847721
vt 0.583050 0.847721
vt 0.583050 0.853083
vt 0.850782 0.927942
vt 0.851843 0.943532
vt 0.849305 0.943641
vt 0.849174 0.928042
vt 0.843678 0.942415
vt 0.845719 0.926878
vt 0.851682 0.956061
vt 0.849290 0.955982
vt 0.843631 0.956959
vt 0.850444 0.971923
vt 0.848995 0.971790
vt 0.846005 0.973059
vt 0.857643 0.942075
vt 0.857643 0.957370
vt 0.853384 0.973603
vt 0.844583 0.973399
vt 0.840832 0.957275
vt 0.840933 0.942106
vt 0.844142 0.926569
vt 0.854172 0.926457
vt 0.592183 0.831074
vt 0.592183 0.835687
vt 0.590163 0.835687
vt 0.590163 0.831074
vt 0.583853 0.834917
vt 0.577796 0.834917
vt 0.577796 0.832264
vt 0.583853 0.832264
vt 0.807087 0.841594
vt 0.807003 0.818745
vt 0.810762 0.818653
vt 0.809447 0.841603
vt 0.819342 0.820744
vt 0.814436 0.843737
vt 0.806938 0.800188
vt 0.810511 0.800080
vt 0.819342 0.798065
vt 0.805940 0.776569
vt 0.808101 0.776502
vt 0.812430 0.773907
vt 0.798786 0.820686
vt 0.798249 0.798744
vt 0.801586 0.774767
vt 0.794065 0.798472
vt 0.799566 0.774500
vt 0.794811 0.821014
vt 0.802063 0.843346
vt 0.799782 0.843696
vt 0.583608 0.840423
vt 0.583608 0.835213
vt 0.585890 0.835213
vt 0.585890 0.840423
vt 0.580702 0.841170
vt 0.580702 0.835213
vt 0.583311 0.835213
vt 0.583311 0.841170
vt 0.809475 0.876191
vt 0.806479 0.892900
vt 0.803547 0.892580
vt 0.807772 0.875868
vt 0.822345 0.893054
vt 0.815745 0.892285
vt 0.814891 0.875588
vt 0.818655 0.876129
vt 0.805377 0.907801
vt 0.802532 0.907948
vt 0.822345 0.908931
vt 0.815334 0.908977
vt 0.808009 0.925150
vt 0.806449 0.925367
vt 0.815901 0.925934
vt 0.812570 0.926263
vt 0.812830 0.892196
vt 0.812229 0.908805
vt 0.811127 0.926178
vt 0.813227 0.875563
vt 0.829975 0.851226
vt 0.829975 0.860978
vt 0.825703 0.860978
vt 0.825703 0.851226
vt 0.980960 0.884893
vt 0.980960 0.884893
vt 0.980960 0.884893
vt 0.980960 0.884893
vt 0.980960 0.884893
vt 0.980960 0.884893
vt 0.980960 0.884893
vt 0.980960 0.884893
vt 0.980960 0.884893
vt 0.980960 0.884893
vt 0.980960 0.884893
vt 0.980960 0.884893
vt 0.980960 0.884893
vt 0.980960 0.884893
vt 0.980960 0.884893
vt 0.980960 0.884893
vt 0.815341 0.862562
vt 0.815341 0.851226
vt 0.820305 0.851226
vt 0.820305 0.862562
vt 0.831447 0.977217
vt 0.831385 0.960082
vt 0.834204 0.960013
vt 0.833217 0.977224
vt 0.840639 0.961581
vt 0.836959 0.978824
vt 0.831336 0.946165
vt 0.834016 0.946084
vt 0.840639 0.944573
vt 0.830588 0.928453
vt 0.832208 0.928402
vt 0.835455 0.926457
vt 0.825222 0.961537
vt 0.824820 0.945083
vt 0.827323 0.927102
vt 0.821682 0.944878
vt 0.825808 0.926901
vt 0.822242 0.961784
vt 0.827680 0.978531
vt 0.825969 0.978793
vt 0.583450 0.858505
vt 0.583450 0.853379
vt 0.585695 0.853379
vt 0.585695 0.858505
vt 0.986376 0.961080
vt 0.984919 0.966137
vt 0.984609 0.962431
vt 0.985485 0.960768
vt 0.985624 0.951990
vt 0.987756 0.951988
vt 0.993212 0.954021
vt 0.985404 0.941094
vt 0.987470 0.940926
vt 0.993212 0.938890
vt 0.984670 0.931742
vt 0.985510 0.931409
vt 0.983938 0.926832
vt 0.980390 0.953517
vt 0.979755 0.940045
vt 0.983793 0.930200
vt 0.977235 0.939607
vt 0.977992 0.954081
vt 0.592062 0.850434
vt 0.592062 0.854770
vt 0.590163 0.854770
vt 0.590163 0.850434
vt 0.547736 0.972331
vt 0.547686 0.958728
vt 0.549925 0.958673
vt 0.549141 0.972337
vt 0.555033 0.959918
vt 0.552112 0.973607
vt 0.547648 0.947680
vt 0.549775 0.947615
vt 0.555033 0.946416
vt 0.547054 0.933618
vt 0.548340 0.933578
vt 0.550918 0.932034
vt 0.542794 0.959883
vt 0.542475 0.946820
vt 0.544462 0.932545
vt 0.539984 0.946658
vt 0.543259 0.932386
vt 0.540428 0.960079
vt 0.544745 0.973374
vt 0.543387 0.973583
vt 0.590163 0.862824
vt 0.590163 0.859094
vt 0.591797 0.859094
vt 0.591797 0.862824
vt 0.577796 0.853083
vt 0.577796 0.847721
vt 0.580145 0.847721
vt 0.580145 0.853083
vt 0.806734 0.761697
vt 0.801428 0.741753
vt 0.804818 0.741139
vt 0.808669 0.761201
vt 0.812614 0.741897
vt 0.813195 0.761942
vt 0.799876 0.722900
vt 0.803485 0.723094
vt 0.811653 0.721834
vt 0.804462 0.701250
vt 0.806246 0.701639
vt 0.810206 0.700323
vt 0.824114 0.740980
vt 0.816149 0.741940
vt 0.815449 0.721451
vt 0.824114 0.721492
vt 0.811983 0.700030
vt 0.816055 0.700430
vt 0.815201 0.762010
vt 0.819726 0.761339
vt 0.592183 0.840893
vt 0.592183 0.845506
vt 0.590163 0.845506
vt 0.590163 0.840893
vt 0.583346 0.853083
vt 0.583346 0.847721
vt 0.585695 0.847721
vt 0.585695 0.853083
vt 0.837843 0.702039
vt 0.839278 0.723140
vt 0.835843 0.723288
vt 0.835666 0.702175
vt 0.828227 0.721629
vt 0.830989 0.700601
vt 0.839061 0.740098
vt 0.835823 0.739992
vt 0.828164 0.741313
vt 0.837385 0.761567
vt 0.835423 0.761387
vt 0.831377 0.763104
vt 0.847128 0.721168
vt 0.847128 0.741869
vt 0.841364 0.763840
vt 0.829452 0.763565
vt 0.824376 0.741742
vt 0.824512 0.721211
vt 0.828855 0.700182
vt 0.842430 0.700030
vt 0.592183 0.835983
vt 0.592183 0.840596
vt 0.590163 0.840596
vt 0.590163 0.835983
vt 0.985119 0.677254
vt 0.983323 0.683948
vt 0.982709 0.678617
vt 0.984042 0.677007
vt 0.984192 0.666156
vt 0.986781 0.666144
vt 0.993383 0.668537
vt 0.983937 0.652896
vt 0.986446 0.652702
vt 0.993383 0.650316
vt 0.983055 0.641348
vt 0.984072 0.641063
vt 0.982109 0.634945
vt 0.977915 0.667994
vt 0.977162 0.651646
vt 0.981736 0.639860
vt 0.974055 0.651120
vt 0.974954 0.668679
vt 0.958848 0.701937
vt 0.957093 0.708478
vt 0.956494 0.703269
vt 0.957797 0.701696
vt 0.957942 0.691093
vt 0.960472 0.691082
vt 0.966924 0.693419
vt 0.957694 0.678137
vt 0.960145 0.677947
vt 0.966924 0.675616
vt 0.956832 0.666853
vt 0.957826 0.666575
vt 0.955907 0.660597
vt 0.951810 0.692890
vt 0.951074 0.676916
vt 0.955543 0.665399
vt 0.948038 0.676401
vt 0.948916 0.693558
vt 0.580406 0.835213
vt 0.580406 0.841170
vt 0.577796 0.841170
vt 0.577796 0.835213
vt 0.812297 0.977217
vt 0.812235 0.960082
vt 0.815054 0.960013
vt 0.814067 0.977224
vt 0.821488 0.961581
vt 0.817809 0.978824
vt 0.812186 0.946165
vt 0.814865 0.946084
vt 0.821488 0.944573
vt 0.811438 0.928453
vt 0.813058 0.928402
vt 0.816305 0.926457
vt 0.806072 0.961537
vt 0.805670 0.945083
vt 0.808173 0.927102
vt 0.802532 0.944878
vt 0.806658 0.926901
vt 0.803091 0.961784
vt 0.808530 0.978531
vt 0.806819 0.978793
vt 0.583608 0.845845
vt 0.583608 0.840719
vt 0.585852 0.840719
vt 0.585852 0.845845
vt 0.814777 0.851226
vt 0.814777 0.862562
vt 0.809813 0.862562
vt 0.809813 0.851226
vt 0.736569 0.024874
vt 0.732439 0.045349
vt 0.729056 0.044740
vt 0.734458 0.024431
vt 0.721758 0.041288
vt 0.730383 0.021602
vt 0.729082 0.061978
vt 0.725863 0.061417
vt 0.717584 0.061596
vt 0.725629 0.083311
vt 0.723681 0.082974
vt 0.719327 0.084500
vt 0.740154 0.045124
vt 0.736597 0.064870
vt 0.729196 0.085725
vt 0.740293 0.065884
vt 0.730955 0.086337
vt 0.743774 0.045561
vt 0.741390 0.024229
vt 0.743497 0.024336
vt 0.577900 0.858505
vt 0.577900 0.853379
vt 0.580145 0.853379
vt 0.580145 0.858505
vt 0.590163 0.850138
vt 0.590163 0.845802
vt 0.592062 0.845802
vt 0.592062 0.850138
vt 0.529556 0.932532
vt 0.527177 0.945797
vt 0.524849 0.945543
vt 0.528204 0.932276
vt 0.539772 0.945920
vt 0.534533 0.945309
vt 0.533855 0.932054
vt 0.536844 0.932483
vt 0.526303 0.957627
vt 0.524044 0.957744
vt 0.539772 0.958524
vt 0.534207 0.958560
vt 0.528392 0.971400
vt 0.527154 0.971572
vt 0.534657 0.972022
vt 0.532012 0.972283
vt 0.532219 0.945238
vt 0.531742 0.958424
vt 0.530868 0.972216
vt 0.532534 0.932034
vt 0.591797 0.855067
vt 0.591797 0.858798
vt 0.590163 0.858798
vt 0.590163 0.855067
vt 0.818063 0.867388
vt 0.809813 0.867388
vt 0.809813 0.863775
vt 0.818063 0.863775
vt 0.512505 0.972225
vt 0.509048 0.959226
vt 0.511256 0.958826
vt 0.513766 0.971901
vt 0.516338 0.959320
vt 0.516716 0.972384
vt 0.508036 0.946939
vt 0.510388 0.947066
vt 0.515712 0.946244
vt 0.511025 0.932829
vt 0.512188 0.933083
vt 0.514768 0.932225
vt 0.523832 0.958723
vt 0.518642 0.959348
vt 0.518185 0.945994
vt 0.523832 0.946022
vt 0.515926 0.932034
vt 0.518580 0.932294
vt 0.518024 0.972429
vt 0.520973 0.971991
vt 0.584433 0.863413
vt 0.580702 0.863413
vt 0.580702 0.861780
vt 0.584433 0.861780
vt 0.584413 0.861484
vt 0.580702 0.861484
vt 0.580702 0.858801
vt 0.584413 0.858801
vt 0.826631 0.841344
vt 0.824900 0.818372
vt 0.828876 0.818496
vt 0.828997 0.841529
vt 0.834177 0.819436
vt 0.832026 0.842408
vt 0.825111 0.798578
vt 0.828855 0.798397
vt 0.834237 0.797558
vt 0.826913 0.775096
vt 0.829045 0.774995
vt 0.831641 0.774093
vt 0.819597 0.819480
vt 0.819606 0.797588
vt 0.824266 0.773907
vt 0.833622 0.773987
vt 0.838271 0.797473
vt 0.838271 0.819504
vt 0.834303 0.842429
vt 0.823563 0.842502
vt 0.836613 0.861284
vt 0.830538 0.861284
vt 0.830538 0.856892
vt 0.836613 0.856892
vt 0.837598 0.856329
vt 0.830538 0.856329
vt 0.830538 0.851226
vt 0.837598 0.851226
vt 0.847907 0.925381
vt 0.846587 0.907868
vt 0.849618 0.907963
vt 0.849710 0.925521
vt 0.853659 0.908679
vt 0.852020 0.926192
vt 0.846749 0.892778
vt 0.849603 0.892641
vt 0.853705 0.892001
vt 0.848122 0.874877
vt 0.849747 0.874800
vt 0.851727 0.874112
vt 0.842544 0.908713
vt 0.842551 0.892023
vt 0.846104 0.873971
vt 0.853237 0.874032
vt 0.856780 0.891936
vt 0.856780 0.908731
vt 0.853756 0.926207
vt 0.845568 0.926263
vt 0.577900 0.861993
vt 0.577900 0.858801
vt 0.580207 0.858801
vt 0.580207 0.861993
vt 0.580406 0.841466
vt 0.580406 0.847425
vt 0.577796 0.847425
vt 0.577796 0.841466
vt 0.829481 0.876191
vt 0.826485 0.892900
vt 0.823553 0.892580
vt 0.827779 0.875868
vt 0.842351 0.893054
vt 0.835751 0.892285
vt 0.834897 0.875588
vt 0.838662 0.876129
vt 0.825384 0.907801
vt 0.822538 0.907948
vt 0.842351 0.908931
vt 0.835340 0.908977
vt 0.828015 0.925150
vt 0.826456 0.925367
vt 0.835907 0.925934
vt 0.832576 0.926263
vt 0.832837 0.892196
vt 0.832235 0.908805
vt 0.831134 0.926178
vt 0.833233 0.875563
vt 0.580702 0.858505
vt 0.580702 0.853379
vt 0.582947 0.853379
vt 0.582947 0.858505
vt 0.419505 0.214147
vt 0.420000 0.215531
vt 0.419009 0.215531
vt 0.323529 0.168919
vt 0.323773 0.169602
vt 0.323284 0.169602
vt 0.419616 0.220117
vt 0.420000 0.221818
vt 0.419312 0.221818
vt 0.403241 0.220130
vt 0.403860 0.220542
vt 0.402800 0.220542
vt 0.411293 0.205753
vt 0.412832 0.204487
vt 0.413285 0.205753
vt 0.419511 0.217141
vt 0.420000 0.218507
vt 0.419021 0.218507
vt 0.402230 0.213684
vt 0.404408 0.212764
vt 0.404573 0.213684
vt 0.395797 0.219315
vt 0.396636 0.219873
vt 0.395200 0.219873
vt 0.419457 0.204320
vt 0.420000 0.205835
vt 0.418914 0.205835
vt 0.391615 0.202623
vt 0.390443 0.202623
vt 0.390709 0.201878
vt 0.411393 0.219696
vt 0.413152 0.218953
vt 0.413285 0.219696
vt 0.390937 0.218015
vt 0.391615 0.218465
vt 0.390454 0.218465
vt 0.404573 0.205868
vt 0.402390 0.205868
vt 0.402886 0.204482
vt 0.413285 0.217342
vt 0.411697 0.217342
vt 0.412058 0.216333
vt 0.335713 0.144301
vt 0.333957 0.144301
vt 0.334110 0.143624
vt 0.395717 0.214827
vt 0.396636 0.215439
vt 0.395063 0.215439
vt 0.398154 0.196839
vt 0.399426 0.200387
vt 0.396883 0.200387
vt 0.414741 0.225715
vt 0.417325 0.224790
vt 0.417325 0.226641
vt 0.393154 0.225777
vt 0.397516 0.224790
vt 0.397516 0.226557
vt 0.323484 0.164380
vt 0.324561 0.165096
vt 0.322718 0.165096
vt 0.404804 0.224565
vt 0.402346 0.224565
vt 0.402906 0.223004
vt 0.413285 0.211785
vt 0.411496 0.211785
vt 0.411903 0.210649
vt 0.312869 0.172817
vt 0.314692 0.172047
vt 0.314829 0.172817
vt 0.395601 0.207954
vt 0.396636 0.208643
vt 0.394864 0.208643
vt 0.303001 0.167106
vt 0.300739 0.167106
vt 0.301254 0.165670
vt 0.315922 0.173092
vt 0.317193 0.172047
vt 0.317567 0.173092
vt 0.409273 0.225662
vt 0.413131 0.224790
vt 0.413131 0.226353
vt 0.331912 0.143624
vt 0.332865 0.144257
vt 0.331234 0.144257
vt 0.372487 0.174608
vt 0.370286 0.171930
vt 0.372487 0.171141
vt 0.415389 0.200126
vt 0.411669 0.200126
vt 0.412515 0.197763
vt 0.385145 0.210949
vt 0.390732 0.208591
vt 0.391154 0.210949
vt 0.319699 0.172047
vt 0.321159 0.173018
vt 0.318660 0.173018
vt 0.113804 0.065308
vt 0.113222 0.058603
vt 0.120693 0.064597
vt 0.036186 0.068463
vt 0.034024 0.075025
vt 0.030613 0.075151
vt 0.032922 0.067803
vt 0.089065 0.079991
vt 0.096806 0.086280
vt 0.092500 0.091130
vt 0.085189 0.085085
vt 0.106480 0.059401
vt 0.038086 0.082724
vt 0.049709 0.087463
vt 0.047049 0.092737
vt 0.041901 0.087152
vt 0.053443 0.161834
vt 0.067707 0.162986
vt 0.067492 0.164696
vt 0.053260 0.164004
vt 0.107526 0.113680
vt 0.109194 0.127109
vt 0.101088 0.114801
vt 0.137986 0.116052
vt 0.137986 0.121743
vt 0.132890 0.121168
vt 0.132710 0.115597
vt 0.093472 0.097450
vt 0.096014 0.095885
vt 0.099818 0.095459
vt 0.093981 0.099245
vt 0.045492 0.155292
vt 0.045668 0.148092
vt 0.051807 0.148751
vt 0.052621 0.162557
vt 0.086486 0.098728
vt 0.096777 0.103420
vt 0.084817 0.102173
vt 0.028504 0.084368
vt 0.025540 0.084928
vt 0.024807 0.074746
vt 0.027834 0.074890
vt 0.037131 0.075213
vt 0.048897 0.069783
vt 0.096471 0.135370
vt 0.098844 0.132456
vt 0.100193 0.148360
vt 0.096242 0.161128
vt 0.092515 0.152875
vt 0.029960 0.066884
vt 0.033349 0.166284
vt 0.030569 0.161088
vt 0.033047 0.158756
vt 0.036449 0.162814
vt 0.120693 0.087185
vt 0.117020 0.089710
vt 0.110133 0.071850
vt 0.118498 0.072067
vt 0.101756 0.137100
vt 0.105404 0.141399
vt 0.104466 0.093140
vt 0.099881 0.082956
vt 0.028719 0.153442
vt 0.029425 0.146299
vt 0.032736 0.148402
vt 0.031324 0.153331
vt 0.105404 0.155780
vt 0.034558 0.139993
vt 0.036449 0.144244
vt 0.078994 0.092644
vt 0.081106 0.090202
vt 0.088391 0.096230
vt 0.075806 0.095231
vt 0.037511 0.100161
vt 0.031662 0.091859
vt 0.034432 0.090639
vt 0.040348 0.099070
vt 0.019725 0.164299
vt 0.024821 0.163724
vt 0.024821 0.169415
vt 0.019545 0.169870
vt 0.125398 0.115337
vt 0.126241 0.113618
vt 0.128486 0.119494
vt 0.126584 0.120505
vt 0.021256 0.087343
vt 0.019545 0.073511
vt 0.021758 0.064797
vt 0.026763 0.066201
vt 0.071854 0.083489
vt 0.060785 0.087547
vt 0.060096 0.068551
vt 0.072046 0.071730
vt 0.053102 0.060891
vt 0.045610 0.064472
vt 0.071496 0.064009
vt 0.118845 0.058654
vt 0.102088 0.100709
vt 0.091782 0.076295
vt 0.100623 0.064508
vt 0.128600 0.125354
vt 0.126968 0.124474
vt 0.126993 0.106172
vt 0.132591 0.103539
vt 0.132362 0.116923
vt 0.130466 0.117543
vt 0.047486 0.143662
vt 0.051534 0.141230
vt 0.045698 0.141359
vt 0.048789 0.132899
vt 0.049994 0.133090
vt 0.130743 0.125402
vt 0.132591 0.124656
vt 0.131234 0.132906
vt 0.129738 0.129904
vt 0.044652 0.144034
vt 0.042872 0.140834
vt 0.044693 0.139156
vt 0.051350 0.132838
vt 0.052621 0.132868
vt 0.128647 0.129697
vt 0.127368 0.129309
vt 0.046066 0.134196
vt 0.092584 0.143412
vt 0.125582 0.123472
vt 0.126221 0.128889
vt 0.125410 0.121094
vt 0.124119 0.116845
vt 0.091305 0.163765
vt 0.091009 0.165557
vt 0.080752 0.165634
vt 0.081178 0.162456
vt 0.131711 0.158526
vt 0.129981 0.159115
vt 0.127563 0.149038
vt 0.130622 0.148078
vt 0.092396 0.139604
vt 0.092396 0.150722
vt 0.091376 0.151383
vt 0.091369 0.140339
vt 0.091054 0.167268
vt 0.091305 0.169073
vt 0.081079 0.169929
vt 0.080759 0.167034
vt 0.136568 0.114657
vt 0.135249 0.114695
vt 0.133665 0.103762
vt 0.136568 0.103539
vt 0.133263 0.159128
vt 0.131698 0.148495
vt 0.135063 0.159302
vt 0.135063 0.148769
vt 0.105291 0.132337
vt 0.094396 0.118267
vt 0.039775 0.103928
vt 0.033562 0.117745
vt 0.024622 0.111138
vt 0.096818 0.110321
vt 0.100841 0.109739
vt 0.092515 0.109699
vt 0.065846 0.108772
vt 0.062964 0.109693
vt 0.062516 0.106685
vt 0.065764 0.104282
vt 0.092645 0.106307
vt 0.096449 0.103539
vt 0.109194 0.107610
vt 0.100884 0.103851
vt 0.069858 0.103928
vt 0.071391 0.106551
vt 0.068989 0.108081
vt 0.056704 0.113820
vt 0.065858 0.125875
vt 0.063320 0.125722
vt 0.071280 0.125608
vt 0.068305 0.126022
vt 0.035749 0.129769
vt 0.034003 0.131309
vt 0.024861 0.117855
vt 0.072165 0.125466
vt 0.083852 0.110445
vt 0.086624 0.112104
vt 0.077482 0.125557
vt 0.065690 0.135389
vt 0.063138 0.134161
vt 0.037099 0.132627
vt 0.034953 0.134253
vt 0.039775 0.137107
vt 0.107678 0.148797
vt 0.105523 0.146816
vt 0.107678 0.142843
vt 0.108105 0.145864
vt 0.038964 0.146526
vt 0.038964 0.149630
vt 0.038132 0.152886
vt 0.036568 0.148285
vt 0.071391 0.125649
vt 0.067831 0.135973
vt 0.060639 0.123577
vt 0.060817 0.132680
vt 0.058441 0.132650
vt 0.124865 0.150523
vt 0.127444 0.160927
vt 0.122677 0.161326
vt 0.119609 0.152720
vt 0.120755 0.150648
vt 0.122772 0.149720
vt 0.033069 0.135506
vt 0.034970 0.139874
vt 0.031232 0.132968
vt 0.060107 0.125499
vt 0.019545 0.117947
vt 0.107403 0.142332
vt 0.107387 0.141013
vt 0.108598 0.141115
vt 0.108598 0.142431
vt 0.107422 0.134272
vt 0.107387 0.132456
vt 0.109124 0.132627
vt 0.109124 0.134450
vt 0.025491 0.168478
vt 0.025431 0.167165
vt 0.036449 0.166403
vt 0.036449 0.169507
vt 0.063519 0.136200
vt 0.061478 0.135349
vt 0.067552 0.166511
vt 0.053516 0.166264
vt 0.121888 0.094543
vt 0.135222 0.095451
vt 0.135234 0.097123
vt 0.122046 0.096830
vt 0.137173 0.163734
vt 0.123910 0.164072
vt 0.123854 0.162341
vt 0.137303 0.161445
vt 0.054605 0.133083
vt 0.056311 0.132838
vt 0.056311 0.134669
vt 0.054585 0.134898
vt 0.067707 0.168246
vt 0.053615 0.168497
vt 0.137303 0.168134
vt 0.123980 0.167418
vt 0.124002 0.165678
vt 0.137180 0.165901
vt 0.125687 0.135930
vt 0.127444 0.136447
vt 0.036587 0.154745
vt 0.036568 0.153005
vt 0.038184 0.153216
vt 0.038184 0.154948
vt 0.038174 0.167169
vt 0.052406 0.166477
vt 0.052621 0.168187
vt 0.038357 0.169339
vt 0.120812 0.099223
vt 0.135218 0.098656
vt 0.135234 0.100332
vt 0.121478 0.101453
vt 0.115589 0.138199
vt 0.117118 0.137634
vt 0.092396 0.153615
vt 0.092396 0.155290
vt 0.090864 0.155235
vt 0.090852 0.153563
vt 0.109313 0.143530
vt 0.110290 0.142334
vt 0.042613 0.153855
vt 0.039894 0.144346
vt 0.040374 0.059510
vt 0.050696 0.052501
vt 0.107389 0.140674
vt 0.107387 0.138847
vt 0.109034 0.139085
vt 0.109034 0.140894
vt 0.127532 0.110874
vt 0.105843 0.052501
vt 0.037593 0.089649
vt 0.031109 0.083722
vt 0.034652 0.083316
vt 0.101621 0.159755
vt 0.089338 0.149375
vt 0.085405 0.139604
vt 0.087055 0.139782
vt 0.090598 0.149521
vt 0.055126 0.122547
vt 0.048469 0.121419
vt 0.056585 0.109163
vt 0.021108 0.160485
vt 0.024777 0.157623
vt 0.028600 0.161287
vt 0.026108 0.163605
vt 0.078810 0.085410
vt 0.076914 0.085280
vt 0.079494 0.078752
vt 0.079838 0.082586
vt 0.126607 0.067015
vt 0.126367 0.059824
vt 0.133480 0.052501
vt 0.132733 0.066352
vt 0.072165 0.083333
vt 0.098975 0.056062
vt 0.081913 0.060750
vt 0.080889 0.073720
vt 0.022282 0.145870
vt 0.024528 0.147193
vt 0.023456 0.152208
vt 0.019545 0.152505
vt 0.073445 0.157175
vt 0.074628 0.152006
vt 0.076530 0.153016
vt 0.074515 0.159383
vt 0.024277 0.094979
vt 0.028673 0.092901
vt 0.054599 0.095605
vt 0.072046 0.090899
vt 0.112035 0.053107
vt 0.073839 0.077516
vt 0.075010 0.148037
vt 0.076642 0.147157
vt 0.075035 0.166339
vt 0.078509 0.154967
vt 0.080406 0.155587
vt 0.080633 0.168972
vt 0.128391 0.071444
vt 0.132430 0.073892
vt 0.130857 0.082017
vt 0.129651 0.082203
vt 0.126593 0.073731
vt 0.078785 0.147109
vt 0.077779 0.142606
vt 0.079274 0.139604
vt 0.080633 0.147854
vt 0.125558 0.071054
vt 0.125580 0.075928
vt 0.123772 0.074246
vt 0.075409 0.143202
vt 0.076688 0.142813
vt 0.126933 0.080895
vt 0.073625 0.149040
vt 0.074262 0.143623
vt 0.073454 0.151418
vt 0.072165 0.155668
vt 0.027510 0.139993
vt 0.028600 0.143217
vt 0.085462 0.151643
vt 0.084937 0.161886
vt 0.083133 0.162104
vt 0.082268 0.151929
vt 0.080752 0.141677
vt 0.082576 0.141558
vt 0.083791 0.140421
vt 0.086303 0.150853
vt 0.089739 0.152157
vt 0.088436 0.162337
vt 0.086644 0.162007
vt 0.086861 0.151711
vt 0.089287 0.140933
vt 0.090598 0.141072
vt 0.107268 0.132456
vt 0.107268 0.142668
vt 0.105523 0.142724
vt 0.105891 0.132469
vt 0.132710 0.104593
vt 0.134341 0.115478
vt 0.041773 0.117956
vt 0.052700 0.103928
vt 0.092396 0.139485
vt 0.077242 0.132275
vt 0.086182 0.125668
vt 0.048303 0.126488
vt 0.044207 0.125917
vt 0.039894 0.126544
vt 0.118455 0.130967
vt 0.118373 0.135457
vt 0.115125 0.133054
vt 0.115573 0.130045
vt 0.040028 0.129946
vt 0.043848 0.132719
vt 0.056585 0.128619
vt 0.048276 0.132387
vt 0.122467 0.135811
vt 0.121598 0.131658
vt 0.124000 0.133188
vt 0.109313 0.125919
vt 0.115929 0.114017
vt 0.118467 0.113864
vt 0.120914 0.113717
vt 0.123889 0.114131
vt 0.088369 0.113644
vt 0.115746 0.105578
vt 0.118299 0.104351
vt 0.087574 0.109160
vt 0.089720 0.110786
vt 0.092396 0.106306
vt 0.108105 0.148916
vt 0.108105 0.151879
vt 0.107247 0.154807
vt 0.105687 0.150566
vt 0.038716 0.146407
vt 0.036568 0.144352
vt 0.038716 0.139993
vt 0.039118 0.143329
vt 0.120440 0.103767
vt 0.124000 0.114090
vt 0.113248 0.116162
vt 0.111050 0.107089
vt 0.113426 0.107059
vt 0.134872 0.171357
vt 0.123854 0.170596
vt 0.123913 0.169282
vt 0.134872 0.168253
vt 0.068812 0.147122
vt 0.063557 0.144924
vt 0.066625 0.136319
vt 0.071391 0.136718
vt 0.066719 0.147925
vt 0.064702 0.146997
vt 0.085689 0.107907
vt 0.087590 0.103539
vt 0.112716 0.114240
vt 0.038319 0.153104
vt 0.039514 0.153005
vt 0.039514 0.154320
vt 0.038303 0.154423
vt 0.107422 0.134745
vt 0.109124 0.134568
vt 0.109124 0.136390
vt 0.107387 0.136561
vt 0.116128 0.103539
vt 0.114086 0.104390
vt 0.038430 0.164910
vt 0.052465 0.164662
vt 0.110547 0.166067
vt 0.123735 0.165774
vt 0.123724 0.167446
vt 0.110389 0.168354
vt 0.105964 0.170947
vt 0.092515 0.170051
vt 0.092571 0.168320
vt 0.105834 0.168658
vt 0.052760 0.134653
vt 0.052740 0.132838
vt 0.054466 0.133067
vt 0.054466 0.134898
vt 0.038529 0.162676
vt 0.052621 0.162928
vt 0.105841 0.166491
vt 0.092663 0.166713
vt 0.092641 0.164974
vt 0.105964 0.164258
vt 0.071391 0.161198
vt 0.069634 0.161715
vt 0.090799 0.151705
vt 0.092396 0.151502
vt 0.092396 0.153234
vt 0.090780 0.153444
vt 0.109979 0.161445
vt 0.123735 0.162566
vt 0.123719 0.164241
vt 0.109313 0.163674
vt 0.061065 0.160011
vt 0.059536 0.159446
vt 0.122355 0.103247
vt 0.120812 0.103298
vt 0.120823 0.101626
vt 0.122355 0.101571
vt 0.054237 0.155311
vt 0.053260 0.154115
vt 0.123354 0.061229
vt 0.120812 0.070743
vt 0.052958 0.103809
vt 0.042436 0.097903
vt 0.107389 0.136900
vt 0.109034 0.136680
vt 0.109034 0.138489
vt 0.107387 0.138728
vt 0.075575 0.161636
vt 0.098555 0.164139
vt 0.040709 0.070590
vt 0.133480 0.082250
vt 0.132211 0.082275
vt 0.083813 0.056576
vt 0.085974 0.150808
vt 0.088442 0.140082
vt 0.025640 0.056950
vt 0.031897 0.057036
vt 0.035770 0.057860
vt 0.038095 0.058505
vt 0.028648 0.101844
vt 0.034586 0.101103
vt 0.133837 0.141902
vt 0.134466 0.143274
vt 0.133263 0.143487
vt 0.135087 0.142348
vt 0.134908 0.141385
vt 0.134252 0.140672
vt 0.133163 0.140603
vt 0.132262 0.141405
vt 0.132223 0.142703
vt 0.125472 0.089167
vt 0.127086 0.088366
vt 0.126512 0.089951
vt 0.127563 0.140429
vt 0.128103 0.144781
vt 0.130450 0.136602
vt 0.135432 0.135930
vt 0.139605 0.139088
vt 0.139605 0.144397
vt 0.135966 0.147960
vt 0.131172 0.147864
vt 0.127715 0.089738
vt 0.128336 0.088812
vt 0.128157 0.087849
vt 0.127501 0.087136
vt 0.126412 0.087067
vt 0.125511 0.087870
vt 0.120812 0.086893
vt 0.121352 0.091245
vt 0.123699 0.083067
vt 0.128681 0.082394
vt 0.132854 0.085552
vt 0.132854 0.090861
vt 0.129215 0.094424
vt 0.124421 0.094328
vt 0.319271 0.176745
vt 0.318474 0.176719
vt 0.318467 0.176448
vt 0.319209 0.176140
vt 0.318318 0.176223
vt 0.318861 0.175400
vt 0.318748 0.178101
vt 0.318167 0.177171
vt 0.318373 0.176971
vt 0.319158 0.177359
vt 0.995607 0.905142
vt 0.995607 0.908298
vt 0.992452 0.908298
vt 0.992452 0.905142
vt 0.390525 0.222839
vt 0.390525 0.222393
vt 0.391615 0.222393
vt 0.391615 0.222839
vt 0.323866 0.176918
vt 0.323867 0.177252
vt 0.323881 0.175772
vt 0.323872 0.176080
vt 0.362350 0.202126
vt 0.362350 0.200078
vt 0.362714 0.200078
vt 0.362714 0.202126
vt 0.357172 0.204424
vt 0.357172 0.197883
vt 0.377777 0.211455
vt 0.377665 0.197386
vt 0.379931 0.197712
vt 0.380170 0.209235
vt 0.385020 0.171746
vt 0.385076 0.169529
vt 0.385220 0.169529
vt 0.385275 0.171746
vt 0.310345 0.181367
vt 0.313332 0.181367
vt 0.313332 0.181621
vt 0.310345 0.181621
vt 0.308543 0.181367
vt 0.308543 0.181621
vt 0.385020 0.175626
vt 0.385020 0.173296
vt 0.385275 0.173296
vt 0.385275 0.175626
vt 0.367892 0.204424
vt 0.367892 0.197883
vt 0.371762 0.197191
vt 0.371762 0.206850
vt 0.372231 0.196157
vt 0.366216 0.191553
vt 0.366216 0.181893
vt 0.372118 0.182088
vt 0.306310 0.181423
vt 0.306310 0.181566
vt 0.353302 0.206850
vt 0.353302 0.197191
vt 0.345132 0.197712
vt 0.347400 0.197386
vt 0.347287 0.211455
vt 0.344894 0.209235
vt 0.314620 0.181367
vt 0.314620 0.181621
vt 0.357168 0.186828
vt 0.356804 0.186828
vt 0.356804 0.184781
vt 0.357168 0.184781
vt 0.385020 0.176529
vt 0.385275 0.176529
vt 0.362346 0.189126
vt 0.362346 0.182587
vt 0.341740 0.196157
vt 0.339348 0.193938
vt 0.339586 0.182415
vt 0.341852 0.182088
vt 0.407144 0.207006
vt 0.406787 0.207006
vt 0.406865 0.203898
vt 0.407067 0.203898
vt 0.295755 0.140094
vt 0.298743 0.140094
vt 0.298743 0.140348
vt 0.295755 0.140348
vt 0.293953 0.140348
vt 0.293953 0.140094
vt 0.407144 0.212444
vt 0.406787 0.212444
vt 0.406787 0.209179
vt 0.407144 0.209179
vt 0.351625 0.189126
vt 0.347755 0.191553
vt 0.347755 0.181893
vt 0.351625 0.182587
vt 0.323886 0.178101
vt 0.291720 0.140292
vt 0.291720 0.140149
vt 0.374385 0.182415
vt 0.374623 0.193938
vt 0.300030 0.140094
vt 0.300030 0.140348
vt 0.407144 0.213710
vt 0.406787 0.213710
vt 0.726642 0.611768
vt 0.722668 0.621181
vt 0.708316 0.617893
vt 0.708728 0.608443
vt 0.713605 0.638557
vt 0.706021 0.635654
vt 0.699667 0.656542
vt 0.698573 0.635537
vt 0.730715 0.713610
vt 0.726045 0.701542
vt 0.742905 0.691508
vt 0.751463 0.701737
vt 0.743268 0.622199
vt 0.735975 0.630173
vt 0.751962 0.611954
vt 0.731247 0.599575
vt 0.762648 0.598858
vt 0.737141 0.583513
vt 0.603452 0.704546
vt 0.594092 0.680682
vt 0.631946 0.672605
vt 0.637936 0.688616
vt 0.745671 0.559670
vt 0.756037 0.534248
vt 0.794383 0.564624
vt 0.777451 0.581409
vt 0.695275 0.619597
vt 0.692714 0.611257
vt 0.687076 0.641333
vt 0.692130 0.637662
vt 0.708899 0.595898
vt 0.708963 0.578566
vt 0.688895 0.599868
vt 0.684604 0.624739
vt 0.680067 0.618046
vt 0.683264 0.583336
vt 0.619123 0.585194
vt 0.641894 0.566110
vt 0.662989 0.594161
vt 0.648037 0.608323
vt 0.676826 0.631639
vt 0.683503 0.645953
vt 0.671545 0.639530
vt 0.673289 0.608604
vt 0.670886 0.626706
vt 0.661972 0.619590
vt 0.664744 0.636286
vt 0.619171 0.726751
vt 0.648013 0.703966
vt 0.654423 0.631512
vt 0.661176 0.646257
vt 0.650019 0.643826
vt 0.708238 0.762367
vt 0.672039 0.759006
vt 0.683022 0.729012
vt 0.708632 0.734015
vt 0.681400 0.651097
vt 0.668471 0.647879
vt 0.637917 0.623722
vt 0.631926 0.639776
vt 0.680727 0.656472
vt 0.667420 0.656439
vt 0.672060 0.553004
vt 0.708267 0.549818
vt 0.629795 0.656199
vt 0.648462 0.656345
vt 0.650019 0.668844
vt 0.659926 0.656414
vt 0.668439 0.664994
vt 0.661156 0.666561
vt 0.681367 0.661848
vt 0.683433 0.666999
vt 0.671469 0.673333
vt 0.745698 0.752799
vt 0.736885 0.729414
vt 0.654401 0.681117
vt 0.661883 0.692992
vt 0.664686 0.676505
vt 0.676682 0.681216
vt 0.670754 0.686058
vt 0.686963 0.671632
vt 0.777495 0.731425
vt 0.762309 0.714443
vt 0.691971 0.675337
vt 0.684362 0.688139
vt 0.679815 0.694722
vt 0.590715 0.656006
vt 0.594058 0.631323
vt 0.705806 0.677478
vt 0.698374 0.677517
vt 0.694921 0.693361
vt 0.692308 0.701598
vt 0.673075 0.703965
vt 0.662871 0.718110
vt 0.603399 0.607431
vt 0.707876 0.695218
vt 0.708196 0.704597
vt 0.720070 0.668770
vt 0.713415 0.674666
vt 0.688508 0.712787
vt 0.722217 0.692141
vt 0.708374 0.716980
vt 0.735703 0.683392
vt 0.641910 0.745832
vt 0.794511 0.747969
vt 0.756131 0.777935
vt 0.545140 0.577251
vt 0.573950 0.544778
vt 0.527664 0.615341
vt 0.709281 0.515402
vt 0.659695 0.510936
vt 0.521663 0.655902
vt 0.527701 0.696462
vt 0.709359 0.796520
vt 0.242906 0.488283
vt 0.257852 0.492625
vt 0.257509 0.534793
vt 0.242827 0.536440
vt 0.574029 0.766989
vt 0.545205 0.734537
vt 0.613100 0.790279
vt 0.659773 0.800867
vt 0.613019 0.521487
vt 0.470974 0.655918
vt 0.478996 0.601824
vt 0.479045 0.710006
vt 0.764468 0.517423
vt 0.807605 0.553374
vt 0.807605 0.759239
vt 0.764446 0.794736
vt 0.712643 0.492880
vt 0.504409 0.759984
vt 0.655741 0.482020
vt 0.545515 0.799590
vt 0.597962 0.488083
vt 0.598046 0.823662
vt 0.545416 0.512174
vt 0.504322 0.551817
vt 0.655793 0.829750
vt 0.712650 0.819003
vt 0.274193 0.452877
vt 0.261465 0.443332
vt 0.476884 0.530790
vt 0.475551 0.487227
vt 0.486922 0.485229
vt 0.486922 0.533398
vt 0.460328 0.572462
vt 0.468607 0.578534
vt 0.304849 0.421781
vt 0.295966 0.408642
vt 0.428304 0.604773
vt 0.434122 0.613414
vt 0.388849 0.632233
vt 0.386337 0.622286
vt 0.345144 0.404919
vt 0.341030 0.389540
vt 0.341543 0.621973
vt 0.340193 0.632243
vt 0.388157 0.404588
vt 0.389710 0.389082
vt 0.301720 0.604422
vt 0.295616 0.614198
vt 0.427455 0.420048
vt 0.434484 0.407024
vt 0.261153 0.580834
vt 0.272661 0.573697
vt 0.457917 0.448705
vt 0.468865 0.440690
vt 0.416653 0.437042
vt 0.397867 0.466604
vt 0.377870 0.459377
vt 0.384228 0.425901
vt 0.413477 0.481131
vt 0.442342 0.460084
vt 0.334308 0.560046
vt 0.313014 0.589146
vt 0.289018 0.563531
vt 0.319302 0.544670
vt 0.311690 0.524787
vt 0.277281 0.531137
vt 0.422129 0.500832
vt 0.457127 0.491980
vt 0.279069 0.496939
vt 0.312481 0.503565
vt 0.422369 0.522831
vt 0.458015 0.528022
vt 0.321304 0.484043
vt 0.293551 0.465736
vt 0.413885 0.543580
vt 0.444190 0.562375
vt 0.336703 0.468920
vt 0.318383 0.441808
vt 0.397886 0.559616
vt 0.417704 0.589035
vt 0.383054 0.603551
vt 0.377010 0.568409
vt 0.356470 0.460267
vt 0.349853 0.427688
vt 0.354593 0.568485
vt 0.346052 0.603465
vt 0.720179 0.644530
vt 0.674367 0.101407
vt 0.671841 0.072168
vt 0.685694 0.072628
vt 0.689853 0.101477
vt 0.670767 0.446335
vt 0.670783 0.415441
vt 0.684401 0.415179
vt 0.684077 0.444730
vt 0.685196 0.233068
vt 0.714212 0.233108
vt 0.713844 0.255798
vt 0.685185 0.255595
vt 0.677532 0.128447
vt 0.695783 0.128263
vt 0.708745 0.301261
vt 0.682926 0.300694
vt 0.684311 0.278125
vt 0.712239 0.278538
vt 0.703836 0.324249
vt 0.680931 0.323666
vt 0.701760 0.153132
vt 0.680324 0.153454
vt 0.697916 0.348103
vt 0.678276 0.347649
vt 0.682476 0.176941
vt 0.706911 0.176618
vt 0.691595 0.373470
vt 0.675074 0.373272
vt 0.712535 0.210399
vt 0.684536 0.210632
vt 0.686109 0.400708
vt 0.671881 0.400846
vt 0.659823 0.209613
vt 0.642409 0.208824
vt 0.643815 0.174163
vt 0.661204 0.175458
vt 0.660793 0.401377
vt 0.643398 0.401488
vt 0.644358 0.374848
vt 0.661590 0.374039
vt 0.661722 0.348748
vt 0.641627 0.039370
vt 0.661646 0.039503
vt 0.661156 0.071601
vt 0.642970 0.071492
vt 0.659209 0.255934
vt 0.641457 0.256031
vt 0.641724 0.232334
vt 0.659316 0.232707
vt 0.660311 0.415837
vt 0.642616 0.415799
vt 0.659488 0.279028
vt 0.641953 0.279681
vt 0.640912 0.447027
vt 0.660400 0.447217
vt 0.644278 0.100169
vt 0.661948 0.100707
vt 0.660297 0.301955
vt 0.642905 0.303063
vt 0.644906 0.126318
vt 0.662366 0.127431
vt 0.661189 0.324983
vt 0.643868 0.326330
vt 0.662045 0.152112
vt 0.644674 0.150731
vt 0.644491 0.350040
vt 0.624790 0.327276
vt 0.606300 0.328141
vt 0.606274 0.304622
vt 0.624300 0.303702
vt 0.605084 0.126835
vt 0.624574 0.125654
vt 0.625152 0.149852
vt 0.606631 0.150738
vt 0.623795 0.279980
vt 0.607293 0.173922
vt 0.625102 0.173368
vt 0.624756 0.350996
vt 0.623870 0.375349
vt 0.604263 0.375424
vt 0.605746 0.351621
vt 0.624248 0.208385
vt 0.606968 0.208738
vt 0.621863 0.400926
vt 0.601496 0.399873
vt 0.623711 0.232095
vt 0.606290 0.232469
vt 0.591664 0.047994
vt 0.615617 0.041831
vt 0.619828 0.072560
vt 0.598351 0.076225
vt 0.623565 0.256054
vt 0.606012 0.256673
vt 0.620314 0.414586
vt 0.599370 0.412529
vt 0.606070 0.280805
vt 0.592874 0.438907
vt 0.615766 0.444221
vt 0.602496 0.102098
vt 0.622778 0.100189
vt 0.588407 0.132460
vt 0.584601 0.108527
vt 0.579664 0.084244
vt 0.592622 0.284225
vt 0.593238 0.260293
vt 0.591425 0.155995
vt 0.593738 0.236290
vt 0.594256 0.212474
vt 0.591769 0.307911
vt 0.593883 0.179023
vt 0.590483 0.331294
vt 0.585918 0.377700
vt 0.588568 0.354498
vt 0.579850 0.412513
vt 0.582320 0.400930
vt 0.572878 0.059734
vt 0.423320 0.732912
vt 0.449911 0.727559
vt 0.449555 0.754089
vt 0.422594 0.749195
vt 0.672260 0.040574
vt 0.736931 0.309920
vt 0.726983 0.333600
vt 0.406425 0.706075
vt 0.421486 0.684640
vt 0.440118 0.703185
vt 0.417671 0.717737
vt 0.391303 0.699758
vt 0.396795 0.674794
vt 0.388651 0.782059
vt 0.395726 0.808595
vt 0.356868 0.806104
vt 0.364691 0.780236
vt 0.366579 0.702238
vt 0.356736 0.679600
vt 0.369770 0.675340
vt 0.374664 0.699797
vt 0.403821 0.775652
vt 0.420124 0.797877
vt 0.334249 0.695293
vt 0.352506 0.711569
vt 0.342926 0.725479
vt 0.319310 0.718187
vt 0.339326 0.741796
vt 0.314100 0.744782
vt 0.342274 0.757976
vt 0.319579 0.770930
vt 0.415731 0.764163
vt 0.439121 0.778791
vt 0.334675 0.792463
vt 0.351233 0.771470
vt 0.449617 0.785338
vt 0.461826 0.755942
vt 0.469830 0.756766
vt 0.456466 0.789378
vt 0.308105 0.775637
vt 0.301772 0.744839
vt 0.462008 0.724504
vt 0.469830 0.721992
vt 0.450187 0.695751
vt 0.300030 0.778249
vt 0.293204 0.744272
vt 0.325812 0.801196
vt 0.456575 0.690294
vt 0.428076 0.674000
vt 0.319457 0.806584
vt 0.352034 0.817467
vt 0.432060 0.666430
vt 0.399030 0.662549
vt 0.348506 0.824794
vt 0.397855 0.820690
vt 0.400036 0.653972
vt 0.398877 0.828558
vt 0.367323 0.663278
vt 0.308019 0.713593
vt 0.325617 0.686721
vt 0.365299 0.654830
vt 0.427012 0.808103
vt 0.431497 0.814813
vt 0.351980 0.668270
vt 0.348360 0.660478
vt 0.163879 0.615373
vt 0.164228 0.608480
vt 0.197861 0.620938
vt 0.195183 0.627139
vt 0.300179 0.709958
vt 0.319553 0.680558
vt 0.081356 0.637235
vt 0.110285 0.616139
vt 0.113498 0.622254
vt 0.086121 0.641917
vt 0.164594 0.777266
vt 0.165072 0.783146
vt 0.114531 0.780620
vt 0.117222 0.775150
vt 0.068466 0.670102
vt 0.062386 0.667212
vt 0.062924 0.702633
vt 0.056306 0.702032
vt 0.070411 0.734199
vt 0.064177 0.736001
vt 0.218582 0.742560
vt 0.223692 0.745524
vt 0.198145 0.770611
vt 0.194922 0.765452
vt 0.231394 0.712599
vt 0.237401 0.712987
vt 0.089587 0.759737
vt 0.084685 0.763689
vt 0.231576 0.680071
vt 0.237401 0.677798
vt 0.218935 0.649976
vt 0.223566 0.645385
vt 0.129778 0.616597
vt 0.127861 0.609877
vt 0.232784 0.638372
vt 0.250133 0.625322
vt 0.268330 0.669491
vt 0.247893 0.674902
vt 0.167017 0.596397
vt 0.170858 0.574368
vt 0.215945 0.591852
vt 0.204442 0.610749
vt 0.106722 0.604267
vt 0.097989 0.584084
vt 0.121634 0.576015
vt 0.126291 0.597703
vt 0.167598 0.797485
vt 0.171326 0.817359
vt 0.100993 0.813991
vt 0.109197 0.794665
vt 0.204143 0.780912
vt 0.215347 0.797353
vt 0.057781 0.613023
vt 0.073466 0.628036
vt 0.051460 0.662470
vt 0.031045 0.654586
vt 0.044068 0.702581
vt 0.021871 0.703003
vt 0.052635 0.741942
vt 0.032327 0.750566
vt 0.232332 0.751906
vt 0.249548 0.762460
vt 0.247683 0.714733
vt 0.268058 0.717591
vt 0.060260 0.789673
vt 0.075661 0.774272
vt 0.257874 0.767083
vt 0.220803 0.805390
vt 0.277788 0.665876
vt 0.277788 0.718173
vt 0.051968 0.796102
vt 0.021851 0.753488
vt 0.096376 0.822924
vt 0.257737 0.618004
vt 0.171609 0.563182
vt 0.220477 0.581891
vt 0.172405 0.826883
vt 0.092826 0.573980
vt 0.118593 0.565036
vt 0.049867 0.605178
vt 0.020917 0.649682
vt 0.010782 0.701923
vt 0.744776 0.284857
vt 0.711645 0.120952
vt 0.701604 0.096665
vt 0.722614 0.144363
vt 0.749682 0.258128
vt 0.732817 0.167941
vt 0.715878 0.356517
vt 0.744771 0.204567
vt 0.704954 0.379673
vt 0.693978 0.043263
vt 0.694868 0.070617
vt 0.685832 0.042444
vt 0.696167 0.404171
vt 0.749012 0.230869
vt 0.693382 0.417277
vt 0.692070 0.444059
vt 0.572878 0.435019
vt 0.953550 0.767819
vt 0.953243 0.770781
vt 0.944082 0.778459
vt 0.941743 0.767819
vt 0.957666 0.767819
vt 0.953243 0.764856
vt 0.958254 0.761736
vt 0.976200 0.784735
vt 0.967074 0.794307
vt 0.962532 0.786395
vt 0.969586 0.779790
vt 0.946215 0.799007
vt 0.938744 0.788080
vt 0.971493 0.774172
vt 0.962186 0.770356
vt 0.961671 0.767819
vt 0.972135 0.767819
vt 0.960805 0.771896
vt 0.958254 0.773901
vt 0.979693 0.767819
vt 0.987378 0.767819
vt 0.986272 0.779414
vt 0.978809 0.776788
vt 0.995005 0.782869
vt 0.989971 0.795348
vt 0.982844 0.789537
vt 0.982844 0.746100
vt 0.989971 0.740289
vt 0.995005 0.752768
vt 0.986272 0.756223
vt 0.960805 0.763741
vt 0.969586 0.755847
vt 0.971493 0.761465
vt 0.962186 0.765281
vt 0.996445 0.767819
vt 0.950354 0.727073
vt 0.972020 0.734117
vt 0.967074 0.741330
vt 0.946215 0.736630
vt 0.962532 0.749242
vt 0.976200 0.750902
vt 0.978809 0.758849
vt 0.944082 0.757178
vt 0.972020 0.801520
vt 0.977826 0.809188
vt 0.938744 0.747557
vt 0.954670 0.715660
vt 0.977826 0.726449
vt 0.950354 0.808564
vt 0.978693 0.810714
vt 0.991729 0.796611
vt 0.956130 0.714172
vt 0.978693 0.724923
vt 0.998650 0.767819
vt 0.996965 0.783341
vt 0.991729 0.739026
vt 0.996965 0.752296
vt 0.954670 0.819977
vt 0.956130 0.821465
vt 0.905692 0.964957
vt 0.910211 0.972460
vt 0.893811 0.986777
vt 0.882587 0.968566
vt 0.936794 0.964957
vt 0.959899 0.968566
vt 0.948675 0.986777
vt 0.932276 0.972460
vt 0.909066 0.956633
vt 0.890612 0.945536
vt 0.915274 0.974972
vt 0.906409 0.993023
vt 0.921243 0.995534
vt 0.921243 0.975941
vt 0.927212 0.974972
vt 0.936077 0.993023
vt 0.933420 0.956633
vt 0.951873 0.945536
vt 0.224622 0.440165
vt 0.224622 0.433275
vt 0.231532 0.433121
vt 0.230863 0.439983
vt 0.203524 0.440321
vt 0.201343 0.433605
vt 0.211293 0.432869
vt 0.212554 0.439722
vt 0.192060 0.437720
vt 0.195011 0.444113
vt 0.245720 0.440321
vt 0.247900 0.433605
vt 0.257184 0.437720
vt 0.254232 0.444113
vt 0.237950 0.432869
vt 0.236690 0.439722
vt 0.217711 0.433121
vt 0.218381 0.439983
vt 0.195936 0.419496
vt 0.207709 0.419440
vt 0.224622 0.420370
vt 0.233553 0.420062
vt 0.265287 0.424304
vt 0.253307 0.419496
vt 0.183956 0.424304
vt 0.241534 0.419440
vt 0.215690 0.420062
vt 0.190632 0.404609
vt 0.204433 0.405489
vt 0.274066 0.409033
vt 0.258611 0.404609
vt 0.224622 0.406919
vt 0.235373 0.406436
vt 0.175177 0.409033
vt 0.244811 0.405489
vt 0.213870 0.406436
vt 0.174656 0.392598
vt 0.188558 0.387259
vt 0.260685 0.387259
vt 0.245549 0.388597
vt 0.203695 0.388597
vt 0.213646 0.389655
vt 0.224622 0.390138
vt 0.274588 0.392597
vt 0.235597 0.389655
vt 0.824470 0.398512
vt 0.823284 0.401040
vt 0.821874 0.401058
vt 0.821528 0.400073
vt 0.822403 0.402848
vt 0.820630 0.402248
vt 0.819505 0.401146
vt 0.816490 0.405958
vt 0.813938 0.403655
vt 0.826939 0.402465
vt 0.832124 0.409366
vt 0.825027 0.408457
vt 0.824564 0.402979
vt 0.820215 0.407542
vt 0.829423 0.401304
vt 0.833552 0.406602
vt 0.825904 0.400665
vt 0.824576 0.401454
vt 0.826204 0.393536
vt 0.826961 0.387194
vt 0.831806 0.387542
vt 0.828534 0.393857
vt 0.828049 0.398854
vt 0.827600 0.400182
vt 0.832347 0.398773
vt 0.822335 0.388203
vt 0.819544 0.381782
vt 0.827724 0.379833
vt 0.836855 0.417228
vt 0.826937 0.414976
vt 0.827837 0.396693
vt 0.828856 0.397570
vt 0.831783 0.394942
vt 0.831389 0.397012
vt 0.818330 0.412874
vt 0.811391 0.409924
vt 0.825581 0.395755
vt 0.827200 0.395561
vt 0.836855 0.388990
vt 0.821957 0.394854
vt 0.818178 0.390433
vt 0.824003 0.393853
vt 0.823062 0.396461
vt 0.824232 0.395480
vt 0.820282 0.396290
vt 0.815000 0.393644
vt 0.806532 0.406222
vt 0.836598 0.379990
vt 0.812797 0.400698
vt 0.818968 0.399709
vt 0.819303 0.398004
vt 0.813138 0.397245
vt 0.804165 0.401762
vt 0.821440 0.398235
vt 0.821686 0.397063
vt 0.804423 0.396698
vt 0.807301 0.391217
vt 0.812463 0.385869
vt 0.850462 0.380976
vt 0.853197 0.385485
vt 0.849281 0.386665
vt 0.843859 0.382859
vt 0.873249 0.391316
vt 0.871762 0.390698
vt 0.873654 0.379833
vt 0.875142 0.381617
vt 0.870379 0.400029
vt 0.869317 0.399965
vt 0.870476 0.391266
vt 0.872005 0.381204
vt 0.870811 0.434454
vt 0.869928 0.427721
vt 0.871824 0.428760
vt 0.872445 0.435297
vt 0.871912 0.399772
vt 0.869415 0.422367
vt 0.869200 0.418227
vt 0.871710 0.418044
vt 0.871632 0.423085
vt 0.873366 0.442273
vt 0.871840 0.441861
vt 0.869282 0.413823
vt 0.869592 0.407838
vt 0.871258 0.407028
vt 0.871253 0.412946
vt 0.859866 0.404634
vt 0.861225 0.401706
vt 0.864463 0.401053
vt 0.864619 0.403896
vt 0.867644 0.379833
vt 0.863473 0.385274
vt 0.858008 0.385227
vt 0.858483 0.380338
vt 0.846571 0.388841
vt 0.839164 0.386002
vt 0.851296 0.401964
vt 0.857757 0.398663
vt 0.860170 0.399614
vt 0.855413 0.403970
vt 0.863813 0.398923
vt 0.854747 0.395116
vt 0.855912 0.397054
vt 0.847976 0.398921
vt 0.845891 0.395382
vt 0.855035 0.391347
vt 0.854446 0.393124
vt 0.845404 0.391869
vt 0.859429 0.409953
vt 0.867644 0.409224
vt 0.859403 0.387560
vt 0.861175 0.388973
vt 0.858609 0.389197
vt 0.863162 0.387643
vt 0.836900 0.390204
vt 0.840260 0.400107
vt 0.837267 0.395065
vt 0.845325 0.404767
vt 0.851882 0.408313
vt 0.856485 0.389998
vt 0.820739 0.399333
vt 0.839231 0.435697
vt 0.839417 0.433108
vt 0.840728 0.433880
vt 0.840457 0.436842
vt 0.839388 0.430747
vt 0.840820 0.431060
vt 0.846510 0.434716
vt 0.846628 0.438757
vt 0.847947 0.425165
vt 0.852791 0.424317
vt 0.853399 0.427681
vt 0.848387 0.427937
vt 0.839202 0.426646
vt 0.839143 0.424614
vt 0.840279 0.423650
vt 0.840538 0.426110
vt 0.838737 0.422318
vt 0.839665 0.421060
vt 0.838784 0.418282
vt 0.843750 0.414845
vt 0.844624 0.419258
vt 0.845298 0.422706
vt 0.836900 0.441962
vt 0.838759 0.438429
vt 0.839864 0.439870
vt 0.838907 0.443049
vt 0.846339 0.442982
vt 0.845180 0.447373
vt 0.846305 0.431104
vt 0.837926 0.419781
vt 0.839219 0.428618
vt 0.840668 0.428490
vt 0.846092 0.428083
vt 0.845778 0.425452
vt 0.847247 0.418377
vt 0.847632 0.422202
vt 0.849954 0.439714
vt 0.850116 0.444518
vt 0.849500 0.449569
vt 0.846876 0.413288
vt 0.848890 0.431173
vt 0.849443 0.435174
vt 0.855854 0.432786
vt 0.856096 0.436459
vt 0.853060 0.416403
vt 0.852748 0.420778
vt 0.857091 0.441691
vt 0.858068 0.447109
vt 0.853954 0.445920
vt 0.853700 0.451433
vt 0.853814 0.411041
vt 0.858068 0.409997
vt 0.856973 0.414999
vt 0.856506 0.426970
vt 0.856991 0.430889
vt 0.856188 0.423386
vt 0.856365 0.419501
vt 0.871857 0.457416
vt 0.871383 0.449390
vt 0.872708 0.449563
vt 0.873357 0.458181
vt 0.868081 0.413297
vt 0.868536 0.407383
vt 0.868098 0.422754
vt 0.867689 0.418107
vt 0.869664 0.434847
vt 0.868741 0.428249
vt 0.870670 0.441996
vt 0.874253 0.449444
vt 0.875142 0.457231
vt 0.324289 0.918758
vt 0.323179 0.909949
vt 0.325706 0.908739
vt 0.328023 0.911923
vt 0.324874 0.891241
vt 0.333740 0.892715
vt 0.332667 0.903702
vt 0.301803 0.857440
vt 0.311827 0.879338
vt 0.296772 0.893021
vt 0.279029 0.878510
vt 0.317214 0.891571
vt 0.322864 0.878279
vt 0.335622 0.879492
vt 0.319517 0.912867
vt 0.306628 0.900987
vt 0.303714 0.909498
vt 0.317533 0.915159
vt 0.318346 0.918885
vt 0.302875 0.919202
vt 0.292480 0.905394
vt 0.272248 0.897860
vt 0.291237 0.919421
vt 0.319770 0.924856
vt 0.307348 0.937304
vt 0.304092 0.928877
vt 0.317689 0.922645
vt 0.324815 0.959816
vt 0.320375 0.983043
vt 0.303589 0.981245
vt 0.313414 0.958998
vt 0.297733 0.945668
vt 0.318398 0.946393
vt 0.280389 0.960728
vt 0.292992 0.933408
vt 0.318565 0.855495
vt 0.323563 0.927623
vt 0.326156 0.928719
vt 0.326155 0.946357
vt 0.328328 0.925425
vt 0.270079 0.919793
vt 0.333360 0.933434
vt 0.334993 0.944363
vt 0.337725 0.957447
vt 0.337725 0.857058
vt 0.554924 0.975621
vt 0.555172 0.977728
vt 0.528766 0.984040
vt 0.528503 0.981262
vt 0.273010 0.941624
vt 0.330332 0.918622
vt 0.330611 0.922975
vt 0.333753 0.925615
vt 0.555782 0.980742
vt 0.528514 0.986651
vt 0.379606 0.869877
vt 0.389675 0.889177
vt 0.374545 0.899450
vt 0.363792 0.884288
vt 0.422008 0.976290
vt 0.406697 0.970223
vt 0.407953 0.967533
vt 0.422811 0.973323
vt 0.408517 0.965437
vt 0.423202 0.971237
vt 0.488686 0.984777
vt 0.509229 0.984061
vt 0.509501 0.986604
vt 0.488596 0.987475
vt 0.509121 0.988993
vt 0.488524 0.989649
vt 0.468016 0.987625
vt 0.467796 0.985216
vt 0.448821 0.983999
vt 0.448743 0.981377
vt 0.449190 0.978622
vt 0.468236 0.982696
vt 0.587646 0.969754
vt 0.570665 0.975759
vt 0.569407 0.973267
vt 0.586761 0.967335
vt 0.569203 0.971231
vt 0.585786 0.965437
vt 0.357081 0.938724
vt 0.368921 0.956544
vt 0.360611 0.969289
vt 0.343208 0.946404
vt 0.352200 0.873468
vt 0.374641 0.855495
vt 0.375586 0.972637
vt 0.379486 0.959146
vt 0.391983 0.959429
vt 0.393148 0.973092
vt 0.383376 0.940268
vt 0.371194 0.926627
vt 0.390487 0.869919
vt 0.393148 0.889198
vt 0.352365 0.910510
vt 0.369946 0.912678
vt 0.369988 0.919784
vt 0.352957 0.925087
vt 0.371713 0.905795
vt 0.356479 0.896515
vt 0.343231 0.889678
vt 0.386750 0.941091
vt 0.337773 0.908711
vt 0.338444 0.928501
vt 0.389981 0.855885
vt 0.378656 0.904542
vt 0.376789 0.909070
vt 0.330413 0.914262
vt 0.333425 0.911483
vt 0.382105 0.935199
vt 0.376419 0.922687
vt 0.387211 0.893786
vt 0.375731 0.913392
vt 0.375707 0.917841
vt 0.352806 0.529599
vt 0.357429 0.526819
vt 0.357614 0.532890
vt 0.355379 0.534722
vt 0.351048 0.533246
vt 0.355489 0.537285
vt 0.349656 0.519076
vt 0.358183 0.515870
vt 0.348076 0.508049
vt 0.359735 0.505754
vt 0.345018 0.523994
vt 0.340429 0.512862
vt 0.347299 0.500438
vt 0.360874 0.499471
vt 0.367042 0.519353
vt 0.371225 0.509604
vt 0.362563 0.529293
vt 0.360331 0.534431
vt 0.373663 0.503358
vt 0.777268 0.243842
vt 0.774665 0.250574
vt 0.755832 0.245603
vt 0.764146 0.227381
vt 0.389582 0.511809
vt 0.392901 0.506801
vt 0.402119 0.511772
vt 0.398112 0.517044
vt 0.377179 0.526925
vt 0.385261 0.517937
vt 0.367861 0.534397
vt 0.362975 0.537351
vt 0.369873 0.537715
vt 0.362879 0.539237
vt 0.381802 0.532086
vt 0.392490 0.523508
vt 0.781404 0.223988
vt 0.783304 0.242705
vt 0.376378 0.496786
vt 0.375689 0.498225
vt 0.361661 0.494016
vt 0.361615 0.492332
vt 0.393684 0.505376
vt 0.358771 0.539140
vt 0.363874 0.540976
vt 0.362059 0.542085
vt 0.370570 0.541339
vt 0.369319 0.544957
vt 0.384922 0.538192
vt 0.384556 0.544566
vt 0.398678 0.530045
vt 0.361280 0.543615
vt 0.359239 0.543024
vt 0.366267 0.547728
vt 0.361464 0.550353
vt 0.337213 0.504177
vt 0.346568 0.493518
vt 0.346438 0.491976
vt 0.406075 0.522856
vt 0.357807 0.542904
vt 0.356555 0.541251
vt 0.357001 0.545727
vt 0.351466 0.545527
vt 0.331311 0.521495
vt 0.325554 0.512306
vt 0.321480 0.504692
vt 0.330902 0.497847
vt 0.410824 0.516569
vt 0.871104 0.122559
vt 0.870880 0.116322
vt 0.872566 0.116325
vt 0.872570 0.122437
vt 0.871094 0.108997
vt 0.872676 0.109052
vt 0.403022 0.510359
vt 0.334947 0.495225
vt 0.335570 0.493575
vt 0.770179 0.278919
vt 0.777965 0.266438
vt 0.782612 0.269529
vt 0.779028 0.284883
vt 0.777031 0.259086
vt 0.762000 0.269450
vt 0.779913 0.262445
vt 0.787016 0.243832
vt 0.792197 0.226253
vt 0.871639 0.125943
vt 0.864698 0.127213
vt 0.863490 0.123471
vt 0.349854 0.538347
vt 0.340250 0.531643
vt 0.354955 0.539278
vt 0.870977 0.101009
vt 0.872609 0.100828
vt 0.864093 0.100433
vt 0.864306 0.095926
vt 0.870914 0.097388
vt 0.863410 0.110081
vt 0.862356 0.117473
vt 0.872999 0.125755
vt 0.854337 0.125921
vt 0.853368 0.119020
vt 0.855791 0.130878
vt 0.872406 0.096965
vt 0.847976 0.119073
vt 0.848121 0.108991
vt 0.854141 0.110089
vt 0.854925 0.097272
vt 0.855335 0.091034
vt 0.849042 0.126983
vt 0.848563 0.094527
vt 0.411415 0.515026
vt 0.840209 0.107016
vt 0.830922 0.104526
vt 0.830817 0.088599
vt 0.840276 0.091601
vt 0.852576 0.133792
vt 0.841479 0.127032
vt 0.832143 0.126791
vt 0.831714 0.116781
vt 0.840767 0.118229
vt 0.848948 0.087440
vt 0.831151 0.081031
vt 0.840610 0.084142
vt 0.840427 0.139897
vt 0.830817 0.140098
vt 0.831618 0.133190
vt 0.841432 0.133065
vt 0.850244 0.138932
vt 0.841736 0.077657
vt 0.849990 0.081224
vt 0.832546 0.074845
vt 0.033275 0.374413
vt 0.027080 0.335411
vt 0.034128 0.331428
vt 0.039527 0.370345
vt 0.047006 0.369817
vt 0.040945 0.328306
vt 0.048421 0.328870
vt 0.054208 0.367731
vt 0.061395 0.369730
vt 0.055985 0.325613
vt 0.063312 0.327013
vt 0.068835 0.369189
vt 0.076267 0.370176
vt 0.068749 0.322419
vt 0.077431 0.331193
vt 0.083308 0.367600
vt 0.229902 0.273432
vt 0.229808 0.286985
vt 0.221574 0.285703
vt 0.221192 0.271990
vt 0.232607 0.263325
vt 0.223876 0.264072
vt 0.241887 0.266603
vt 0.241887 0.275562
vt 0.239107 0.284130
vt 0.025983 0.375990
vt 0.020783 0.339481
vt 0.149103 0.694045
vt 0.148698 0.692523
vt 0.201209 0.699594
vt 0.201329 0.683082
vt 0.148678 0.660144
vt 0.201644 0.652263
vt 0.201456 0.668382
vt 0.208012 0.687213
vt 0.208008 0.697349
vt 0.206194 0.699753
vt 0.208013 0.656706
vt 0.208013 0.665912
vt 0.206868 0.652088
vt 0.149263 0.658067
vt 0.149097 0.705556
vt 0.201203 0.699970
vt 0.148692 0.707068
vt 0.201324 0.716482
vt 0.201456 0.731182
vt 0.148676 0.739410
vt 0.208007 0.712351
vt 0.208003 0.702215
vt 0.206188 0.699811
vt 0.208013 0.742858
vt 0.201644 0.747302
vt 0.208013 0.733653
vt 0.206868 0.747477
vt 0.149261 0.741477
vt 0.080943 0.878618
vt 0.080165 0.880020
vt 0.029305 0.880154
vt 0.028743 0.878706
vt 0.076456 0.883386
vt 0.107802 0.883411
vt 0.108311 0.884771
vt 0.076004 0.884852
vt 0.109896 0.883229
vt 0.110471 0.884762
vt 0.019153 0.874399
vt 0.020550 0.874606
vt 0.020550 0.888813
vt 0.019153 0.889038
vt 0.024286 0.880174
vt 0.023588 0.878702
vt 0.074794 0.884852
vt 0.074789 0.883442
vt 0.023588 0.884675
vt 0.024162 0.883229
vt 0.024153 0.886124
vt 0.074767 0.886254
vt 0.076439 0.886316
vt 0.029301 0.877257
vt 0.024282 0.877230
vt 0.107825 0.886135
vt 0.017754 0.874658
vt 0.017754 0.888865
vt 0.109932 0.886300
vt 0.080157 0.877230
vt 0.087639 0.741761
vt 0.087230 0.740237
vt 0.139769 0.747318
vt 0.140016 0.716105
vt 0.139889 0.730805
vt 0.087208 0.707874
vt 0.146572 0.734936
vt 0.146568 0.745072
vt 0.144754 0.747476
vt 0.146574 0.704429
vt 0.146574 0.713635
vt 0.140204 0.699986
vt 0.145428 0.699811
vt 0.087798 0.705792
vt 0.087635 0.657803
vt 0.139764 0.652247
vt 0.087226 0.659326
vt 0.139885 0.668760
vt 0.140018 0.683460
vt 0.140205 0.699579
vt 0.087208 0.691704
vt 0.146568 0.664628
vt 0.146564 0.654492
vt 0.144749 0.652088
vt 0.146575 0.695135
vt 0.146575 0.685930
vt 0.145429 0.699754
vt 0.087798 0.693785
vt 0.023588 0.881613
vt 0.024373 0.880229
vt 0.075251 0.880233
vt 0.075808 0.881683
vt 0.052201 0.888093
vt 0.051732 0.886920
vt 0.059817 0.886797
vt 0.060125 0.888125
vt 0.062333 0.888095
vt 0.062519 0.886637
vt 0.067430 0.886608
vt 0.066875 0.888088
vt 0.124606 0.886714
vt 0.155521 0.886565
vt 0.156014 0.887900
vt 0.124486 0.888151
vt 0.157598 0.886371
vt 0.158147 0.887876
vt 0.030401 0.887694
vt 0.030810 0.886371
vt 0.044409 0.886810
vt 0.044760 0.888101
vt 0.080271 0.880229
vt 0.080964 0.881703
vt 0.123447 0.888261
vt 0.122978 0.886868
vt 0.023588 0.887922
vt 0.024266 0.886745
vt 0.024277 0.889097
vt 0.030778 0.888985
vt 0.067430 0.889566
vt 0.122960 0.889333
vt 0.044376 0.889429
vt 0.051728 0.889259
vt 0.124636 0.889594
vt 0.075246 0.883130
vt 0.080265 0.883174
vt 0.155537 0.889247
vt 0.157618 0.889396
vt 0.059809 0.889451
vt 0.062520 0.889551
vt 0.024367 0.883010
vt 0.952227 0.040629
vt 0.954692 0.039794
vt 0.955448 0.041046
vt 0.953268 0.041656
vt 0.968077 0.038112
vt 0.974974 0.038310
vt 0.974962 0.040679
vt 0.968111 0.040701
vt 0.961264 0.041376
vt 0.963123 0.040252
vt 0.968159 0.049414
vt 0.974915 0.049413
vt 0.964871 0.043059
vt 0.962985 0.044118
vt 0.974907 0.052676
vt 0.968168 0.052677
vt 0.938061 0.124872
vt 0.936902 0.126995
vt 0.934206 0.125127
vt 0.935396 0.123058
vt 0.935331 0.118157
vt 0.934174 0.116895
vt 0.936262 0.115610
vt 0.975155 0.117599
vt 0.981887 0.120048
vt 0.980009 0.127162
vt 0.977822 0.128064
vt 0.935267 0.114712
vt 0.936311 0.113397
vt 0.974759 0.115206
vt 0.977086 0.116578
vt 0.983386 0.118958
vt 0.980674 0.129388
vt 0.978519 0.130311
vt 0.977525 0.094433
vt 0.984267 0.094802
vt 0.984126 0.097254
vt 0.977396 0.096885
vt 0.978101 0.082912
vt 0.984950 0.083286
vt 0.964317 0.083507
vt 0.966256 0.084406
vt 0.965108 0.086565
vt 0.963202 0.085610
vt 0.955158 0.086205
vt 0.954242 0.088067
vt 0.952980 0.081079
vt 0.954118 0.079907
vt 0.985350 0.076069
vt 0.978475 0.075972
vt 0.948459 0.092938
vt 0.947294 0.091193
vt 0.951918 0.079642
vt 0.978251 0.063322
vt 0.985106 0.063194
vt 0.939264 0.090714
vt 0.937498 0.092262
vt 0.978134 0.051946
vt 0.984886 0.051846
vt 0.936706 0.090904
vt 0.938720 0.089916
vt 0.978116 0.050397
vt 0.984858 0.050298
vt 0.986637 0.100471
vt 0.985641 0.101921
vt 0.984331 0.101253
vt 0.985296 0.099702
vt 0.987702 0.110826
vt 0.986444 0.110042
vt 0.935596 0.111631
vt 0.936692 0.102289
vt 0.938625 0.101256
vt 0.937638 0.099702
vt 0.935671 0.100833
vt 0.968221 0.020981
vt 0.974966 0.021013
vt 0.974961 0.023277
vt 0.968203 0.023251
vt 0.977396 0.002170
vt 0.984141 0.002068
vt 0.938715 0.043865
vt 0.936706 0.042863
vt 0.937866 0.040876
vt 0.939898 0.042371
vt 0.948770 0.041592
vt 0.950359 0.039816
vt 0.974965 0.036035
vt 0.968101 0.036046
vt 0.951170 0.041710
vt 0.934358 0.112529
vt 0.974910 0.094113
vt 0.968170 0.094113
vt 0.936813 0.029732
vt 0.938930 0.007333
vt 0.941515 0.007415
vt 0.940309 0.028532
vt 0.957469 0.028769
vt 0.956780 0.007579
vt 0.959233 0.007333
vt 0.960916 0.029232
vt 0.954596 0.028537
vt 0.954204 0.007690
vt 0.951969 0.028248
vt 0.951653 0.007708
vt 0.949329 0.027974
vt 0.949118 0.007647
vt 0.946539 0.027802
vt 0.946593 0.007557
vt 0.943512 0.027912
vt 0.944059 0.007481
vt 0.946751 0.032796
vt 0.944320 0.033100
vt 0.949184 0.032713
vt 0.958344 0.034265
vt 0.956133 0.033411
vt 0.941879 0.033476
vt 0.939730 0.034394
vt 0.951585 0.032739
vt 0.953918 0.032842
vt 0.092510 0.961064
vt 0.095941 0.966010
vt 0.091003 0.971845
vt 0.085316 0.963647
vt 0.101386 0.968579
vt 0.100027 0.976100
vt 0.107385 0.968081
vt 0.109969 0.975273
vt 0.112332 0.964649
vt 0.118166 0.969587
vt 0.114901 0.959204
vt 0.122421 0.960564
vt 0.114403 0.953205
vt 0.121596 0.950624
vt 0.110972 0.948258
vt 0.115912 0.942426
vt 0.105528 0.945689
vt 0.106890 0.938169
vt 0.105016 0.907620
vt 0.103652 0.915690
vt 0.100799 0.908013
vt 0.111703 0.917020
vt 0.109989 0.920885
vt 0.095565 0.914323
vt 0.095920 0.918579
vt 0.099528 0.946187
vt 0.096947 0.938993
vt 0.102318 0.923772
vt 0.106543 0.923360
vt 0.108844 0.909403
vt 0.094581 0.949619
vt 0.088748 0.944678
vt 0.097339 0.910462
vt 0.098444 0.922024
vt 0.111203 0.912861
vt 0.081017 0.911853
vt 0.089805 0.913484
vt 0.090518 0.920593
vt 0.081993 0.923463
vt 0.118255 0.897255
vt 0.112524 0.904760
vt 0.105823 0.901779
vt 0.106916 0.892592
vt 0.088580 0.933192
vt 0.094641 0.926443
vt 0.101178 0.929526
vt 0.099229 0.938474
vt 0.108431 0.928945
vt 0.111231 0.937760
vt 0.092013 0.955064
vt 0.084490 0.953703
vt 0.098579 0.902575
vt 0.095047 0.894222
vt 0.126847 0.919972
vt 0.117543 0.918099
vt 0.116730 0.910787
vt 0.125801 0.907370
vt 0.092674 0.906836
vt 0.085755 0.901304
vt 0.121387 0.931056
vt 0.114452 0.924779
vt 0.103028 0.957347
vt 0.107708 0.957524
vt 0.107975 0.960739
vt 0.103389 0.961686
vt 0.098687 0.962076
vt 0.094007 0.961898
vt 0.093740 0.958683
vt 0.098327 0.957737
vt 0.112689 0.960914
vt 0.108009 0.960737
vt 0.107742 0.957521
vt 0.112329 0.956575
vt 0.103355 0.961689
vt 0.098675 0.961511
vt 0.098408 0.958296
vt 0.102994 0.957350
vt 0.143051 0.971667
vt 0.141636 0.976148
vt 0.137151 0.974145
vt 0.139412 0.970176
vt 0.139030 0.946893
vt 0.136800 0.943823
vt 0.140305 0.942099
vt 0.141732 0.945325
vt 0.133156 0.961992
vt 0.129079 0.963017
vt 0.128597 0.958508
vt 0.132780 0.958533
vt 0.133273 0.955097
vt 0.129252 0.954048
vt 0.130995 0.949943
vt 0.134583 0.951902
vt 0.133275 0.971218
vt 0.136456 0.968028
vt 0.143681 0.941431
vt 0.144537 0.944373
vt 0.133666 0.946546
vt 0.136583 0.949137
vt 0.130670 0.967302
vt 0.134394 0.965247
vt 0.147146 0.972678
vt 0.146097 0.976925
vt 0.126592 0.947658
vt 0.130205 0.943069
vt 0.129630 0.974587
vt 0.126369 0.969878
vt 0.146885 0.982180
vt 0.139887 0.981435
vt 0.134693 0.939814
vt 0.124293 0.964477
vt 0.123611 0.958733
vt 0.124383 0.953006
vt 0.134066 0.978512
vt 0.139480 0.938051
vt 0.144251 0.937799
vt 0.147542 0.922747
vt 0.144366 0.923010
vt 0.143770 0.915830
vt 0.146946 0.915567
vt 0.150521 0.958648
vt 0.147345 0.958912
vt 0.146749 0.951731
vt 0.149925 0.951467
vt 0.152309 0.980188
vt 0.149133 0.980452
vt 0.148537 0.973271
vt 0.151713 0.973008
vt 0.143174 0.908650
vt 0.146350 0.908387
vt 0.146153 0.944551
vt 0.149330 0.944287
vt 0.148734 0.937107
vt 0.145557 0.937371
vt 0.144961 0.930190
vt 0.148138 0.929927
vt 0.147941 0.966092
vt 0.151117 0.965828
vt 0.142578 0.901470
vt 0.145754 0.901206
vt 0.141982 0.894290
vt 0.145158 0.894026
vt 0.080004 0.975486
vt 0.078255 0.970822
vt 0.082635 0.968712
vt 0.085964 0.972022
vt 0.062965 0.978606
vt 0.062234 0.973561
vt 0.067833 0.973134
vt 0.068803 0.977966
vt 0.032524 0.975358
vt 0.033874 0.970156
vt 0.039369 0.971711
vt 0.038587 0.976951
vt 0.015990 0.965596
vt 0.019498 0.963078
vt 0.023713 0.965886
vt 0.020717 0.969876
vt 0.073245 0.972556
vt 0.074284 0.977063
vt 0.045024 0.972793
vt 0.044672 0.978039
vt 0.050799 0.978676
vt 0.050763 0.973445
vt 0.056521 0.973690
vt 0.056925 0.978860
vt 0.028668 0.968014
vt 0.026382 0.972987
vt 0.073267 0.941396
vt 0.077994 0.940848
vt 0.060875 0.944713
vt 0.064803 0.943652
vt 0.041399 0.941724
vt 0.045171 0.943442
vt 0.028962 0.936743
vt 0.033345 0.938019
vt 0.068883 0.942409
vt 0.049022 0.944650
vt 0.052964 0.945273
vt 0.056934 0.945283
vt 0.037518 0.939782
vt 0.065065 0.899372
vt 0.068785 0.901323
vt 0.044331 0.899346
vt 0.048317 0.898017
vt 0.032213 0.901462
vt 0.036418 0.901417
vt 0.072450 0.903210
vt 0.052500 0.897108
vt 0.056828 0.896988
vt 0.061082 0.897802
vt 0.040411 0.900622
vt 0.076270 0.904637
vt 0.080431 0.905355
vt 0.534708 0.278819
vt 0.532122 0.278681
vt 0.532052 0.266445
vt 0.534816 0.266476
vt 0.350030 0.346648
vt 0.354569 0.352368
vt 0.350266 0.356635
vt 0.342095 0.355406
vt 0.494251 0.302796
vt 0.493937 0.296526
vt 0.503998 0.299129
vt 0.500682 0.304460
vt 0.529317 0.278817
vt 0.529321 0.266422
vt 0.349827 0.362925
vt 0.341856 0.367259
vt 0.358411 0.359124
vt 0.353851 0.368022
vt 0.357256 0.333015
vt 0.352553 0.328313
vt 0.361868 0.324704
vt 0.510780 0.307004
vt 0.505016 0.309493
vt 0.529351 0.253879
vt 0.532100 0.253902
vt 0.534851 0.253924
vt 0.352554 0.321663
vt 0.511862 0.317341
vt 0.505708 0.316099
vt 0.529380 0.241332
vt 0.532127 0.241353
vt 0.360492 0.368861
vt 0.534881 0.241374
vt 0.349350 0.376217
vt 0.362580 0.361153
vt 0.366192 0.365150
vt 0.357257 0.316962
vt 0.532063 0.228788
vt 0.534908 0.228796
vt 0.360859 0.378182
vt 0.506858 0.326449
vt 0.502510 0.321921
vt 0.529391 0.228800
vt 0.363906 0.316964
vt 0.531847 0.214893
vt 0.535021 0.215457
vt 0.371012 0.372663
vt 0.362476 0.357265
vt 0.360280 0.351954
vt 0.366208 0.353952
vt 0.497554 0.331080
vt 0.496563 0.324880
vt 0.529011 0.215522
vt 0.368605 0.321665
vt 0.483365 0.309911
vt 0.477708 0.307188
vt 0.486239 0.300857
vt 0.488067 0.305220
vt 0.532296 0.303050
vt 0.529552 0.302251
vt 0.529476 0.289499
vt 0.532142 0.289495
vt 0.368605 0.328313
vt 0.535021 0.302187
vt 0.534799 0.289439
vt 0.371012 0.348052
vt 0.360109 0.345748
vt 0.363905 0.333014
vt 0.550800 0.374618
vt 0.546726 0.374643
vt 0.549503 0.335284
vt 0.554119 0.336000
vt 0.294227 0.254761
vt 0.302421 0.256508
vt 0.299419 0.275108
vt 0.283142 0.286739
vt 0.311517 0.258857
vt 0.323192 0.263320
vt 0.310855 0.268747
vt 0.402015 0.244996
vt 0.396756 0.235930
vt 0.428480 0.227685
vt 0.421841 0.243443
vt 0.542671 0.374657
vt 0.544357 0.336043
vt 0.312892 0.291391
vt 0.306617 0.313995
vt 0.317685 0.276770
vt 0.436677 0.258051
vt 0.436801 0.278889
vt 0.408344 0.266476
vt 0.452648 0.251609
vt 0.544005 0.303342
vt 0.548788 0.303231
vt 0.554464 0.303244
vt 0.422086 0.293653
vt 0.452648 0.285707
vt 0.542119 0.264703
vt 0.548565 0.264464
vt 0.328724 0.277435
vt 0.334252 0.293339
vt 0.555039 0.264447
vt 0.342369 0.316836
vt 0.336837 0.269521
vt 0.351008 0.278485
vt 0.401234 0.293592
vt 0.547579 0.214626
vt 0.555640 0.216876
vt 0.370407 0.293864
vt 0.428398 0.309716
vt 0.539614 0.217199
vt 0.386575 0.278726
vt 0.336398 0.258259
vt 0.394275 0.309373
vt 0.350547 0.255143
vt 0.328271 0.251229
vt 0.386791 0.257738
vt 0.370534 0.284920
vt 0.333673 0.241485
vt 0.370407 0.248268
vt 0.342441 0.227685
vt 0.371131 0.250874
vt 0.550506 0.447021
vt 0.543841 0.445178
vt 0.544671 0.409162
vt 0.549455 0.409862
vt 0.318181 0.251867
vt 0.314063 0.242814
vt 0.555640 0.445362
vt 0.554495 0.409045
vt 0.308861 0.230063
vt 0.521758 0.270578
vt 0.524876 0.270466
vt 0.523937 0.297463
vt 0.520790 0.297571
vt 0.468887 0.240962
vt 0.475536 0.245102
vt 0.469411 0.258276
vt 0.455766 0.259474
vt 0.482203 0.250528
vt 0.489953 0.257712
vt 0.479066 0.257901
vt 0.457467 0.340001
vt 0.454080 0.330155
vt 0.462080 0.330143
vt 0.527987 0.270502
vt 0.527075 0.297502
vt 0.474677 0.272480
vt 0.464163 0.282341
vt 0.482014 0.265537
vt 0.467821 0.335937
vt 0.489926 0.327224
vt 0.489926 0.351756
vt 0.467692 0.344139
vt 0.526720 0.326498
vt 0.523631 0.326525
vt 0.520440 0.326572
vt 0.472982 0.369404
vt 0.465986 0.358553
vt 0.461796 0.349851
vt 0.527407 0.355450
vt 0.524274 0.355529
vt 0.489656 0.268952
vt 0.488702 0.279097
vt 0.521132 0.355526
vt 0.486209 0.293216
vt 0.453597 0.349616
vt 0.450291 0.358189
vt 0.445791 0.369080
vt 0.429695 0.350599
vt 0.447996 0.343718
vt 0.525742 0.384184
vt 0.522652 0.384219
vt 0.503841 0.274896
vt 0.509896 0.286642
vt 0.497534 0.265716
vt 0.528859 0.384155
vt 0.500726 0.257828
vt 0.497318 0.250037
vt 0.430680 0.326162
vt 0.448168 0.335592
vt 0.450203 0.314377
vt 0.525673 0.214985
vt 0.528789 0.214893
vt 0.528859 0.243597
vt 0.525735 0.243609
vt 0.503069 0.243665
vt 0.489533 0.247219
vt 0.488621 0.238773
vt 0.522582 0.214982
vt 0.522609 0.243679
vt 0.509896 0.235173
vt 0.486857 0.227878
vt 0.472727 0.309842
vt 0.562747 0.335072
vt 0.559398 0.335081
vt 0.561800 0.302733
vt 0.565582 0.303336
vt 0.387582 0.323331
vt 0.392883 0.326873
vt 0.385372 0.339180
vt 0.370534 0.342616
vt 0.398697 0.331168
vt 0.405758 0.337814
vt 0.395333 0.338029
vt 0.302869 0.364667
vt 0.298000 0.370925
vt 0.283142 0.351160
vt 0.296059 0.351182
vt 0.556065 0.335081
vt 0.557560 0.303346
vt 0.390062 0.354623
vt 0.378956 0.368604
vt 0.397799 0.345739
vt 0.301885 0.336478
vt 0.316421 0.329987
vt 0.316361 0.353962
vt 0.292604 0.327370
vt 0.557429 0.276463
vt 0.561584 0.276486
vt 0.565988 0.276529
vt 0.331748 0.335544
vt 0.316022 0.316962
vt 0.557339 0.248126
vt 0.561401 0.248038
vt 0.405396 0.349518
vt 0.404471 0.362378
vt 0.565976 0.248033
vt 0.403091 0.381252
vt 0.413541 0.346427
vt 0.420684 0.357092
vt 0.338259 0.350927
vt 0.561142 0.214626
vt 0.566527 0.216139
vt 0.429569 0.373678
vt 0.340194 0.325461
vt 0.555792 0.216344
vt 0.331660 0.366320
vt 0.416822 0.338301
vt 0.427698 0.340784
vt 0.413178 0.330545
vt 0.316220 0.371882
vt 0.420525 0.324782
vt 0.340194 0.376537
vt 0.315558 0.384953
vt 0.562302 0.394588
vt 0.556828 0.393054
vt 0.557611 0.363450
vt 0.561542 0.364039
vt 0.405533 0.328047
vt 0.405125 0.320292
vt 0.566527 0.393238
vt 0.565688 0.363382
vt 0.429569 0.315991
vt 0.404695 0.309842
vt 0.227699 0.918021
vt 0.228368 0.915574
vt 0.238199 0.914091
vt 0.237834 0.917422
vt 0.298818 0.152626
vt 0.295108 0.152468
vt 0.294829 0.151540
vt 0.299108 0.151479
vt 0.161493 0.930953
vt 0.162469 0.922037
vt 0.171372 0.927261
vt 0.170719 0.931824
vt 0.175013 0.932125
vt 0.175481 0.929769
vt 0.179765 0.932275
vt 0.215726 0.916725
vt 0.215712 0.914750
vt 0.228742 0.913420
vt 0.361158 0.169526
vt 0.358925 0.169321
vt 0.356789 0.164988
vt 0.362574 0.165239
vt 0.157213 0.930985
vt 0.158516 0.920309
vt 0.167125 0.914697
vt 0.173897 0.922945
vt 0.177099 0.927734
vt 0.228516 0.922504
vt 0.214991 0.922504
vt 0.214888 0.920746
vt 0.227932 0.920336
vt 0.357219 0.170736
vt 0.352952 0.168636
vt 0.164359 0.912097
vt 0.238686 0.910720
vt 0.292633 0.154819
vt 0.291919 0.154347
vt 0.229075 0.924577
vt 0.215164 0.924366
vt 0.357107 0.173028
vt 0.352670 0.174033
vt 0.172886 0.906189
vt 0.174497 0.909778
vt 0.178428 0.920059
vt 0.179823 0.926660
vt 0.228517 0.911266
vt 0.237997 0.907135
vt 0.292637 0.158256
vt 0.291890 0.158408
vt 0.184581 0.919994
vt 0.183071 0.927323
vt 0.228010 0.909250
vt 0.236192 0.903610
vt 0.295162 0.160705
vt 0.294855 0.161337
vt 0.184224 0.907678
vt 0.215102 0.912922
vt 0.358719 0.174616
vt 0.356523 0.178080
vt 0.183703 0.903610
vt 0.228998 0.926659
vt 0.238686 0.927554
vt 0.237756 0.931388
vt 0.298589 0.160718
vt 0.298925 0.161337
vt 0.183463 0.956817
vt 0.174549 0.953586
vt 0.178533 0.943417
vt 0.184581 0.944961
vt 0.182960 0.937494
vt 0.179533 0.937632
vt 0.215450 0.926361
vt 0.360855 0.174512
vt 0.362119 0.178080
vt 0.182350 0.960493
vt 0.172564 0.956823
vt 0.177032 0.936351
vt 0.214619 0.910981
vt 0.362478 0.173241
vt 0.366209 0.174761
vt 0.164011 0.951227
vt 0.167196 0.948168
vt 0.174127 0.940256
vt 0.238067 0.924032
vt 0.301149 0.158562
vt 0.301891 0.158661
vt 0.362609 0.171141
vt 0.366204 0.169290
vt 0.159171 0.941545
vt 0.163049 0.939838
vt 0.171746 0.936179
vt 0.175575 0.934377
vt 0.237815 0.920736
vt 0.301271 0.154995
vt 0.301997 0.154424
vt 0.215031 0.918912
vt 0.196196 0.921596
vt 0.187004 0.922385
vt 0.187519 0.920373
vt 0.196205 0.919825
vt 0.196559 0.925398
vt 0.185499 0.926066
vt 0.186156 0.924180
vt 0.196347 0.923429
vt 0.196471 0.916030
vt 0.186584 0.916108
vt 0.185369 0.914552
vt 0.196214 0.914172
vt 0.187479 0.917974
vt 0.196482 0.917869
vt 0.184619 0.912598
vt 0.195973 0.912138
vt 0.196805 0.927484
vt 0.185507 0.928189
vt 0.207720 0.922979
vt 0.207848 0.921093
vt 0.207314 0.913298
vt 0.206929 0.911307
vt 0.208135 0.917020
vt 0.207865 0.915136
vt 0.207952 0.919164
vt 0.207639 0.924944
vt 0.207790 0.927051
vt 0.324767 0.184783
vt 0.323892 0.184374
vt 0.324638 0.183155
vt 0.325061 0.184143
vt 0.228195 0.931425
vt 0.229429 0.936794
vt 0.222091 0.938254
vt 0.220850 0.934271
vt 0.222958 0.967360
vt 0.224821 0.961256
vt 0.229636 0.961990
vt 0.229750 0.970556
vt 0.225230 0.957632
vt 0.224960 0.953684
vt 0.227956 0.957203
vt 0.184177 0.981992
vt 0.182684 0.982279
vt 0.182504 0.973191
vt 0.183943 0.972750
vt 0.321998 0.183583
vt 0.323823 0.181068
vt 0.229750 0.945698
vt 0.224724 0.944860
vt 0.228021 0.950404
vt 0.225465 0.949424
vt 0.176399 0.981942
vt 0.174840 0.981761
vt 0.174943 0.972003
vt 0.176329 0.972317
vt 0.325524 0.183158
vt 0.325423 0.180978
vt 0.328165 0.181344
vt 0.326885 0.183320
vt 0.216667 0.941608
vt 0.213696 0.938364
vt 0.325400 0.184230
vt 0.326028 0.184338
vt 0.177922 0.982224
vt 0.177767 0.972740
vt 0.329827 0.183679
vt 0.327804 0.184476
vt 0.213141 0.946690
vt 0.209309 0.945430
vt 0.223128 0.949969
vt 0.220694 0.946321
vt 0.326409 0.184881
vt 0.221597 0.951577
vt 0.218325 0.949448
vt 0.327650 0.186004
vt 0.326339 0.185549
vt 0.211985 0.952702
vt 0.208091 0.953190
vt 0.181102 0.982330
vt 0.180975 0.973216
vt 0.329466 0.186583
vt 0.326498 0.186989
vt 0.325851 0.185986
vt 0.213223 0.958688
vt 0.209057 0.960553
vt 0.217775 0.953232
vt 0.221168 0.953611
vt 0.179497 0.982374
vt 0.179368 0.973091
vt 0.327295 0.188515
vt 0.221777 0.955510
vt 0.324485 0.188515
vt 0.325037 0.186909
vt 0.217475 0.963593
vt 0.213492 0.966992
vt 0.218886 0.956756
vt 0.325219 0.185935
vt 0.322308 0.186505
vt 0.324017 0.185843
vt 0.219532 0.972112
vt 0.223179 0.956900
vt 0.221371 0.959383
vt 0.324809 0.185444
vt 0.173247 0.981740
vt 0.173438 0.972077
vt 0.195827 0.967031
vt 0.199623 0.972216
vt 0.194921 0.977037
vt 0.189290 0.971014
vt 0.171566 0.982124
vt 0.171818 0.972847
vt 0.171272 0.964267
vt 0.173215 0.964688
vt 0.174837 0.964929
vt 0.182381 0.964194
vt 0.184177 0.964341
vt 0.180691 0.964247
vt 0.179128 0.964478
vt 0.177694 0.964754
vt 0.176301 0.964951
vt 0.182237 0.960806
vt 0.183658 0.960849
vt 0.179327 0.961200
vt 0.180796 0.960925
vt 0.176277 0.961551
vt 0.177820 0.961467
vt 0.173298 0.961090
vt 0.174745 0.961474
vt 0.171798 0.960530
vt 0.336457 0.153254
vt 0.335089 0.154595
vt 0.334334 0.152760
vt 0.334611 0.152454
vt 0.166143 0.961353
vt 0.167669 0.966959
vt 0.165182 0.967478
vt 0.161784 0.963309
vt 0.167775 0.968900
vt 0.167297 0.971432
vt 0.166239 0.969067
vt 0.166094 0.960530
vt 0.161478 0.962710
vt 0.163330 0.969055
vt 0.158836 0.966791
vt 0.165075 0.969974
vt 0.158389 0.966518
vt 0.157722 0.971126
vt 0.157213 0.971186
vt 0.164612 0.971371
vt 0.162551 0.971336
vt 0.165042 0.972784
vt 0.163255 0.973630
vt 0.158581 0.975621
vt 0.158082 0.976002
vt 0.165057 0.975256
vt 0.161540 0.979377
vt 0.166186 0.973733
vt 0.161149 0.980048
vt 0.167719 0.973953
vt 0.166085 0.981544
vt 0.165919 0.982425
vt 0.167525 0.975871
vt 0.171063 0.981677
vt 0.171234 0.982517
vt 0.169377 0.973296
vt 0.170495 0.975395
vt 0.170932 0.961439
vt 0.170584 0.967586
vt 0.169396 0.969616
vt 0.171234 0.960610
vt 0.238296 0.938100
vt 0.238289 0.939062
vt 0.230025 0.939791
vt 0.230033 0.938585
vt 0.238216 0.936130
vt 0.238281 0.937120
vt 0.230014 0.937356
vt 0.229933 0.936114
vt 0.238101 0.934195
vt 0.238133 0.935145
vt 0.229828 0.934879
vt 0.229788 0.933688
vt 0.238157 0.933285
vt 0.229859 0.932547
vt 0.238300 0.939993
vt 0.230038 0.940959
vt 0.238300 0.932391
vt 0.230038 0.931425
vt 0.333157 0.150006
vt 0.335083 0.149995
vt 0.334307 0.151784
vt 0.333902 0.151780
vt 0.336466 0.151354
vt 0.334598 0.152058
vt 0.333160 0.154595
vt 0.331800 0.153254
vt 0.333590 0.152491
vt 0.333905 0.152786
vt 0.331798 0.151355
vt 0.333598 0.152066
vt 0.328023 0.152244
vt 0.329014 0.151878
vt 0.329460 0.153167
vt 0.328338 0.152875
vt 0.205171 0.976413
vt 0.201290 0.980980
vt 0.200671 0.962385
vt 0.203635 0.964901
vt 0.202869 0.959671
vt 0.204975 0.956454
vt 0.204746 0.960664
vt 0.336433 0.195596
vt 0.336631 0.196220
vt 0.332614 0.196050
vt 0.332595 0.195407
vt 0.377445 0.168771
vt 0.375989 0.171091
vt 0.372961 0.167995
vt 0.375994 0.167410
vt 0.208053 0.966839
vt 0.207458 0.960693
vt 0.336491 0.193624
vt 0.336264 0.194242
vt 0.332295 0.194092
vt 0.332323 0.193499
vt 0.372855 0.164033
vt 0.375890 0.165445
vt 0.202059 0.931425
vt 0.205368 0.936458
vt 0.198993 0.940015
vt 0.195619 0.935654
vt 0.329161 0.154483
vt 0.328175 0.153485
vt 0.336770 0.193035
vt 0.332380 0.192866
vt 0.375823 0.164958
vt 0.373050 0.163083
vt 0.376310 0.160652
vt 0.377421 0.163633
vt 0.194671 0.944608
vt 0.189983 0.941413
vt 0.208053 0.946382
vt 0.207394 0.952349
vt 0.204783 0.952005
vt 0.203252 0.946960
vt 0.326533 0.153352
vt 0.325705 0.154483
vt 0.324719 0.153456
vt 0.326104 0.152854
vt 0.202692 0.952974
vt 0.199978 0.949447
vt 0.324596 0.151993
vt 0.326039 0.152191
vt 0.191798 0.950013
vt 0.186633 0.948778
vt 0.336835 0.191041
vt 0.336904 0.191716
vt 0.332631 0.191542
vt 0.332830 0.190932
vt 0.380443 0.161191
vt 0.379545 0.163892
vt 0.325446 0.150807
vt 0.326407 0.151655
vt 0.190838 0.955940
vt 0.184619 0.956021
vt 0.198204 0.952835
vt 0.201507 0.954640
vt 0.336924 0.192390
vt 0.332484 0.192194
vt 0.383137 0.164357
vt 0.380903 0.165529
vt 0.201237 0.956499
vt 0.383137 0.168346
vt 0.380851 0.167547
vt 0.192813 0.961801
vt 0.186251 0.963734
vt 0.197869 0.956358
vt 0.326801 0.150521
vt 0.327024 0.151506
vt 0.380078 0.171191
vt 0.379399 0.168835
vt 0.201737 0.958211
vt 0.198859 0.959515
vt 0.328069 0.150926
vt 0.327608 0.151750
vt 0.336189 0.194911
vt 0.332351 0.194699
vt 0.330046 0.194693
vt 0.330078 0.195395
vt 0.327381 0.195494
vt 0.327513 0.194688
vt 0.329999 0.194080
vt 0.327530 0.193933
vt 0.329958 0.196047
vt 0.327178 0.196220
vt 0.330116 0.190618
vt 0.329874 0.191280
vt 0.327201 0.191320
vt 0.327282 0.190619
vt 0.329766 0.192027
vt 0.327204 0.191973
vt 0.329791 0.192789
vt 0.327296 0.192597
vt 0.329902 0.193463
vt 0.327430 0.193231
vt 0.323193 0.195349
vt 0.323318 0.194824
vt 0.323472 0.192174
vt 0.323387 0.191638
vt 0.323571 0.193260
vt 0.323544 0.192716
vt 0.323442 0.194285
vt 0.323536 0.193782
vt 0.323313 0.191113
vt 0.252320 0.324993
vt 0.223462 0.327587
vt 0.224176 0.300287
vt 0.252320 0.293485
vt 0.235673 0.256341
vt 0.231474 0.250743
vt 0.249187 0.231651
vt 0.117100 0.197183
vt 0.129157 0.227730
vt 0.099295 0.242689
vt 0.102820 0.205242
vt 0.147551 0.228335
vt 0.145735 0.178167
vt 0.162230 0.355572
vt 0.158426 0.349656
vt 0.172975 0.340788
vt 0.179482 0.347035
vt 0.145814 0.263305
vt 0.176450 0.221565
vt 0.176450 0.182929
vt 0.220469 0.237398
vt 0.102443 0.278719
vt 0.176802 0.285925
vt 0.200434 0.317214
vt 0.170867 0.324104
vt 0.165916 0.305289
vt 0.151729 0.335226
vt 0.152844 0.310592
vt 0.200434 0.363896
vt 0.167253 0.371970
vt 0.249187 0.264379
vt 0.984854 0.500615
vt 0.978648 0.500745
vt 0.979159 0.497811
vt 0.983632 0.496989
vt 0.972323 0.500251
vt 0.972821 0.496198
vt 0.995782 0.498398
vt 0.995782 0.503640
vt 0.985131 0.503342
vt 0.960497 0.497701
vt 0.972334 0.502984
vt 0.959491 0.502624
vt 0.972036 0.461117
vt 0.974088 0.460984
vt 0.973220 0.463345
vt 0.970648 0.463245
vt 0.966351 0.491974
vt 0.973808 0.488102
vt 0.975151 0.491746
vt 0.978835 0.493455
vt 0.981590 0.491738
vt 0.991454 0.492151
vt 0.984415 0.488869
vt 0.978489 0.503156
vt 0.975557 0.464078
vt 0.975082 0.466551
vt 0.972199 0.465827
vt 0.976525 0.461916
vt 0.977891 0.463461
vt 0.977075 0.465276
vt 0.970079 0.459088
vt 0.968547 0.460566
vt 0.970200 0.463855
vt 0.971316 0.467424
vt 0.968645 0.465253
vt 0.977352 0.465808
vt 0.967960 0.460614
vt 0.953713 0.459088
vt 0.961887 0.461063
vt 0.961417 0.461917
vt 0.953446 0.460246
vt 0.978172 0.467383
vt 0.975186 0.468313
vt 0.965991 0.461410
vt 0.982221 0.527230
vt 0.982589 0.530807
vt 0.975048 0.530283
vt 0.975202 0.528676
vt 0.986604 0.526270
vt 0.986021 0.531280
vt 0.986467 0.521403
vt 0.981431 0.521991
vt 0.986604 0.535320
vt 0.982359 0.535555
vt 0.960986 0.490834
vt 0.959952 0.490834
vt 0.959952 0.489512
vt 0.960986 0.489512
vt 0.974467 0.527656
vt 0.974532 0.531412
vt 0.973770 0.517959
vt 0.973043 0.526907
vt 0.963304 0.467810
vt 0.964731 0.469830
vt 0.960897 0.470853
vt 0.960050 0.469618
vt 0.965811 0.466425
vt 0.963732 0.463818
vt 0.967858 0.469142
vt 0.966989 0.469589
vt 0.959952 0.489000
vt 0.959952 0.487410
vt 0.961154 0.486932
vt 0.961154 0.489478
vt 0.961696 0.465579
vt 0.959037 0.468134
vt 0.960161 0.463551
vt 0.958110 0.466986
vt 0.954560 0.462620
vt 0.955197 0.466486
vt 0.991926 0.522492
vt 0.992422 0.518598
vt 0.993908 0.518548
vt 0.992905 0.522738
vt 0.995543 0.518937
vt 0.995543 0.524870
vt 0.986638 0.522384
vt 0.989770 0.517959
vt 0.991014 0.518583
vt 0.990189 0.522517
vt 0.991282 0.523793
vt 0.989673 0.523197
vt 0.990294 0.525463
vt 0.991188 0.526198
vt 0.989730 0.526872
vt 0.989606 0.526567
vt 0.994411 0.526036
vt 0.992446 0.524403
vt 0.987379 0.523087
vt 0.988970 0.527553
vt 0.989330 0.526603
vt 0.989197 0.525136
vt 0.991997 0.527687
vt 0.987844 0.525313
vt 0.978688 0.538803
vt 0.981645 0.538726
vt 0.981711 0.540125
vt 0.978588 0.539886
vt 0.982104 0.541513
vt 0.978536 0.541622
vt 0.978965 0.535589
vt 0.982104 0.536238
vt 0.981982 0.537529
vt 0.978922 0.537374
vt 0.976600 0.538455
vt 0.976912 0.537356
vt 0.975195 0.538208
vt 0.974917 0.539042
vt 0.973966 0.538186
vt 0.974176 0.537993
vt 0.976333 0.540900
vt 0.976423 0.539534
vt 0.976764 0.535863
vt 0.973043 0.537646
vt 0.974130 0.537757
vt 0.975326 0.537299
vt 0.974131 0.540403
vt 0.974981 0.536104
vt 0.990291 0.471879
vt 0.992113 0.472853
vt 0.989442 0.474765
vt 0.988746 0.473572
vt 0.988123 0.475775
vt 0.988662 0.476426
vt 0.987705 0.476935
vt 0.987485 0.476796
vt 0.993029 0.474620
vt 0.992829 0.476599
vt 0.990644 0.476916
vt 0.990075 0.475763
vt 0.993029 0.478373
vt 0.990867 0.478511
vt 0.987699 0.477198
vt 0.986894 0.477302
vt 0.987068 0.474830
vt 0.989034 0.477283
vt 0.988904 0.478652
vt 0.983378 0.537422
vt 0.984266 0.537829
vt 0.983120 0.539929
vt 0.982138 0.538557
vt 0.985127 0.538223
vt 0.986441 0.538825
vt 0.984931 0.540127
vt 0.982228 0.536896
vt 0.985057 0.458685
vt 0.986327 0.457486
vt 0.986236 0.459235
vt 0.988113 0.457365
vt 0.989257 0.458737
vt 0.988003 0.459982
vt 0.987111 0.459656
vt 0.989257 0.460565
vt 0.987849 0.461884
vt 0.984989 0.460395
vt 0.986015 0.461768
vt 0.983426 0.535742
vt 0.985107 0.535589
vt 0.986441 0.536831
vt 0.984702 0.506049
vt 0.983279 0.509601
vt 0.978859 0.508531
vt 0.978513 0.505572
vt 0.972171 0.505711
vt 0.972441 0.509786
vt 0.995489 0.508874
vt 0.960221 0.507597
vt 0.965691 0.474543
vt 0.966970 0.476719
vt 0.964404 0.476674
vt 0.963687 0.474318
vt 0.974519 0.514362
vt 0.972974 0.517925
vt 0.965745 0.513642
vt 0.980947 0.514729
vt 0.978292 0.512862
vt 0.990819 0.514868
vt 0.983607 0.517752
vt 0.965295 0.479228
vt 0.962358 0.479877
vt 0.962055 0.477373
vt 0.961219 0.475094
vt 0.960432 0.478484
vt 0.959721 0.476580
vt 0.967727 0.472612
vt 0.969185 0.474149
vt 0.967388 0.477349
vt 0.968879 0.478814
vt 0.966121 0.480874
vt 0.960122 0.479005
vt 0.969768 0.474223
vt 0.983718 0.472612
vt 0.983999 0.473768
vt 0.976024 0.475529
vt 0.975556 0.474686
vt 0.962179 0.481650
vt 0.959210 0.480553
vt 0.971694 0.475105
vt 0.968854 0.527281
vt 0.961305 0.526543
vt 0.961505 0.524935
vt 0.968586 0.523683
vt 0.972283 0.527852
vt 0.973009 0.522844
vt 0.972754 0.531922
vt 0.968490 0.532037
vt 0.967942 0.518406
vt 0.973009 0.517959
vt 0.959952 0.490868
vt 0.961275 0.490868
vt 0.961275 0.491901
vt 0.959952 0.491901
vt 0.960756 0.527660
vt 0.960796 0.523891
vt 0.961680 0.537239
vt 0.959491 0.528626
vt 0.974261 0.481492
vt 0.977544 0.483225
vt 0.976726 0.484469
vt 0.972907 0.483529
vt 0.973669 0.477391
vt 0.971905 0.480200
vt 0.970668 0.483332
vt 0.969796 0.482881
vt 0.961154 0.486420
vt 0.959952 0.486898
vt 0.959952 0.484352
vt 0.961154 0.484831
vt 0.975837 0.479243
vt 0.978527 0.481733
vt 0.977318 0.477166
vt 0.979431 0.480572
vt 0.982916 0.476158
vt 0.982336 0.480031
vt 0.989288 0.530236
vt 0.987441 0.528320
vt 0.992203 0.527720
vt 0.992626 0.528778
vt 0.995389 0.536202
vt 0.992375 0.534494
vt 0.994096 0.530623
vt 0.995389 0.530920
vt 0.990135 0.531962
vt 0.993124 0.529863
vt 0.989883 0.532823
vt 0.988291 0.531860
vt 0.987829 0.533852
vt 0.987698 0.535169
vt 0.987027 0.536258
vt 0.986638 0.533789
vt 0.991976 0.536636
vt 0.991475 0.534520
vt 0.986753 0.531341
vt 0.987953 0.535236
vt 0.988071 0.535513
vt 0.988759 0.534292
vt 0.989557 0.536427
vt 0.989400 0.535273
vt 0.992056 0.541099
vt 0.992021 0.540016
vt 0.995110 0.539843
vt 0.995049 0.541238
vt 0.992191 0.538537
vt 0.995412 0.538560
vt 0.992125 0.536669
vt 0.995473 0.537191
vt 0.992081 0.542775
vt 0.995473 0.542546
vt 0.989875 0.542237
vt 0.989859 0.540922
vt 0.988358 0.540584
vt 0.987370 0.539863
vt 0.987536 0.539644
vt 0.988513 0.539773
vt 0.989934 0.539849
vt 0.990141 0.538700
vt 0.989828 0.537124
vt 0.986638 0.539679
vt 0.987374 0.539424
vt 0.987768 0.541896
vt 0.988548 0.538848
vt 0.987911 0.537570
vt 0.990365 0.485404
vt 0.988869 0.483779
vt 0.989537 0.482600
vt 0.992113 0.484466
vt 0.988211 0.481632
vt 0.987534 0.480599
vt 0.987721 0.480415
vt 0.988656 0.480913
vt 0.993068 0.482750
vt 0.990075 0.481557
vt 0.990649 0.480385
vt 0.992877 0.480724
vt 0.990812 0.478752
vt 0.993068 0.478852
vt 0.986894 0.480143
vt 0.987700 0.480173
vt 0.987193 0.482597
vt 0.989009 0.480050
vt 0.988820 0.478686
vt 0.986249 0.468185
vt 0.986360 0.466365
vt 0.988071 0.466428
vt 0.987135 0.468572
vt 0.988021 0.468959
vt 0.989280 0.467640
vt 0.989280 0.469509
vt 0.984989 0.467634
vt 0.989280 0.465061
vt 0.988021 0.464511
vt 0.989280 0.463193
vt 0.988071 0.461981
vt 0.987135 0.464124
vt 0.986249 0.463737
vt 0.986360 0.461917
vt 0.984989 0.463187
vt 0.984989 0.465055
vt 0.987909 0.466331
vt 0.986198 0.466267
vt 0.984989 0.469503
vt 0.986199 0.470715
vt 0.987909 0.470778
vt 0.227378 0.975524
vt 0.405283 0.141325
vt 0.405156 0.111162
vt 0.424786 0.114560
vt 0.424770 0.137356
vt 0.433562 0.158353
vt 0.444441 0.133293
vt 0.450124 0.147086
vt 0.481972 0.125844
vt 0.416543 0.083155
vt 0.433420 0.093536
vt 0.444509 0.118395
vt 0.437768 0.061600
vt 0.449402 0.077437
vt 0.450068 0.104536
vt 0.465672 0.049752
vt 0.470366 0.068647
vt 0.460671 0.093983
vt 0.493127 0.068533
vt 0.489439 0.088258
vt 0.474487 0.088265
vt 0.496048 0.049462
vt 0.514225 0.077143
vt 0.503259 0.093973
vt 0.524288 0.060833
vt 0.513838 0.104552
vt 0.546087 0.082212
vt 0.530431 0.093200
vt 0.558055 0.110495
vt 0.539162 0.114263
vt 0.558055 0.141217
vt 0.539327 0.137070
vt 0.519556 0.118384
vt 0.546293 0.169421
vt 0.530647 0.158185
vt 0.519561 0.133355
vt 0.524676 0.190914
vt 0.514541 0.174342
vt 0.513824 0.147177
vt 0.496519 0.202475
vt 0.493488 0.183091
vt 0.503230 0.157740
vt 0.466123 0.202375
vt 0.470705 0.183112
vt 0.489403 0.163437
vt 0.438126 0.190664
vt 0.449666 0.174417
vt 0.474454 0.163406
vt 0.416789 0.169191
vt 0.460663 0.157660
vt 0.265531 0.056054
vt 0.247913 0.040848
vt 0.254611 0.025236
vt 0.276754 0.046043
vt 0.225754 0.033812
vt 0.202570 0.035799
vt 0.195694 0.019682
vt 0.225407 0.019919
vt 0.217721 0.093803
vt 0.181906 0.046611
vt 0.170467 0.035302
vt 0.166981 0.064507
vt 0.150522 0.057210
vt 0.160043 0.086730
vt 0.143991 0.085748
vt 0.161907 0.109844
vt 0.144905 0.114652
vt 0.172783 0.130354
vt 0.190584 0.145275
vt 0.182296 0.157150
vt 0.158138 0.140686
vt 0.212764 0.152320
vt 0.208845 0.169524
vt 0.235929 0.150313
vt 0.238397 0.165939
vt 0.256541 0.139599
vt 0.265644 0.153950
vt 0.271449 0.121782
vt 0.285465 0.131096
vt 0.278149 0.099523
vt 0.292156 0.101591
vt 0.276662 0.076401
vt 0.292156 0.071728
vt 0.530459 0.043501
vt 0.556644 0.067931
vt 0.548707 0.073989
vt 0.525279 0.052476
vt 0.574260 0.099176
vt 0.564128 0.101763
vt 0.880176 0.622989
vt 0.880420 0.626758
vt 0.846184 0.625808
vt 0.845782 0.622269
vt 0.879928 0.618989
vt 0.845386 0.619167
vt 0.839133 0.616393
vt 0.839238 0.619077
vt 0.818306 0.619077
vt 0.818512 0.616234
vt 0.839086 0.621741
vt 0.838843 0.624968
vt 0.818728 0.624884
vt 0.818517 0.621937
vt 0.838807 0.613175
vt 0.818721 0.613290
vt 0.786397 0.624833
vt 0.786809 0.621951
vt 0.787218 0.619087
vt 0.786810 0.616223
vt 0.786397 0.613342
vt 0.846053 0.611874
vt 0.846086 0.614962
vt 0.896272 0.618924
vt 0.895748 0.622023
vt 0.895316 0.625560
vt 0.863227 0.610008
vt 0.863411 0.606826
vt 0.895966 0.607897
vt 0.896272 0.611058
vt 0.863339 0.593293
vt 0.863411 0.590369
vt 0.895966 0.589299
vt 0.895119 0.592232
vt 0.863177 0.598598
vt 0.863216 0.595991
vt 0.894225 0.595297
vt 0.893847 0.598598
vt 0.863216 0.601206
vt 0.894225 0.601899
vt 0.863339 0.603904
vt 0.895119 0.604964
vt 0.863227 0.587189
vt 0.896272 0.586139
vt 0.847802 0.591921
vt 0.847575 0.589661
vt 0.847719 0.600879
vt 0.847651 0.598598
vt 0.847719 0.596317
vt 0.847575 0.607535
vt 0.847802 0.605274
vt 0.847812 0.594092
vt 0.847812 0.603104
vt 0.880376 0.611173
vt 0.895280 0.612304
vt 0.895730 0.615829
vt 0.880124 0.614951
vt 0.574260 0.135400
vt 0.564120 0.134074
vt 0.564091 0.170353
vt 0.554681 0.165660
vt 0.539455 0.199060
vt 0.532430 0.190543
vt 0.504426 0.215572
vt 0.501439 0.205214
vt 0.465597 0.216664
vt 0.467270 0.206003
vt 0.431551 0.202125
vt 0.436412 0.193362
vt 0.402945 0.179575
vt 0.410456 0.172882
vt 0.386219 0.147183
vt 0.396589 0.144766
vt 0.386658 0.109861
vt 0.396404 0.111586
vt 0.398159 0.074982
vt 0.407067 0.080936
vt 0.425673 0.048023
vt 0.431112 0.056911
vt 0.459575 0.034005
vt 0.461078 0.044090
vt 0.495643 0.033805
vt 0.493967 0.043769
vt 0.829765 0.580102
vt 0.849751 0.580102
vt 0.849751 0.583062
vt 0.829765 0.583062
vt 0.849751 0.586023
vt 0.829765 0.586023
vt 0.829765 0.562336
vt 0.849751 0.562336
vt 0.849751 0.565297
vt 0.829765 0.565297
vt 0.849751 0.568258
vt 0.829765 0.568258
vt 0.849751 0.571219
vt 0.829765 0.571219
vt 0.849751 0.574179
vt 0.829765 0.574179
vt 0.824268 0.594749
vt 0.824268 0.597710
vt 0.822719 0.598351
vt 0.822719 0.594107
vt 0.849751 0.577140
vt 0.829765 0.577140
vt 0.831417 0.594749
vt 0.829323 0.592655
vt 0.829964 0.591106
vt 0.832965 0.594107
vt 0.829323 0.599803
vt 0.831417 0.597710
vt 0.832965 0.598351
vt 0.829964 0.601352
vt 0.826362 0.599803
vt 0.825720 0.601352
vt 0.826362 0.592655
vt 0.825720 0.591106
vt 0.833081 0.596800
vt 0.833081 0.590726
vt 0.836165 0.591794
vt 0.836049 0.595421
vt 0.837336 0.586420
vt 0.843374 0.586534
vt 0.842184 0.589537
vt 0.838730 0.589352
vt 0.847346 0.591059
vt 0.847459 0.597017
vt 0.844393 0.596025
vt 0.844372 0.592363
vt 0.843318 0.601352
vt 0.837281 0.601172
vt 0.838469 0.598139
vt 0.841933 0.598439
vt 0.832241 0.560127
vt 0.832241 0.557166
vt 0.835815 0.558646
vt 0.839389 0.560127
vt 0.837296 0.562220
vt 0.834335 0.555072
vt 0.837296 0.555072
vt 0.834335 0.562220
vt 0.839389 0.557165
vt 0.890349 0.569650
vt 0.890349 0.554104
vt 0.893311 0.554104
vt 0.893311 0.569650
vt 0.896272 0.554104
vt 0.896272 0.569650
vt 0.872583 0.569650
vt 0.872583 0.554104
vt 0.875545 0.554104
vt 0.875545 0.569650
vt 0.878505 0.554104
vt 0.878505 0.569650
vt 0.881466 0.554104
vt 0.881466 0.569650
vt 0.884427 0.554104
vt 0.884427 0.569650
vt 0.889123 0.551894
vt 0.889123 0.548934
vt 0.892697 0.550414
vt 0.887388 0.554104
vt 0.887388 0.569650
vt 0.896272 0.551894
vt 0.894178 0.553988
vt 0.891217 0.553988
vt 0.891217 0.546840
vt 0.896272 0.548934
vt 0.894178 0.546840
vt 0.834335 0.554956
vt 0.832241 0.552863
vt 0.835816 0.551382
vt 0.839389 0.549902
vt 0.839389 0.552863
vt 0.832241 0.549902
vt 0.834335 0.547808
vt 0.837296 0.554956
vt 0.837296 0.547808
vt 0.861468 0.569766
vt 0.861468 0.586023
vt 0.854393 0.586023
vt 0.854393 0.569766
vt 0.849867 0.586023
vt 0.849867 0.569766
vt 0.896272 0.569766
vt 0.896272 0.586023
vt 0.891746 0.586023
vt 0.891746 0.569766
vt 0.884670 0.586023
vt 0.884670 0.569766
vt 0.877595 0.586023
vt 0.877595 0.569766
vt 0.873069 0.586023
vt 0.873069 0.569766
vt 0.868543 0.586023
vt 0.868543 0.569766
vt 0.872468 0.558762
vt 0.871817 0.558905
vt 0.869014 0.552958
vt 0.869363 0.552254
vt 0.861846 0.553842
vt 0.861235 0.554337
vt 0.858649 0.551053
vt 0.858849 0.550164
vt 0.851547 0.558776
vt 0.852199 0.558919
vt 0.852163 0.565519
vt 0.851547 0.566012
vt 0.854569 0.552202
vt 0.854922 0.552907
vt 0.869367 0.569650
vt 0.869167 0.568762
vt 0.871753 0.565478
vt 0.872364 0.565973
vt 0.862065 0.553803
vt 0.862681 0.554296
vt 0.862718 0.560896
vt 0.862065 0.561038
vt 0.865441 0.566908
vt 0.865087 0.567613
vt 0.854586 0.569650
vt 0.854775 0.568759
vt 0.858496 0.566856
vt 0.858844 0.567561
vt 0.865293 0.551056
vt 0.865104 0.550164
vt 0.861950 0.561052
vt 0.861299 0.560910
vt 0.827660 0.555239
vt 0.828063 0.566373
vt 0.826998 0.566563
vt 0.826631 0.554996
vt 0.825457 0.567319
vt 0.823677 0.567343
vt 0.822826 0.553861
vt 0.825370 0.553964
vt 0.822120 0.566680
vt 0.821589 0.555353
vt 0.822269 0.572978
vt 0.823912 0.573632
vt 0.824022 0.580638
vt 0.821988 0.580457
vt 0.821051 0.566563
vt 0.820597 0.555646
vt 0.827307 0.572867
vt 0.825704 0.573617
vt 0.820893 0.580381
vt 0.821781 0.585918
vt 0.820597 0.585857
vt 0.828008 0.580309
vt 0.829100 0.580178
vt 0.829649 0.585669
vt 0.828462 0.585785
vt 0.828305 0.572661
vt 0.825988 0.580584
vt 0.826269 0.585991
vt 0.823963 0.586023
vt 0.821265 0.572828
vt 0.830098 0.604029
vt 0.830886 0.606298
vt 0.822184 0.606327
vt 0.822191 0.603770
vt 0.830105 0.608569
vt 0.821962 0.608689
vt 0.829311 0.610948
vt 0.821769 0.611058
vt 0.836734 0.604232
vt 0.836148 0.601986
vt 0.842451 0.601970
vt 0.842506 0.604209
vt 0.842507 0.608378
vt 0.842533 0.606294
vt 0.847211 0.606291
vt 0.847345 0.608580
vt 0.837284 0.606296
vt 0.836736 0.608361
vt 0.847343 0.604003
vt 0.836151 0.610609
vt 0.842456 0.610618
vt 0.847455 0.601730
vt 0.829308 0.601647
vt 0.821769 0.601468
vt 0.847459 0.610853
vt 0.849751 0.554976
vt 0.849751 0.559220
vt 0.844628 0.557097
vt 0.846750 0.562220
vt 0.842506 0.562220
vt 0.839505 0.559220
vt 0.839505 0.554976
vt 0.846750 0.551974
vt 0.842506 0.551974
vt 0.368135 0.744881
vt 0.374916 0.742821
vt 0.375424 0.743994
vt 0.369182 0.747311
vt 0.376151 0.745042
vt 0.370683 0.749489
vt 0.367571 0.742287
vt 0.374647 0.741567
vt 0.367506 0.739623
vt 0.374626 0.740277
vt 0.367946 0.736979
vt 0.374859 0.739000
vt 0.368884 0.734442
vt 0.375337 0.737785
vt 0.370292 0.732091
vt 0.376046 0.736678
vt 0.372124 0.729976
vt 0.376963 0.735724
vt 0.374410 0.728182
vt 0.378054 0.734966
vt 0.377101 0.727057
vt 0.379278 0.734442
vt 0.379982 0.726666
vt 0.380584 0.734175
vt 0.385908 0.727041
vt 0.383186 0.734488
vt 0.381922 0.734174
vt 0.382876 0.726548
vt 0.388325 0.728656
vt 0.384368 0.734991
vt 0.390378 0.730421
vt 0.385455 0.735739
vt 0.392125 0.732426
vt 0.386370 0.736675
vt 0.393484 0.734692
vt 0.387084 0.737761
vt 0.394400 0.737163
vt 0.387573 0.738956
vt 0.394836 0.739754
vt 0.387821 0.740216
vt 0.394771 0.742376
vt 0.387821 0.741494
vt 0.394210 0.744934
vt 0.387573 0.742743
vt 0.393170 0.747333
vt 0.387085 0.743917
vt 0.391690 0.749488
vt 0.386375 0.744972
vt 0.389823 0.751321
vt 0.385467 0.745867
vt 0.387630 0.752770
vt 0.384393 0.746566
vt 0.385175 0.753787
vt 0.383191 0.747039
vt 0.381828 0.754484
vt 0.381622 0.747248
vt 0.379878 0.754490
vt 0.380611 0.747282
vt 0.382030 0.756729
vt 0.379642 0.756783
vt 0.382765 0.762705
vt 0.379750 0.763052
vt 0.387753 0.761682
vt 0.388668 0.764382
vt 0.383137 0.765648
vt 0.385735 0.756092
vt 0.379730 0.765716
vt 0.383470 0.776428
vt 0.378685 0.776303
vt 0.392215 0.775632
vt 0.392959 0.762594
vt 0.398654 0.772720
vt 0.389409 0.760774
vt 0.391572 0.760039
vt 0.396899 0.759972
vt 0.404347 0.768691
vt 0.395002 0.757637
vt 0.400272 0.756604
vt 0.409126 0.763700
vt 0.397931 0.754670
vt 0.402949 0.752669
vt 0.412835 0.757960
vt 0.400283 0.751236
vt 0.404860 0.748305
vt 0.415377 0.751718
vt 0.401948 0.747409
vt 0.405796 0.743655
vt 0.417260 0.745076
vt 0.402820 0.743335
vt 0.405975 0.738907
vt 0.417260 0.738131
vt 0.402938 0.739161
vt 0.402223 0.735056
vt 0.405097 0.734238
vt 0.416460 0.731116
vt 0.403470 0.729802
vt 0.413707 0.724578
vt 0.400776 0.731153
vt 0.400997 0.725743
vt 0.409838 0.718857
vt 0.398614 0.727612
vt 0.397711 0.722374
vt 0.405280 0.713550
vt 0.395807 0.724621
vt 0.393914 0.719639
vt 0.399378 0.709751
vt 0.392533 0.722273
vt 0.389441 0.717817
vt 0.393156 0.707238
vt 0.388860 0.720651
vt 0.384545 0.716658
vt 0.386721 0.705283
vt 0.385989 0.718656
vt 0.383453 0.719357
vt 0.379883 0.715831
vt 0.379973 0.704919
vt 0.379750 0.718689
vt 0.375423 0.716159
vt 0.373308 0.705287
vt 0.375738 0.718877
vt 0.372490 0.718797
vt 0.367757 0.707399
vt 0.372162 0.720736
vt 0.371371 0.719305
vt 0.367186 0.707620
vt 0.366554 0.719525
vt 0.362021 0.709339
vt 0.363983 0.721894
vt 0.355954 0.713497
vt 0.368154 0.721800
vt 0.366131 0.724021
vt 0.360895 0.725525
vt 0.351379 0.718874
vt 0.363409 0.727251
vt 0.358505 0.729678
vt 0.347940 0.724983
vt 0.361294 0.730923
vt 0.356928 0.734192
vt 0.345729 0.731587
vt 0.359875 0.734917
vt 0.359272 0.739106
vt 0.356237 0.738913
vt 0.344800 0.738450
vt 0.356425 0.743675
vt 0.345163 0.745330
vt 0.359428 0.743312
vt 0.357493 0.748301
vt 0.346790 0.751984
vt 0.360366 0.747392
vt 0.359386 0.752621
vt 0.349597 0.758179
vt 0.362013 0.751233
vt 0.362006 0.756441
vt 0.353462 0.763707
vt 0.364279 0.754620
vt 0.365534 0.755907
vt 0.367100 0.757561
vt 0.365244 0.759759
vt 0.358260 0.768422
vt 0.368938 0.762429
vt 0.363859 0.772118
vt 0.370415 0.759975
vt 0.372800 0.764329
vt 0.370328 0.774568
vt 0.373918 0.761907
vt 0.375590 0.765190
vt 0.372994 0.776418
vt 0.377195 0.760801
vt 0.373623 0.754920
vt 0.376582 0.756252
vt 0.377400 0.756463
vt 0.374777 0.752898
vt 0.377262 0.753992
vt 0.378960 0.756687
vt 0.371099 0.753132
vt 0.372572 0.751376
vt 0.369971 0.752159
vt 0.368912 0.750951
vt 0.368440 0.752704
vt 0.368288 0.752589
vt 0.367987 0.753100
vt 0.367159 0.748413
vt 0.365947 0.745576
vt 0.365288 0.742556
vt 0.365202 0.739456
vt 0.365696 0.736382
vt 0.361003 0.735196
vt 0.366768 0.733433
vt 0.368363 0.730704
vt 0.370420 0.728321
vt 0.373351 0.726305
vt 0.376152 0.725056
vt 0.379792 0.724298
vt 0.382615 0.724351
vt 0.384601 0.724891
vt 0.385743 0.725044
vt 0.387534 0.725444
vt 0.389678 0.726953
vt 0.391951 0.728802
vt 0.393956 0.731077
vt 0.395531 0.733697
vt 0.396594 0.736567
vt 0.397100 0.739584
vt 0.397024 0.742639
vt 0.396370 0.745621
vt 0.395159 0.748419
vt 0.393435 0.750933
vt 0.391268 0.753072
vt 0.388452 0.754905
vt 0.387743 0.757153
vt 0.387656 0.757235
vt 0.388055 0.757884
vt 0.377070 0.745925
vt 0.378146 0.746609
vt 0.379341 0.747068
vt 0.378070 0.757329
vt 0.377697 0.757312
vt 0.377742 0.758068
vt 0.337554 0.160559
vt 0.340828 0.179266
vt 0.328679 0.167781
vt 0.327937 0.179266
vt 0.170770 0.769937
vt 0.152916 0.771541
vt 0.153454 0.770154
vt 0.328303 0.159491
vt 0.151155 0.770189
vt 0.127313 0.771501
vt 0.152015 0.768416
vt 0.150612 0.769487
vt 0.129298 0.769582
vt 0.150109 0.767913
vt 0.147070 0.768477
vt 0.143596 0.768728
vt 0.144973 0.763142
vt 0.152337 0.763105
vt 0.145016 0.767149
vt 0.145379 0.767183
vt 0.145138 0.766552
vt 0.123900 0.761801
vt 0.126330 0.763142
vt 0.172080 0.761801
vt 0.328569 0.156124
vt 0.337235 0.157197
vt 0.169958 0.763271
vt 0.168488 0.768447
vt 0.153851 0.767576
vt 0.154062 0.769024
vt 0.316470 0.186883
vt 0.309507 0.197279
vt 0.297239 0.184679
vt 0.297791 0.197797
vt 0.313165 0.197508
vt 0.144001 0.761745
vt 0.135436 0.761668
vt 0.136036 0.758985
vt 0.142724 0.757900
vt 0.145520 0.760350
vt 0.169508 0.761741
vt 0.144536 0.758598
vt 0.134808 0.756982
vt 0.144178 0.753475
vt 0.134219 0.759062
vt 0.131131 0.761228
vt 0.131970 0.758544
vt 0.125813 0.753598
vt 0.126784 0.758537
vt 0.124560 0.759659
vt 0.123900 0.752147
vt 0.317789 0.197797
vt 0.319841 0.187098
vt 0.321162 0.197630
vt 0.171691 0.752147
vt 0.167242 0.759695
vt 0.169792 0.753449
vt 0.152991 0.753521
vt 0.149371 0.758515
vt 0.146463 0.758101
vt 0.154131 0.758947
vt 0.152553 0.757366
vt 0.152367 0.756792
vt 0.151597 0.757680
vt 0.146019 0.759638
vt 0.314878 0.197615
vt 0.379638 0.216189
vt 0.379940 0.227922
vt 0.359118 0.227922
vt 0.360851 0.212287
vt 0.367562 0.154784
vt 0.376697 0.154972
vt 0.376679 0.157524
vt 0.367541 0.157681
vt 0.335713 0.141839
vt 0.330807 0.140270
vt 0.330931 0.138095
vt 0.335389 0.136638
vt 0.377117 0.154466
vt 0.377117 0.158035
vt 0.323377 0.140411
vt 0.330679 0.140847
vt 0.334919 0.142531
vt 0.319347 0.142531
vt 0.330817 0.137524
vt 0.323614 0.137585
vt 0.318804 0.135120
vt 0.334680 0.136013
vt 0.367764 0.154149
vt 0.523479 0.510144
vt 0.522486 0.510041
vt 0.508721 0.476756
vt 0.512119 0.476512
vt 0.367740 0.158318
vt 0.312872 0.205629
vt 0.332904 0.206635
vt 0.332666 0.218369
vt 0.314850 0.222406
vt 0.518172 0.510179
vt 0.502870 0.476631
vt 0.517207 0.510514
vt 0.501720 0.476803
vt 0.379026 0.192036
vt 0.378940 0.186640
vt 0.396036 0.186766
vt 0.396003 0.191514
vt 0.309372 0.164080
vt 0.309627 0.169267
vt 0.304722 0.167661
vt 0.304927 0.165514
vt 0.396818 0.185814
vt 0.396818 0.192454
vt 0.292797 0.162542
vt 0.308668 0.163454
vt 0.304814 0.164944
vt 0.297582 0.165024
vt 0.308827 0.169954
vt 0.293215 0.169954
vt 0.297248 0.167836
vt 0.304591 0.168243
vt 0.379413 0.193216
vt 0.523479 0.440391
vt 0.512153 0.473943
vt 0.508675 0.474045
vt 0.522488 0.440556
vt 0.379303 0.185445
vt 0.311549 0.205742
vt 0.313513 0.222529
vt 0.295413 0.222529
vt 0.292791 0.211090
vt 0.359516 0.212184
vt 0.357791 0.227844
vt 0.338104 0.223746
vt 0.340542 0.212265
vt 0.503052 0.474130
vt 0.518201 0.440841
vt 0.501865 0.474197
vt 0.517208 0.440578
vt 0.861591 0.482819
vt 0.860645 0.483715
vt 0.857836 0.482124
vt 0.861570 0.479463
vt 0.863154 0.479178
vt 0.862176 0.482420
vt 0.863974 0.475898
vt 0.867594 0.478585
vt 0.865257 0.480665
vt 0.865185 0.470887
vt 0.871171 0.475634
vt 0.868381 0.481189
vt 0.865629 0.482211
vt 0.862892 0.482943
vt 0.861211 0.476093
vt 0.853080 0.480422
vt 0.855811 0.472421
vt 0.853919 0.465674
vt 0.858218 0.462650
vt 0.860756 0.470602
vt 0.860198 0.484956
vt 0.856404 0.486599
vt 0.856846 0.484388
vt 0.860105 0.484350
vt 0.861516 0.484267
vt 0.861494 0.489094
vt 0.858258 0.489402
vt 0.860557 0.485776
vt 0.861474 0.485673
vt 0.862345 0.484780
vt 0.864486 0.486081
vt 0.862943 0.496268
vt 0.854357 0.496806
vt 0.856309 0.492634
vt 0.861916 0.492201
vt 0.851218 0.487951
vt 0.853344 0.484299
vt 0.866006 0.465586
vt 0.816955 0.522990
vt 0.821481 0.523599
vt 0.820951 0.531427
vt 0.817037 0.526307
vt 0.874660 0.472774
vt 0.850632 0.494718
vt 0.847346 0.491315
vt 0.881078 0.478505
vt 0.880140 0.478533
vt 0.879789 0.469458
vt 0.880481 0.469396
vt 0.876551 0.478985
vt 0.872523 0.479963
vt 0.862746 0.483627
vt 0.852959 0.500189
vt 0.848183 0.497709
vt 0.873165 0.491399
vt 0.870075 0.489495
vt 0.864061 0.499681
vt 0.866719 0.487449
vt 0.879544 0.488413
vt 0.878653 0.488147
vt 0.859620 0.518237
vt 0.864077 0.512086
vt 0.865353 0.512395
vt 0.860762 0.517762
vt 0.826402 0.525167
vt 0.827932 0.525671
vt 0.827895 0.526210
vt 0.826405 0.526478
vt 0.825707 0.526091
vt 0.872435 0.503145
vt 0.871370 0.502195
vt 0.867755 0.512488
vt 0.862931 0.518991
vt 0.879144 0.478854
vt 0.878362 0.470071
vt 0.811666 0.520883
vt 0.810545 0.522960
vt 0.806617 0.523239
vt 0.809076 0.518669
vt 0.877968 0.487982
vt 0.876389 0.498670
vt 0.875157 0.498286
vt 0.874401 0.497444
vt 0.813981 0.520562
vt 0.814664 0.517534
vt 0.873873 0.503824
vt 0.806848 0.525927
vt 0.810799 0.524629
vt 0.811576 0.526207
vt 0.807610 0.530436
vt 0.846300 0.523652
vt 0.851184 0.525044
vt 0.852276 0.531727
vt 0.843271 0.528847
vt 0.864720 0.503440
vt 0.862302 0.509273
vt 0.855665 0.509165
vt 0.857963 0.502631
vt 0.846383 0.504710
vt 0.848088 0.510573
vt 0.845788 0.512646
vt 0.842249 0.508421
vt 0.853715 0.524213
vt 0.855186 0.527536
vt 0.856615 0.530526
vt 0.816208 0.537316
vt 0.815528 0.532086
vt 0.815074 0.528439
vt 0.816200 0.527786
vt 0.819151 0.538023
vt 0.813496 0.531687
vt 0.813801 0.528308
vt 0.816253 0.521840
vt 0.820043 0.520768
vt 0.843955 0.518581
vt 0.839052 0.519293
vt 0.812594 0.527489
vt 0.810411 0.533170
vt 0.812918 0.536301
vt 0.858623 0.525795
vt 0.857769 0.522494
vt 0.827839 0.523820
vt 0.826958 0.523605
vt 0.827312 0.521029
vt 0.829803 0.521663
vt 0.828123 0.524705
vt 0.830786 0.524114
vt 0.830023 0.526909
vt 0.879804 0.464694
vt 0.878896 0.464678
vt 0.877200 0.465442
vt 0.823845 0.528229
vt 0.825552 0.528710
vt 0.823048 0.524403
vt 0.825184 0.524928
vt 0.825261 0.525406
vt 0.822504 0.525888
vt 0.826240 0.523751
vt 0.825676 0.521777
vt 0.824197 0.522998
vt 0.825639 0.524522
vt 0.825219 0.525897
vt 0.822804 0.527271
vt 0.828990 0.527986
vt 0.850885 0.475912
vt 0.570168 0.028161
vt 0.570422 0.032225
vt 0.569005 0.032170
vt 0.569231 0.028351
vt 0.567604 0.031536
vt 0.568432 0.027759
vt 0.570422 0.036281
vt 0.570056 0.043225
vt 0.568610 0.042745
vt 0.568817 0.035876
vt 0.569651 0.024679
vt 0.567263 0.043452
vt 0.567177 0.035561
vt 0.570562 0.021173
vt 0.573597 0.020851
vt 0.573327 0.022170
vt 0.570413 0.021967
vt 0.572945 0.023491
vt 0.570181 0.022828
vt 0.576603 0.021009
vt 0.582740 0.020851
vt 0.582221 0.021971
vt 0.576340 0.022487
vt 0.567373 0.021661
vt 0.582369 0.023129
vt 0.575885 0.023817
vt 0.552998 0.021601
vt 0.556117 0.021293
vt 0.556563 0.022372
vt 0.553410 0.022211
vt 0.556597 0.023564
vt 0.553253 0.022994
vt 0.559271 0.020741
vt 0.565993 0.020741
vt 0.566098 0.021899
vt 0.559745 0.022137
vt 0.550285 0.021984
vt 0.565607 0.022964
vt 0.559804 0.023605
vt 0.575788 0.028059
vt 0.576208 0.031131
vt 0.574850 0.031189
vt 0.574992 0.028075
vt 0.573566 0.031306
vt 0.574226 0.028156
vt 0.576203 0.034262
vt 0.576208 0.040546
vt 0.575093 0.040418
vt 0.574763 0.034498
vt 0.575064 0.024679
vt 0.574072 0.039922
vt 0.573214 0.034279
vt 0.562049 0.037408
vt 0.560485 0.034234
vt 0.561857 0.034212
vt 0.562878 0.037351
vt 0.563286 0.034087
vt 0.563774 0.037305
vt 0.559997 0.030854
vt 0.561741 0.024983
vt 0.562849 0.024679
vt 0.561471 0.030663
vt 0.563893 0.040582
vt 0.563893 0.025155
vt 0.562906 0.030735
vt 0.550621 0.039803
vt 0.549524 0.036130
vt 0.551045 0.035853
vt 0.551514 0.039594
vt 0.552485 0.035754
vt 0.552407 0.039582
vt 0.548927 0.032238
vt 0.549894 0.025389
vt 0.551111 0.024836
vt 0.550510 0.032045
vt 0.551987 0.043316
vt 0.552485 0.024679
vt 0.552134 0.031826
vt 0.309754 0.174744
vt 0.305990 0.174615
vt 0.305831 0.173475
vt 0.309437 0.174017
vt 0.306021 0.172061
vt 0.309764 0.173166
vt 0.302201 0.174820
vt 0.295462 0.174586
vt 0.295379 0.173296
vt 0.302314 0.173451
vt 0.313027 0.174820
vt 0.294719 0.172152
vt 0.302264 0.171911
vt 0.647771 0.915548
vt 0.653487 0.932294
vt 0.620002 0.931578
vt 0.627535 0.916195
vt 0.597136 0.908739
vt 0.612904 0.902811
vt 0.619646 0.932322
vt 0.596467 0.909036
vt 0.653759 0.933117
vt 0.723622 0.900440
vt 0.731292 0.893114
vt 0.758630 0.904136
vt 0.736361 0.927265
vt 0.723279 0.875498
vt 0.713177 0.875918
vt 0.702741 0.848187
vt 0.735822 0.848556
vt 0.678263 0.908484
vt 0.679081 0.908878
vt 0.713301 0.900247
vt 0.703650 0.928356
vt 0.678155 0.873017
vt 0.679081 0.872610
vt 0.661864 0.900494
vt 0.660817 0.879536
vt 0.644963 0.865863
vt 0.652031 0.849057
vt 0.652295 0.848187
vt 0.624500 0.867637
vt 0.617775 0.851284
vt 0.617351 0.850527
vt 0.730848 0.882517
vt 0.758630 0.872030
vt 0.706712 0.883205
vt 0.679275 0.872143
vt 0.595728 0.876460
vt 0.594936 0.876221
vt 0.706316 0.892937
vt 0.679562 0.905676
vt 0.611529 0.883076
vt 0.625166 0.897249
vt 0.624293 0.887633
vt 0.630445 0.880086
vt 0.640235 0.879076
vt 0.636455 0.891395
vt 0.632524 0.903543
vt 0.642295 0.902837
vt 0.648760 0.895339
vt 0.647918 0.885397
vt 0.718570 0.887985
vt 0.238283 0.551351
vt 0.232976 0.562481
vt 0.232140 0.559696
vt 0.236744 0.549334
vt 0.487894 0.430297
vt 0.501638 0.443126
vt 0.489292 0.446209
vt 0.477073 0.441670
vt 0.221582 0.569118
vt 0.221585 0.566056
vt 0.223805 0.546367
vt 0.202720 0.567798
vt 0.203343 0.564784
vt 0.209196 0.545227
vt 0.224574 0.531192
vt 0.233007 0.532656
vt 0.211355 0.529647
vt 0.195827 0.527766
vt 0.193130 0.543566
vt 0.186289 0.562647
vt 0.178146 0.526537
vt 0.173312 0.542912
vt 0.176834 0.554297
vt 0.170866 0.544559
vt 0.175339 0.527899
vt 0.175028 0.556777
vt 0.513962 0.384959
vt 0.529222 0.395208
vt 0.514228 0.407170
vt 0.502008 0.394098
vt 0.531889 0.407795
vt 0.527576 0.419901
vt 0.514184 0.430190
vt 0.500406 0.418854
vt 0.474359 0.415845
vt 0.466112 0.423588
vt 0.462451 0.402857
vt 0.449657 0.411357
vt 0.475421 0.392651
vt 0.488120 0.405772
vt 0.455944 0.389040
vt 0.448612 0.398897
vt 0.464631 0.373298
vt 0.228608 0.502160
vt 0.236134 0.509386
vt 0.233813 0.510396
vt 0.226818 0.504624
vt 0.213660 0.496837
vt 0.213584 0.499551
vt 0.238316 0.517956
vt 0.226290 0.517500
vt 0.213015 0.515318
vt 0.197021 0.499683
vt 0.198041 0.512991
vt 0.180497 0.509931
vt 0.187438 0.503373
vt 0.195502 0.496678
vt 0.185239 0.502044
vt 0.482441 0.370556
vt 0.489063 0.381959
vt 0.494144 0.363974
vt 0.506287 0.368490
vt 0.177728 0.510145
vt 0.240961 0.518550
vt 0.234731 0.534475
vt 0.185168 0.565519
vt 0.969723 0.842363
vt 0.972749 0.837024
vt 0.977613 0.841323
vt 0.992938 0.833423
vt 0.992938 0.841417
vt 0.988122 0.837275
vt 0.985300 0.834561
vt 0.990069 0.828827
vt 0.964930 0.840338
vt 0.969826 0.834589
vt 0.982642 0.832060
vt 0.985270 0.826859
vt 0.966928 0.832191
vt 0.962062 0.835899
vt 0.969919 0.826859
vt 0.974704 0.828894
vt 0.977613 0.833461
vt 0.985326 0.842506
vt 0.980384 0.840503
vt 0.977619 0.835822
vt 0.977698 0.828041
vt 0.962234 0.828032
vt 0.766729 0.957548
vt 0.773680 0.952662
vt 0.773680 0.963195
vt 0.763579 0.964977
vt 0.756298 0.962407
vt 0.762558 0.954161
vt 0.769831 0.945871
vt 0.751938 0.956071
vt 0.758973 0.950720
vt 0.762529 0.942833
vt 0.780441 0.924000
vt 0.776707 0.927286
vt 0.769881 0.919513
vt 0.777279 0.916529
vt 0.772955 0.930689
vt 0.766068 0.926424
vt 0.776563 0.938323
vt 0.783866 0.935239
vt 0.787509 0.928741
vt 0.766153 0.937090
vt 0.787509 0.917872
vt 0.752048 0.944620
vt 0.781641 0.897471
vt 0.787185 0.893943
vt 0.787185 0.902227
vt 0.779147 0.903314
vt 0.773476 0.901045
vt 0.778626 0.894908
vt 0.784325 0.888692
vt 0.770350 0.895975
vt 0.775922 0.892160
vt 0.778845 0.886374
vt 0.787609 0.968419
vt 0.790642 0.970903
vt 0.785035 0.977156
vt 0.782092 0.971964
vt 0.793500 0.973659
vt 0.790588 0.979352
vt 0.799178 0.969681
vt 0.795550 0.964300
vt 0.790215 0.962526
vt 0.799178 0.978431
vt 0.782187 0.963875
vt 0.770458 0.887227
vt 0.738453 0.968099
vt 0.746076 0.963248
vt 0.746076 0.974638
vt 0.735024 0.976132
vt 0.727226 0.973013
vt 0.734308 0.964576
vt 0.742144 0.956028
vt 0.722929 0.966042
vt 0.730590 0.960797
vt 0.734610 0.952842
vt 0.773748 0.849667
vt 0.779819 0.854639
vt 0.768595 0.867157
vt 0.762704 0.856762
vt 0.785541 0.860155
vt 0.779712 0.871552
vt 0.796908 0.852193
vt 0.789646 0.841421
vt 0.778965 0.837869
vt 0.796908 0.869710
vt 0.762894 0.840569
vt 0.723078 0.954015
vt 0.762754 0.983077
vt 0.757312 0.986495
vt 0.757324 0.978249
vt 0.765437 0.977482
vt 0.771246 0.979995
vt 0.765704 0.985768
vt 0.760180 0.991811
vt 0.773731 0.985236
vt 0.768583 0.988473
vt 0.765738 0.994085
vt 0.737343 0.985599
vt 0.740356 0.988154
vt 0.734881 0.994178
vt 0.732058 0.988943
vt 0.743218 0.990998
vt 0.740404 0.996453
vt 0.748805 0.987227
vt 0.745260 0.981783
vt 0.739979 0.979966
vt 0.748805 0.995797
vt 0.732149 0.981063
vt 0.773731 0.993319
vt 0.861142 0.944801
vt 0.863233 0.956431
vt 0.860932 0.964183
vt 0.857836 0.946429
vt 0.860779 0.941233
vt 0.858011 0.942210
vt 0.869658 0.945390
vt 0.870165 0.962932
vt 0.867098 0.957216
vt 0.866586 0.945796
vt 0.865931 0.942899
vt 0.870165 0.941228
vt 0.863784 0.945952
vt 0.865132 0.957679
vt 0.863220 0.941716
vt 0.863161 0.934642
vt 0.864205 0.934149
vt 0.862101 0.934074
vt 0.862514 0.926457
vt 0.652767 0.976886
vt 0.653361 0.970101
vt 0.661225 0.969270
vt 0.662649 0.976264
vt 0.652044 0.984278
vt 0.663723 0.983949
vt 0.643210 0.974901
vt 0.645767 0.968447
vt 0.640721 0.981918
vt 0.633920 0.970341
vt 0.638531 0.964183
vt 0.629819 0.977128
vt 0.624379 0.962896
vt 0.631748 0.956747
vt 0.619003 0.970163
vt 0.613304 0.951011
vt 0.625567 0.943819
vt 0.605435 0.961075
vt 0.684138 0.965540
vt 0.676778 0.958433
vt 0.684531 0.944376
vt 0.697903 0.953162
vt 0.689470 0.974715
vt 0.706384 0.965574
vt 0.672950 0.972773
vt 0.669128 0.965654
vt 0.676064 0.980886
vt 0.679706 0.991825
vt 0.694689 0.986413
vt 0.665059 0.994373
vt 0.651311 0.993702
vt 0.637532 0.992279
vt 0.613300 0.979641
vt 0.625373 0.985760
vt 0.601194 0.972481
vt 0.710389 0.980092
vt 0.665416 0.960687
vt 0.670143 0.954277
vt 0.659713 0.964043
vt 0.653701 0.964932
vt 0.657364 0.958361
vt 0.660307 0.955943
vt 0.653898 0.958970
vt 0.647800 0.963524
vt 0.650545 0.957983
vt 0.642490 0.959712
vt 0.647835 0.955428
vt 0.638292 0.953118
vt 0.646468 0.951306
vt 0.636582 0.942632
vt 0.647773 0.945669
vt 0.661992 0.951817
vt 0.661001 0.946278
vt 0.672298 0.942632
vt 0.654219 0.951994
vt 0.292023 0.845454
vt 0.274697 0.853273
vt 0.272304 0.831903
vt 0.279115 0.830116
vt 0.257702 0.844852
vt 0.264821 0.830226
vt 0.275993 0.793605
vt 0.267725 0.793067
vt 0.263110 0.778322
vt 0.280036 0.775797
vt 0.282013 0.796903
vt 0.293911 0.784207
vt 0.273492 0.801799
vt 0.268390 0.801274
vt 0.277540 0.803234
vt 0.272318 0.807338
vt 0.268460 0.807031
vt 0.275496 0.808139
vt 0.271835 0.812122
vt 0.268129 0.811844
vt 0.274783 0.812337
vt 0.271943 0.816982
vt 0.267465 0.816926
vt 0.275082 0.816344
vt 0.286271 0.818040
vt 0.284625 0.824639
vt 0.279462 0.819763
vt 0.282417 0.816959
vt 0.277838 0.815834
vt 0.280790 0.814915
vt 0.294295 0.813797
vt 0.299969 0.829057
vt 0.286675 0.808656
vt 0.286097 0.802239
vt 0.299969 0.799000
vt 0.282939 0.809099
vt 0.280801 0.805787
vt 0.281048 0.810758
vt 0.278361 0.809273
vt 0.280391 0.812793
vt 0.277538 0.812570
vt 0.248285 0.835297
vt 0.258235 0.826747
vt 0.245347 0.820442
vt 0.252666 0.819565
vt 0.256495 0.817085
vt 0.261655 0.820880
vt 0.261158 0.795534
vt 0.255032 0.801500
vt 0.249144 0.799407
vt 0.252892 0.786633
vt 0.263898 0.802067
vt 0.258329 0.804698
vt 0.264733 0.807090
vt 0.259491 0.807996
vt 0.264600 0.811524
vt 0.259530 0.811142
vt 0.263750 0.815978
vt 0.258596 0.814185
vt 0.251397 0.810022
vt 0.284019 0.813067
vt 0.952933 0.886566
vt 0.968955 0.886566
vt 0.968955 0.900815
vt 0.952933 0.900815
vt 0.894921 0.893302
vt 0.887953 0.893198
vt 0.885296 0.884164
vt 0.893340 0.882047
vt 0.878593 0.875016
vt 0.884239 0.864875
vt 0.953050 0.869070
vt 0.952933 0.863143
vt 0.958894 0.863140
vt 0.958998 0.868393
vt 0.891534 0.907068
vt 0.883955 0.902951
vt 0.962353 0.921139
vt 0.962353 0.929466
vt 0.954947 0.929466
vt 0.954947 0.921139
vt 0.911403 0.912981
vt 0.903276 0.911292
vt 0.905720 0.894005
vt 0.912664 0.894125
vt 0.908596 0.935684
vt 0.896376 0.931954
vt 0.912666 0.878723
vt 0.904956 0.879159
vt 0.900236 0.858082
vt 0.911345 0.855301
vt 0.897279 0.909521
vt 0.900347 0.893767
vt 0.887953 0.927479
vt 0.899108 0.880335
vt 0.892149 0.860556
vt 0.918019 0.893961
vt 0.917777 0.878809
vt 0.920827 0.853039
vt 0.918094 0.913350
vt 0.917722 0.939353
vt 0.924499 0.913222
vt 0.923365 0.893708
vt 0.928276 0.936754
vt 0.923133 0.879542
vt 0.929820 0.856333
vt 0.880431 0.920956
vt 0.928955 0.894320
vt 0.927914 0.879991
vt 0.934614 0.863627
vt 0.876248 0.909923
vt 0.958534 0.877180
vt 0.961944 0.883096
vt 0.954357 0.880997
vt 0.961944 0.873664
vt 0.952933 0.873242
vt 0.961539 0.929512
vt 0.961539 0.936295
vt 0.959217 0.933931
vt 0.954947 0.936552
vt 0.956218 0.931125
vt 0.953982 0.873196
vt 0.959824 0.872049
vt 0.959301 0.859414
vt 0.953392 0.858938
vt 0.953982 0.853039
vt 0.959824 0.854185
vt 0.955716 0.921093
vt 0.955063 0.916913
vt 0.960980 0.916238
vt 0.961559 0.919942
vt 0.955716 0.900862
vt 0.961559 0.902012
vt 0.961033 0.907240
vt 0.955122 0.906760
vt 0.961570 0.870885
vt 0.963270 0.869320
vt 0.963270 0.872450
vt 0.959870 0.872450
vt 0.961570 0.873196
vt 0.961986 0.855224
vt 0.964102 0.856153
vt 0.961235 0.857410
vt 0.961570 0.868575
vt 0.959870 0.869320
vt 0.962736 0.853039
vt 0.964102 0.854296
vt 0.959870 0.856153
vt 0.960886 0.853192
vt 0.960877 0.910985
vt 0.954947 0.910986
vt 0.949098 0.900862
vt 0.949028 0.904458
vt 0.935235 0.907725
vt 0.934660 0.906126
vt 0.949028 0.936242
vt 0.953325 0.937242
vt 0.954900 0.937882
vt 0.949098 0.939838
vt 0.949204 0.867662
vt 0.951362 0.853039
vt 0.952886 0.853683
vt 0.952886 0.868053
vt 0.950177 0.920327
vt 0.953325 0.903458
vt 0.954900 0.916158
vt 0.934806 0.922535
vt 0.950177 0.920373
vt 0.935235 0.932974
vt 0.934660 0.870928
vt 0.939125 0.853202
vt 0.949917 0.875358
vt 0.936467 0.876904
vt 0.951736 0.874115
vt 0.961775 0.939350
vt 0.961585 0.929512
vt 0.963262 0.929663
vt 0.963262 0.939831
vt 0.934660 0.934573
vt 0.949204 0.886192
vt 0.952886 0.885802
vt 0.952886 0.900171
vt 0.951362 0.900815
vt 0.954900 0.924542
vt 0.939125 0.900652
vt 0.934660 0.882926
vt 0.936467 0.876950
vt 0.949917 0.878496
vt 0.951736 0.879740
vt 0.960059 0.857937
vt 0.961547 0.857456
vt 0.961547 0.867623
vt 0.959870 0.867774
vt 0.934806 0.918165
vt 0.934614 0.930591
vt 0.931225 0.912058
vt 0.954900 0.902818
vt 0.281055 0.306402
vt 0.265441 0.304854
vt 0.257407 0.294911
vt 0.280002 0.296460
vt 0.260562 0.325029
vt 0.280678 0.323884
vt 0.277653 0.216994
vt 0.277872 0.222611
vt 0.269007 0.222777
vt 0.268674 0.217196
vt 0.231739 0.231510
vt 0.220469 0.211582
vt 0.241865 0.203239
vt 0.251281 0.225058
vt 0.280612 0.204489
vt 0.271733 0.204678
vt 0.260913 0.184299
vt 0.281055 0.183780
vt 0.257354 0.213917
vt 0.257354 0.192222
vt 0.274484 0.273741
vt 0.261970 0.273657
vt 0.268174 0.258385
vt 0.276046 0.258369
vt 0.226599 0.181415
vt 0.248986 0.178167
vt 0.279794 0.235353
vt 0.269462 0.235603
vt 0.222851 0.193569
vt 0.223260 0.199103
vt 0.799970 0.413475
vt 0.800874 0.413977
vt 0.798164 0.417516
vt 0.797840 0.416311
vt 0.827874 0.438808
vt 0.826338 0.439972
vt 0.826269 0.437647
vt 0.798173 0.412927
vt 0.797180 0.414345
vt 0.829406 0.437681
vt 0.825987 0.435471
vt 0.824557 0.437999
vt 0.794817 0.416734
vt 0.795674 0.414684
vt 0.822624 0.436430
vt 0.794355 0.418034
vt 0.792767 0.414474
vt 0.794559 0.413590
vt 0.836248 0.440106
vt 0.835117 0.440318
vt 0.834573 0.436834
vt 0.835689 0.436668
vt 0.824026 0.439623
vt 0.821868 0.439469
vt 0.791734 0.415207
vt 0.819856 0.435735
vt 0.819353 0.439864
vt 0.824836 0.441310
vt 0.823379 0.442441
vt 0.791850 0.410752
vt 0.792912 0.410949
vt 0.821462 0.444109
vt 0.794594 0.411734
vt 0.834500 0.432649
vt 0.835634 0.432539
vt 0.794604 0.407337
vt 0.795105 0.408304
vt 0.826206 0.443883
vt 0.825617 0.446468
vt 0.826381 0.442125
vt 0.795724 0.410282
vt 0.834710 0.428482
vt 0.835879 0.428430
vt 0.827764 0.441825
vt 0.797934 0.407902
vt 0.797240 0.410102
vt 0.834949 0.424982
vt 0.836147 0.424977
vt 0.828685 0.443283
vt 0.798290 0.406875
vt 0.829755 0.445746
vt 0.799918 0.409996
vt 0.798219 0.411227
vt 0.835038 0.421459
vt 0.836248 0.421499
vt 0.828367 0.440539
vt 0.829836 0.441142
vt 0.800874 0.409567
vt 0.832294 0.442244
vt 0.832294 0.437094
vt 0.834972 0.417272
vt 0.836174 0.417368
vt 0.796889 0.411069
vt 0.796022 0.411166
vt 0.797452 0.411710
vt 0.795352 0.413069
vt 0.795995 0.413686
vt 0.795366 0.411999
vt 0.797432 0.412688
vt 0.796856 0.413501
vt 0.830672 0.428309
vt 0.832359 0.430502
vt 0.827932 0.432315
vt 0.828304 0.429539
vt 0.875725 0.379933
vt 0.877106 0.379833
vt 0.877581 0.386751
vt 0.876231 0.386843
vt 0.818227 0.422469
vt 0.817135 0.425183
vt 0.814346 0.424478
vt 0.813566 0.421449
vt 0.834456 0.432720
vt 0.827925 0.435427
vt 0.819309 0.418484
vt 0.812131 0.417272
vt 0.815090 0.428335
vt 0.812024 0.425677
vt 0.809724 0.423509
vt 0.821761 0.433060
vt 0.823775 0.430720
vt 0.806202 0.420565
vt 0.825945 0.428787
vt 0.877379 0.393247
vt 0.876005 0.393328
vt 0.819353 0.426967
vt 0.822162 0.426629
vt 0.808497 0.427658
vt 0.804165 0.426961
vt 0.811275 0.428118
vt 0.825080 0.426489
vt 0.876908 0.399710
vt 0.875477 0.399775
vt 0.812312 0.430539
vt 0.823933 0.422297
vt 0.826115 0.424170
vt 0.876665 0.406621
vt 0.875187 0.406676
vt 0.810235 0.431787
vt 0.821993 0.420509
vt 0.806785 0.433600
vt 0.828087 0.420111
vt 0.828312 0.423072
vt 0.876902 0.413549
vt 0.875405 0.413598
vt 0.814528 0.431900
vt 0.813902 0.434105
vt 0.828173 0.417272
vt 0.812704 0.437541
vt 0.834456 0.419003
vt 0.832329 0.421263
vt 0.818179 0.434126
vt 0.819309 0.437660
vt 0.817169 0.431703
vt 0.830529 0.423709
vt 0.877581 0.420015
vt 0.876096 0.420054
vt 0.827043 0.425042
vt 0.826447 0.426387
vt 0.828320 0.424417
vt 0.828316 0.428147
vt 0.829664 0.427418
vt 0.826952 0.427711
vt 0.829585 0.424805
vt 0.831549 0.425846
vt 0.830163 0.426020
vt 0.864496 0.451940
vt 0.865594 0.453794
vt 0.862366 0.454673
vt 0.862701 0.452653
vt 0.864636 0.428487
vt 0.863916 0.429437
vt 0.860816 0.426938
vt 0.861579 0.426224
vt 0.865438 0.431870
vt 0.865690 0.434398
vt 0.863650 0.434928
vt 0.862198 0.433039
vt 0.865004 0.427230
vt 0.862317 0.425350
vt 0.864234 0.429482
vt 0.860353 0.431381
vt 0.865260 0.437622
vt 0.862481 0.436627
vt 0.860420 0.435784
vt 0.859832 0.422966
vt 0.860731 0.422452
vt 0.858118 0.435060
vt 0.859347 0.453037
vt 0.860918 0.451808
vt 0.858861 0.423456
vt 0.859205 0.419210
vt 0.860160 0.419110
vt 0.860591 0.439098
vt 0.858113 0.439427
vt 0.862551 0.438656
vt 0.858113 0.449750
vt 0.860195 0.449912
vt 0.858113 0.419386
vt 0.863720 0.440199
vt 0.859335 0.446611
vt 0.860926 0.448143
vt 0.858506 0.415467
vt 0.859634 0.415669
vt 0.862419 0.441585
vt 0.860488 0.415935
vt 0.860360 0.443078
vt 0.862360 0.445314
vt 0.862612 0.447499
vt 0.859918 0.411719
vt 0.861096 0.412207
vt 0.865690 0.440716
vt 0.865465 0.442861
vt 0.861850 0.412999
vt 0.864062 0.445270
vt 0.864907 0.409997
vt 0.865004 0.411136
vt 0.865594 0.446539
vt 0.864342 0.448227
vt 0.861739 0.448985
vt 0.861324 0.449982
vt 0.862693 0.448627
vt 0.862746 0.451536
vt 0.863737 0.451103
vt 0.861732 0.451055
vt 0.863647 0.449059
vt 0.865152 0.450052
vt 0.864084 0.450066
vt 0.975152 0.570350
vt 0.977782 0.567859
vt 0.979737 0.568549
vt 0.977361 0.573199
vt 0.981229 0.573484
vt 0.981600 0.569417
vt 0.984361 0.570683
vt 0.975214 0.566678
vt 0.977973 0.563969
vt 0.981666 0.563968
vt 0.984361 0.566560
vt 0.975152 0.557537
vt 0.977782 0.560028
vt 0.975214 0.561209
vt 0.984361 0.557204
vt 0.981600 0.558471
vt 0.981229 0.554403
vt 0.977361 0.554688
vt 0.979737 0.559338
vt 0.984361 0.561327
vt 0.981665 0.563920
vt 0.977973 0.563918
vt 0.917830 0.610314
vt 0.917768 0.611794
vt 0.912849 0.611969
vt 0.912818 0.610351
vt 0.917744 0.613364
vt 0.912468 0.613322
vt 0.917672 0.615039
vt 0.912425 0.614724
vt 0.917639 0.616634
vt 0.912706 0.616088
vt 0.922853 0.614917
vt 0.922508 0.616278
vt 0.922853 0.613517
vt 0.922523 0.612166
vt 0.922637 0.610682
vt 0.957450 0.587388
vt 0.950651 0.600865
vt 0.944963 0.596425
vt 0.948510 0.588971
vt 0.954714 0.604259
vt 0.966578 0.588687
vt 0.971931 0.597617
vt 0.959132 0.607809
vt 0.958353 0.570652
vt 0.971115 0.559524
vt 0.971115 0.572426
vt 0.964370 0.575492
vt 0.965066 0.550599
vt 0.953728 0.567499
vt 0.949481 0.564831
vt 0.954576 0.549328
vt 0.950867 0.624423
vt 0.940665 0.620960
vt 0.941852 0.585043
vt 0.937138 0.575980
vt 0.952090 0.587345
vt 0.936820 0.611190
vt 0.984368 0.544647
vt 0.992205 0.544647
vt 0.992205 0.552987
vt 0.984368 0.552987
vt 0.943754 0.560784
vt 0.944964 0.552699
vt 0.936820 0.566620
vt 0.937387 0.601679
vt 0.984410 0.574993
vt 0.991980 0.574993
vt 0.991980 0.583049
vt 0.984410 0.583049
vt 0.965353 0.613617
vt 0.963530 0.621442
vt 0.963366 0.583039
vt 0.971931 0.609133
vt 0.978426 0.626342
vt 0.972316 0.620585
vt 0.975560 0.614570
vt 0.981453 0.616151
vt 0.981717 0.611795
vt 0.974581 0.610840
vt 0.976429 0.607650
vt 0.982534 0.607730
vt 0.974893 0.600696
vt 0.982110 0.599579
vt 0.980648 0.594388
vt 0.971974 0.597249
vt 0.972271 0.592537
vt 0.979823 0.587388
vt 0.913586 0.585362
vt 0.912425 0.576275
vt 0.919812 0.577119
vt 0.920141 0.583574
vt 0.988452 0.573484
vt 0.984410 0.572865
vt 0.984410 0.565879
vt 0.988452 0.565260
vt 0.988897 0.593231
vt 0.987834 0.587654
vt 0.988037 0.608328
vt 0.988897 0.598752
vt 0.988060 0.612763
vt 0.985075 0.626151
vt 0.987072 0.617210
vt 0.924325 0.585417
vt 0.924548 0.574981
vt 0.914871 0.571507
vt 0.916939 0.566972
vt 0.926495 0.570488
vt 0.916258 0.589182
vt 0.930822 0.549328
vt 0.936777 0.550597
vt 0.922896 0.621346
vt 0.922896 0.616684
vt 0.928318 0.616594
vt 0.928318 0.621437
vt 0.912771 0.599124
vt 0.918402 0.592927
vt 0.931742 0.606918
vt 0.928694 0.610271
vt 0.926361 0.589135
vt 0.936777 0.605354
vt 0.936759 0.617081
vt 0.933316 0.617633
vt 0.933316 0.610314
vt 0.936759 0.610865
vt 0.975152 0.576667
vt 0.977361 0.573818
vt 0.979737 0.578468
vt 0.977782 0.579158
vt 0.981229 0.573533
vt 0.984361 0.576334
vt 0.981600 0.577601
vt 0.975214 0.580339
vt 0.977973 0.583048
vt 0.984361 0.580457
vt 0.981665 0.583049
vt 0.978025 0.554096
vt 0.975298 0.551520
vt 0.977830 0.550338
vt 0.984320 0.547479
vt 0.984320 0.551407
vt 0.981626 0.548733
vt 0.981863 0.554354
vt 0.979710 0.549433
vt 0.977355 0.544896
vt 0.981296 0.544647
vt 0.975152 0.547845
vt 0.928019 0.613465
vt 0.932906 0.613312
vt 0.932898 0.614987
vt 0.928064 0.614832
vt 0.933273 0.616515
vt 0.928061 0.616308
vt 0.928037 0.610403
vt 0.933258 0.610394
vt 0.933273 0.611873
vt 0.928014 0.611985
vt 0.922897 0.611892
vt 0.923279 0.613320
vt 0.922925 0.610314
vt 0.923275 0.615000
vt 0.922896 0.616551
vt 0.931109 0.479052
vt 0.932363 0.484504
vt 0.928412 0.486967
vt 0.925483 0.480232
vt 0.943473 0.499642
vt 0.948139 0.498827
vt 0.946624 0.503615
vt 0.948139 0.492215
vt 0.942482 0.492988
vt 0.944462 0.489294
vt 0.946416 0.488952
vt 0.941953 0.477918
vt 0.941652 0.484513
vt 0.939540 0.484557
vt 0.939059 0.477963
vt 0.940235 0.489530
vt 0.942267 0.489570
vt 0.942370 0.494800
vt 0.940945 0.494551
vt 0.942482 0.477774
vt 0.943677 0.474286
vt 0.945698 0.474263
vt 0.948192 0.477626
vt 0.948192 0.484352
vt 0.943454 0.484305
vt 0.940320 0.501250
vt 0.942442 0.501525
vt 0.941767 0.505656
vt 0.939197 0.505288
vt 0.939181 0.474274
vt 0.942442 0.474263
vt 0.945628 0.488912
vt 0.946044 0.538046
vt 0.945840 0.531521
vt 0.950541 0.531524
vt 0.950561 0.538046
vt 0.933460 0.489341
vt 0.927742 0.475788
vt 0.929997 0.475646
vt 0.933451 0.478401
vt 0.934341 0.484184
vt 0.935613 0.489124
vt 0.936390 0.494640
vt 0.934851 0.494560
vt 0.933488 0.474883
vt 0.935578 0.474263
vt 0.939018 0.477478
vt 0.939018 0.484632
vt 0.935047 0.501722
vt 0.937325 0.501742
vt 0.937140 0.506197
vt 0.934375 0.506136
vt 0.913326 0.489106
vt 0.913216 0.476464
vt 0.925442 0.485460
vt 0.920901 0.491614
vt 0.904547 0.487973
vt 0.905472 0.498512
vt 0.896497 0.499395
vt 0.892667 0.491516
vt 0.896375 0.523322
vt 0.888372 0.535308
vt 0.883217 0.525350
vt 0.890878 0.519788
vt 0.905484 0.517475
vt 0.905867 0.509438
vt 0.911279 0.509024
vt 0.912239 0.517157
vt 0.902955 0.541650
vt 0.903972 0.525819
vt 0.911464 0.498925
vt 0.897874 0.509536
vt 0.913061 0.539570
vt 0.910391 0.525592
vt 0.896646 0.516443
vt 0.891699 0.514301
vt 0.884978 0.509175
vt 0.887597 0.508276
vt 0.893161 0.509249
vt 0.891855 0.501462
vt 0.887781 0.496550
vt 0.886794 0.504700
vt 0.889333 0.504584
vt 0.889827 0.507434
vt 0.881208 0.510594
vt 0.939976 0.528125
vt 0.945799 0.529164
vt 0.945799 0.535921
vt 0.939976 0.536614
vt 0.920481 0.508587
vt 0.918956 0.516354
vt 0.921964 0.500087
vt 0.921821 0.523089
vt 0.925442 0.531338
vt 0.934636 0.529164
vt 0.934636 0.535921
vt 0.883231 0.490479
vt 0.883957 0.505100
vt 0.888334 0.480704
vt 0.902362 0.474263
vt 0.948978 0.520685
vt 0.948209 0.517479
vt 0.950770 0.517457
vt 0.950201 0.520673
vt 0.943723 0.522726
vt 0.936293 0.522728
vt 0.934636 0.517379
vt 0.943719 0.517377
vt 0.926867 0.522517
vt 0.934577 0.522515
vt 0.934595 0.528074
vt 0.931221 0.528081
vt 0.934570 0.511607
vt 0.927128 0.511606
vt 0.931298 0.506238
vt 0.934595 0.506258
vt 0.950744 0.510659
vt 0.948183 0.510682
vt 0.949991 0.488952
vt 0.950770 0.492266
vt 0.948209 0.492289
vt 0.948768 0.488961
vt 0.950755 0.499331
vt 0.948193 0.499354
vt 0.943717 0.511818
vt 0.936005 0.511817
vt 0.940340 0.506238
vt 0.943744 0.506259
vt 0.950742 0.505059
vt 0.948180 0.505082
vt 0.934572 0.516957
vt 0.925483 0.516959
vt 0.943744 0.528075
vt 0.940478 0.528084
vt 0.944988 0.525006
vt 0.943835 0.523117
vt 0.947619 0.523011
vt 0.946794 0.524954
vt 0.943808 0.512524
vt 0.947592 0.512419
vt 0.947570 0.518946
vt 0.943785 0.519052
vt 0.948233 0.484054
vt 0.952928 0.484054
vt 0.952985 0.487378
vt 0.950814 0.487401
vt 0.952909 0.477531
vt 0.948350 0.477528
vt 0.950773 0.474263
vt 0.952985 0.474333
vt 0.946461 0.506238
vt 0.947619 0.508192
vt 0.943835 0.508298
vt 0.944654 0.506287
vt 0.948356 0.528125
vt 0.950626 0.528201
vt 0.950626 0.541245
vt 0.948515 0.541273
vt 0.933461 0.542266
vt 0.930748 0.544692
vt 0.931069 0.541169
vt 0.927397 0.544445
vt 0.925483 0.541978
vt 0.927762 0.539820
vt 0.929455 0.540418
vt 0.925537 0.538796
vt 0.927927 0.536450
vt 0.933461 0.538694
vt 0.931125 0.536449
vt 0.951402 0.531430
vt 0.950667 0.531325
vt 0.950768 0.529870
vt 0.951664 0.529994
vt 0.939399 0.538152
vt 0.937485 0.538744
vt 0.937864 0.536654
vt 0.937840 0.541518
vt 0.940172 0.540891
vt 0.939540 0.542546
vt 0.938738 0.542795
vt 0.937387 0.539991
vt 0.936617 0.541270
vt 0.934694 0.540708
vt 0.934636 0.539246
vt 0.935046 0.537938
vt 0.937387 0.538532
vt 0.951684 0.535050
vt 0.950825 0.535025
vt 0.950805 0.532812
vt 0.951406 0.532924
vt 0.935932 0.536654
vt 0.936758 0.536877
vt 0.937428 0.540209
vt 0.940172 0.539430
vt 0.951069 0.528125
vt 0.952154 0.528291
vt 0.952091 0.541545
vt 0.950712 0.541539
vt 0.950931 0.539995
vt 0.952154 0.539986
vt 0.935050 0.542832
vt 0.951051 0.538630
vt 0.952118 0.538613
vt 0.951956 0.537157
vt 0.951063 0.537166
vt 0.933460 0.534002
vt 0.931154 0.532985
vt 0.933460 0.530670
vt 0.931359 0.528122
vt 0.929459 0.532427
vt 0.927903 0.531550
vt 0.928061 0.528287
vt 0.925598 0.530532
vt 0.925483 0.533976
vt 0.930993 0.536408
vt 0.927736 0.536330
vt 0.566904 0.039970
vt 0.565966 0.039781
vt 0.565740 0.035962
vt 0.567158 0.035907
vt 0.565167 0.040373
vt 0.564339 0.036596
vt 0.567158 0.031850
vt 0.565552 0.032256
vt 0.565346 0.025386
vt 0.566791 0.024906
vt 0.566387 0.043452
vt 0.563912 0.032571
vt 0.563998 0.024679
vt 0.563621 0.016909
vt 0.563771 0.017703
vt 0.560857 0.017905
vt 0.560586 0.016587
vt 0.564003 0.018564
vt 0.561239 0.019227
vt 0.557581 0.016745
vt 0.557843 0.018222
vt 0.551963 0.017707
vt 0.551444 0.016587
vt 0.566810 0.017397
vt 0.558298 0.019553
vt 0.551815 0.018865
vt 0.581243 0.037780
vt 0.580633 0.037368
vt 0.580471 0.034214
vt 0.581550 0.034661
vt 0.579850 0.037524
vt 0.579279 0.034180
vt 0.582103 0.031507
vt 0.580707 0.031032
vt 0.580945 0.024679
vt 0.582103 0.024785
vt 0.580860 0.040492
vt 0.579239 0.030973
vt 0.579880 0.025170
vt 0.578800 0.037166
vt 0.578004 0.037150
vt 0.577862 0.034037
vt 0.579220 0.034094
vt 0.577238 0.037069
vt 0.576579 0.033920
vt 0.579215 0.030964
vt 0.577775 0.030728
vt 0.578105 0.024807
vt 0.579220 0.024679
vt 0.578076 0.040546
vt 0.576227 0.030947
vt 0.577084 0.025303
vt 0.558133 0.027853
vt 0.558963 0.027910
vt 0.557941 0.031049
vt 0.556569 0.031028
vt 0.559858 0.027956
vt 0.559370 0.031174
vt 0.556081 0.034407
vt 0.557555 0.034598
vt 0.558934 0.040582
vt 0.557826 0.040278
vt 0.559978 0.024679
vt 0.558991 0.034527
vt 0.559978 0.040106
vt 0.554197 0.028192
vt 0.555091 0.028401
vt 0.554622 0.032141
vt 0.553101 0.031864
vt 0.555984 0.028413
vt 0.556062 0.032241
vt 0.552504 0.035757
vt 0.554087 0.035950
vt 0.554688 0.043158
vt 0.553471 0.042606
vt 0.555564 0.024679
vt 0.555711 0.036169
vt 0.556062 0.043316
vt 0.573124 0.038916
vt 0.572435 0.038616
vt 0.571922 0.035202
vt 0.573001 0.035351
vt 0.571629 0.038925
vt 0.570583 0.035381
vt 0.573195 0.031764
vt 0.571899 0.031871
vt 0.571753 0.025304
vt 0.572974 0.025383
vt 0.573195 0.042015
vt 0.570441 0.031824
vt 0.570670 0.024679
vt 0.936807 0.672141
vt 0.936843 0.672225
vt 0.932662 0.674687
vt 0.931642 0.673399
vt 0.936899 0.672298
vt 0.933294 0.676205
vt 0.929776 0.676387
vt 0.929161 0.675241
vt 0.930480 0.677480
vt 0.920182 0.637634
vt 0.920132 0.637633
vt 0.920123 0.637552
vt 0.920118 0.637712
vt 0.925757 0.637817
vt 0.925179 0.640249
vt 0.928530 0.637908
vt 0.928706 0.640480
vt 0.932815 0.638048
vt 0.928874 0.635353
vt 0.927581 0.677679
vt 0.930649 0.678908
vt 0.926775 0.678154
vt 0.925340 0.635353
vt 0.934054 0.677614
vt 0.936972 0.672351
vt 0.927995 0.674401
vt 0.930778 0.672051
vt 0.936796 0.672051
vt 0.922138 0.714686
vt 0.922069 0.714744
vt 0.918565 0.711466
vt 0.919569 0.710033
vt 0.922016 0.714817
vt 0.917202 0.712563
vt 0.916138 0.709196
vt 0.917098 0.708221
vt 0.915230 0.710218
vt 0.764833 0.643019
vt 0.764885 0.643018
vt 0.764897 0.643099
vt 0.764895 0.642937
vt 0.759190 0.643101
vt 0.759685 0.640464
vt 0.756443 0.643141
vt 0.756136 0.640464
vt 0.752149 0.643203
vt 0.756213 0.645825
vt 0.914251 0.707430
vt 0.913840 0.710809
vt 0.913573 0.706796
vt 0.759761 0.645722
vt 0.915977 0.713780
vt 0.921987 0.714904
vt 0.917595 0.706796
vt 0.920701 0.708730
vt 0.922223 0.714652
vt 0.917512 0.803769
vt 0.917460 0.803695
vt 0.920988 0.800432
vt 0.922327 0.801522
vt 0.917390 0.803637
vt 0.920006 0.799012
vt 0.923432 0.798172
vt 0.924321 0.799191
vt 0.922486 0.797207
vt 0.803698 0.643011
vt 0.803749 0.643010
vt 0.803761 0.643090
vt 0.803758 0.642929
vt 0.798069 0.643116
vt 0.798547 0.640518
vt 0.795318 0.643167
vt 0.795003 0.640518
vt 0.791030 0.643246
vt 0.795101 0.645825
vt 0.925322 0.796425
vt 0.922002 0.795794
vt 0.926004 0.795794
vt 0.798642 0.645694
vt 0.918900 0.797722
vt 0.917306 0.803601
vt 0.925691 0.799783
vt 0.923526 0.802725
vt 0.917541 0.803855
vt 0.918065 0.678821
vt 0.918013 0.678747
vt 0.921542 0.675484
vt 0.922881 0.676575
vt 0.917943 0.678689
vt 0.920559 0.674064
vt 0.923985 0.673225
vt 0.924874 0.674244
vt 0.923039 0.672259
vt 0.778144 0.643011
vt 0.778093 0.643010
vt 0.778083 0.642929
vt 0.778080 0.643091
vt 0.783772 0.643116
vt 0.783199 0.645694
vt 0.786523 0.643167
vt 0.786740 0.645825
vt 0.790812 0.643246
vt 0.786839 0.640518
vt 0.925875 0.671477
vt 0.922556 0.670846
vt 0.926557 0.670846
vt 0.783295 0.640518
vt 0.919454 0.672775
vt 0.917859 0.678654
vt 0.926244 0.674836
vt 0.924079 0.677778
vt 0.918094 0.678908
vt 0.932541 0.658650
vt 0.932471 0.658709
vt 0.928917 0.655460
vt 0.929879 0.654053
vt 0.932419 0.658783
vt 0.927602 0.656544
vt 0.926458 0.653212
vt 0.927391 0.652254
vt 0.925588 0.654227
vt 0.855826 0.643004
vt 0.855775 0.643003
vt 0.855765 0.642922
vt 0.855762 0.643083
vt 0.861440 0.643130
vt 0.860865 0.645667
vt 0.864194 0.643192
vt 0.864400 0.645825
vt 0.868478 0.643288
vt 0.864518 0.640570
vt 0.924565 0.651482
vt 0.924236 0.654821
vt 0.923879 0.650855
vt 0.860979 0.640570
vt 0.926429 0.657733
vt 0.932390 0.658869
vt 0.927861 0.650855
vt 0.930959 0.652778
vt 0.932624 0.658614
vt 0.913716 0.721267
vt 0.913688 0.721185
vt 0.917811 0.719131
vt 0.918711 0.720454
vt 0.913639 0.721113
vt 0.917298 0.717616
vt 0.920791 0.717648
vt 0.921276 0.718899
vt 0.920085 0.716507
vt 0.894525 0.642927
vt 0.894473 0.642925
vt 0.894464 0.642843
vt 0.894459 0.643006
vt 0.900219 0.643094
vt 0.899627 0.645614
vt 0.903035 0.643177
vt 0.903213 0.645825
vt 0.905779 0.643258
vt 0.907071 0.643296
vt 0.906537 0.644422
vt 0.906604 0.642139
vt 0.903368 0.640544
vt 0.899776 0.640544
vt 0.916639 0.716213
vt 0.913573 0.721058
vt 0.923072 0.715824
vt 0.919895 0.715122
vt 0.923412 0.715122
vt 0.923615 0.716241
vt 0.924356 0.715872
vt 0.923621 0.716926
vt 0.924386 0.717078
vt 0.922267 0.719885
vt 0.919434 0.721826
vt 0.913720 0.721353
vt 0.837078 0.691358
vt 0.836329 0.690573
vt 0.837638 0.690053
vt 0.838155 0.691345
vt 0.838944 0.690614
vt 0.838930 0.689539
vt 0.838198 0.688762
vt 0.837121 0.688742
vt 0.836347 0.689494
vt 0.837124 0.696187
vt 0.836353 0.695448
vt 0.837648 0.694898
vt 0.836684 0.687752
vt 0.838597 0.687752
vt 0.839945 0.689127
vt 0.839928 0.691035
vt 0.835343 0.691001
vt 0.835340 0.689103
vt 0.838559 0.692354
vt 0.836666 0.692340
vt 0.457817 0.910612
vt 0.470431 0.893238
vt 0.478449 0.900407
vt 0.481360 0.866192
vt 0.500063 0.874714
vt 0.487003 0.892666
vt 0.474970 0.884451
vt 0.461429 0.890304
vt 0.462235 0.881338
vt 0.462903 0.863167
vt 0.463062 0.852637
vt 0.484464 0.856128
vt 0.486938 0.931021
vt 0.500227 0.952142
vt 0.478140 0.959849
vt 0.473188 0.939120
vt 0.504706 0.864656
vt 0.478073 0.922630
vt 0.469319 0.929472
vt 0.457220 0.960834
vt 0.459388 0.941310
vt 0.459666 0.931732
vt 0.504706 0.964491
vt 0.480097 0.971949
vt 0.455387 0.972381
vt 0.450652 0.929940
vt 0.438312 0.954779
vt 0.446936 0.937963
vt 0.423075 0.942569
vt 0.437074 0.930850
vt 0.432667 0.964691
vt 0.443463 0.925000
vt 0.438968 0.917790
vt 0.413875 0.925997
vt 0.430847 0.920546
vt 0.414356 0.949603
vt 0.403301 0.929085
vt 0.437839 0.909512
vt 0.411891 0.907363
vt 0.429613 0.908862
vt 0.440006 0.901518
vt 0.417085 0.889427
vt 0.432576 0.897700
vt 0.401041 0.906170
vt 0.445191 0.894992
vt 0.428525 0.875071
vt 0.439803 0.888418
vt 0.407598 0.884277
vt 0.421786 0.866801
vt 0.452683 0.891064
vt 0.444597 0.866078
vt 0.450245 0.882939
vt 0.441287 0.856002
vt 0.569015 0.916679
vt 0.551855 0.926587
vt 0.549240 0.916827
vt 0.561871 0.909535
vt 0.504973 0.899519
vt 0.504973 0.879705
vt 0.514733 0.882320
vt 0.514733 0.896904
vt 0.532041 0.926587
vt 0.514881 0.916679
vt 0.522025 0.909535
vt 0.534656 0.916827
vt 0.578923 0.879705
vt 0.578923 0.899519
vt 0.569163 0.896904
vt 0.569163 0.882320
vt 0.514881 0.862545
vt 0.532041 0.852637
vt 0.534656 0.862397
vt 0.522025 0.869689
vt 0.551855 0.852637
vt 0.549240 0.862397
vt 0.569015 0.862545
vt 0.561871 0.869689
vt 0.775786 0.676876
vt 0.763954 0.675734
vt 0.764709 0.668697
vt 0.776390 0.669824
vt 0.858911 0.677764
vt 0.847041 0.678399
vt 0.846739 0.671328
vt 0.858457 0.670701
vt 0.882596 0.675734
vt 0.870764 0.676876
vt 0.870160 0.669824
vt 0.881841 0.668697
vt 0.823275 0.678908
vt 0.811389 0.678781
vt 0.811540 0.671705
vt 0.823275 0.671830
vt 0.787639 0.677764
vt 0.788093 0.670701
vt 0.894401 0.674339
vt 0.893495 0.667320
vt 0.835161 0.678781
vt 0.835010 0.671705
vt 0.799509 0.678399
vt 0.799811 0.671328
vt 0.752149 0.674339
vt 0.753055 0.667320
vt 0.118072 0.489595
vt 0.106874 0.496314
vt 0.099721 0.471701
vt 0.082296 0.490499
vt 0.075297 0.479474
vt 0.106874 0.447088
vt 0.118073 0.453807
vt 0.082297 0.452903
vt 0.093820 0.446758
vt 0.124507 0.478230
vt 0.093820 0.496644
vt 0.075297 0.463928
vt 0.124507 0.465171
vt 0.074637 0.466431
vt 0.865589 0.794819
vt 0.881885 0.797572
vt 0.882200 0.799106
vt 0.864720 0.796450
vt 0.763724 0.646875
vt 0.779542 0.646875
vt 0.777587 0.657897
vt 0.759305 0.651894
vt 0.891792 0.794520
vt 0.892688 0.794923
vt 0.752149 0.649349
vt 0.891010 0.718961
vt 0.895491 0.724046
vt 0.876451 0.730091
vt 0.874709 0.718961
vt 0.902906 0.721504
vt 0.895716 0.730783
vt 0.882892 0.739394
vt 0.857683 0.734919
vt 0.857812 0.737336
vt 0.795622 0.665304
vt 0.793103 0.667100
vt 0.771148 0.667102
vt 0.853611 0.775148
vt 0.850882 0.776889
vt 0.850007 0.776451
vt 0.853058 0.774330
vt 0.850911 0.779227
vt 0.849959 0.779296
vt 0.795745 0.662979
vt 0.758887 0.658534
vt 0.887869 0.785435
vt 0.875441 0.776068
vt 0.876100 0.774330
vt 0.889207 0.784621
vt 0.860331 0.739324
vt 0.905540 0.820635
vt 0.918713 0.822860
vt 0.918967 0.824100
vt 0.904838 0.821953
vt 0.903811 0.681741
vt 0.916598 0.681741
vt 0.915017 0.690650
vt 0.900240 0.685798
vt 0.926720 0.820393
vt 0.927445 0.820719
vt 0.894455 0.683741
vt 0.884622 0.681574
vt 0.888244 0.685685
vt 0.872853 0.690571
vt 0.871445 0.681574
vt 0.894238 0.683630
vt 0.888426 0.691130
vt 0.878059 0.698091
vt 0.857683 0.694474
vt 0.857787 0.696427
vt 0.929595 0.696638
vt 0.927559 0.698089
vt 0.909812 0.698091
vt 0.895858 0.804734
vt 0.893653 0.806142
vt 0.892945 0.805788
vt 0.895411 0.804073
vt 0.893676 0.808032
vt 0.892906 0.808088
vt 0.929695 0.694758
vt 0.899902 0.691166
vt 0.923549 0.813050
vt 0.913504 0.805478
vt 0.914037 0.804073
vt 0.924631 0.812392
vt 0.859823 0.698034
vt 0.935129 0.823585
vt 0.936110 0.812657
vt 0.939385 0.812947
vt 0.937762 0.824100
vt 0.933759 0.823349
vt 0.933303 0.812461
vt 0.930829 0.823620
vt 0.929389 0.823996
vt 0.927662 0.812904
vt 0.930434 0.812744
vt 0.930783 0.794471
vt 0.929010 0.794046
vt 0.935449 0.794332
vt 0.938077 0.794046
vt 0.933787 0.794670
vt 0.932439 0.772732
vt 0.933523 0.756315
vt 0.936255 0.757863
vt 0.934523 0.774112
vt 0.930924 0.772612
vt 0.930854 0.756575
vt 0.928864 0.773814
vt 0.927489 0.774026
vt 0.925184 0.757862
vt 0.928219 0.758077
vt 0.927962 0.740675
vt 0.926134 0.740339
vt 0.933085 0.740554
vt 0.936154 0.740339
vt 0.931157 0.740853
vt 0.909852 0.698335
vt 0.910838 0.707471
vt 0.908055 0.707474
vt 0.907736 0.698309
vt 0.911001 0.698309
vt 0.913355 0.707475
vt 0.906567 0.698464
vt 0.905721 0.707613
vt 0.907002 0.721680
vt 0.908469 0.721826
vt 0.910683 0.721681
vt 0.912108 0.721521
vt 0.904642 0.721806
vt 0.903124 0.707819
vt 0.904162 0.698362
vt 0.865589 0.819813
vt 0.881885 0.822566
vt 0.882200 0.824100
vt 0.864720 0.821444
vt 0.807536 0.646875
vt 0.823356 0.646875
vt 0.821400 0.657897
vt 0.803119 0.651894
vt 0.891792 0.819514
vt 0.892688 0.819917
vt 0.795962 0.649350
vt 0.891010 0.698309
vt 0.895491 0.703395
vt 0.876451 0.709440
vt 0.874709 0.698309
vt 0.902906 0.700852
vt 0.895716 0.710131
vt 0.882892 0.718743
vt 0.857683 0.714268
vt 0.857812 0.716684
vt 0.839435 0.665304
vt 0.836916 0.667100
vt 0.814961 0.667102
vt 0.853611 0.800142
vt 0.850882 0.801883
vt 0.850007 0.801446
vt 0.853058 0.799324
vt 0.850911 0.804221
vt 0.849959 0.804290
vt 0.839558 0.662979
vt 0.802700 0.658535
vt 0.887869 0.810430
vt 0.875441 0.801063
vt 0.876100 0.799324
vt 0.889207 0.809615
vt 0.860331 0.718673
vt 0.903061 0.770646
vt 0.916234 0.772871
vt 0.916489 0.774112
vt 0.902359 0.771964
vt 0.912480 0.723044
vt 0.925266 0.723044
vt 0.923686 0.731954
vt 0.908908 0.727101
vt 0.924242 0.770405
vt 0.924966 0.770731
vt 0.903124 0.725044
vt 0.919845 0.774330
vt 0.923467 0.778441
vt 0.908077 0.783327
vt 0.906669 0.774330
vt 0.929461 0.776385
vt 0.923649 0.783885
vt 0.913283 0.790847
vt 0.892906 0.787229
vt 0.893011 0.789183
vt 0.938264 0.737941
vt 0.936228 0.739393
vt 0.918481 0.739394
vt 0.893380 0.754745
vt 0.891174 0.756153
vt 0.890466 0.755799
vt 0.892933 0.754084
vt 0.891197 0.758043
vt 0.890427 0.758099
vt 0.938363 0.736061
vt 0.908571 0.732469
vt 0.921071 0.763061
vt 0.911025 0.755490
vt 0.911559 0.754084
vt 0.922152 0.762403
vt 0.895047 0.790790
vt 0.864682 0.770073
vt 0.880034 0.772666
vt 0.880330 0.774112
vt 0.863864 0.771609
vt 0.893497 0.648048
vt 0.908399 0.648048
vt 0.906557 0.658431
vt 0.889335 0.652776
vt 0.889365 0.769791
vt 0.890210 0.770172
vt 0.882594 0.650379
vt 0.871171 0.647853
vt 0.875391 0.652645
vt 0.857455 0.658339
vt 0.855815 0.647853
vt 0.882376 0.650249
vt 0.875604 0.658990
vt 0.863523 0.667102
vt 0.839776 0.662887
vt 0.839898 0.665163
vt 0.923545 0.665408
vt 0.921172 0.667100
vt 0.900491 0.667102
vt 0.853399 0.751543
vt 0.850829 0.753183
vt 0.850004 0.752771
vt 0.852878 0.750772
vt 0.850856 0.755386
vt 0.849959 0.755451
vt 0.923661 0.663218
vt 0.888942 0.659032
vt 0.885670 0.761234
vt 0.873963 0.752410
vt 0.874584 0.750772
vt 0.886930 0.760467
vt 0.842271 0.667036
vt 0.895970 0.742911
vt 0.895954 0.742995
vt 0.891454 0.742760
vt 0.891339 0.741213
vt 0.895961 0.743080
vt 0.891178 0.744286
vt 0.888083 0.742584
vt 0.888285 0.741213
vt 0.888141 0.743968
vt 0.905330 0.803355
vt 0.905277 0.803386
vt 0.905218 0.803305
vt 0.905317 0.803478
vt 0.910353 0.800455
vt 0.911034 0.802405
vt 0.912356 0.799299
vt 0.913511 0.801106
vt 0.916535 0.796886
vt 0.911368 0.797395
vt 0.917088 0.798018
vt 0.914541 0.802430
vt 0.909005 0.798890
vt 0.911148 0.803855
vt 0.905325 0.803580
vt 0.910736 0.795841
vt 0.915831 0.795841
vt 0.907806 0.798066
vt 0.905133 0.803247
vt 0.861287 0.743094
vt 0.861272 0.743176
vt 0.856807 0.742879
vt 0.856701 0.741213
vt 0.861277 0.743261
vt 0.856482 0.744516
vt 0.853441 0.742655
vt 0.853652 0.741214
vt 0.853459 0.744112
vt 0.893110 0.803304
vt 0.893057 0.803336
vt 0.892995 0.803254
vt 0.893100 0.803429
vt 0.898143 0.800282
vt 0.898884 0.802300
vt 0.900082 0.799118
vt 0.901292 0.800979
vt 0.904317 0.796574
vt 0.899008 0.797174
vt 0.904915 0.797709
vt 0.902445 0.802349
vt 0.896710 0.798679
vt 0.899016 0.803855
vt 0.893107 0.803533
vt 0.898340 0.795512
vt 0.903596 0.795512
vt 0.895399 0.797832
vt 0.892906 0.803200
vt 0.872836 0.743054
vt 0.872820 0.743136
vt 0.868351 0.742853
vt 0.868242 0.741213
vt 0.872826 0.743221
vt 0.868035 0.744465
vt 0.864985 0.742639
vt 0.865194 0.741213
vt 0.865012 0.744079
vt 0.894821 0.678370
vt 0.894767 0.678402
vt 0.894706 0.678320
vt 0.894811 0.678495
vt 0.899851 0.675374
vt 0.900578 0.677376
vt 0.901801 0.674212
vt 0.903000 0.676061
vt 0.906022 0.671698
vt 0.900747 0.672278
vt 0.906610 0.672833
vt 0.904125 0.677421
vt 0.898437 0.673781
vt 0.900705 0.678908
vt 0.894817 0.678598
vt 0.900087 0.670641
vt 0.905305 0.670641
vt 0.897151 0.672940
vt 0.894619 0.678264
vt 0.873065 0.743221
vt 0.873070 0.743137
vt 0.877540 0.742853
vt 0.877855 0.744465
vt 0.873054 0.743054
vt 0.877649 0.741213
vt 0.880905 0.742639
vt 0.880879 0.744079
vt 0.880697 0.741213
vt 0.842546 0.643011
vt 0.842597 0.643010
vt 0.842610 0.643091
vt 0.842607 0.642929
vt 0.836918 0.643116
vt 0.837395 0.640518
vt 0.834167 0.643167
vt 0.833851 0.640518
vt 0.829878 0.643246
vt 0.833950 0.645825
vt 0.798532 0.696183
vt 0.801928 0.693650
vt 0.802902 0.694916
vt 0.798532 0.697199
vt 0.837491 0.645694
vt 0.805570 0.692311
vt 0.804218 0.691213
vt 0.806239 0.685987
vt 0.806334 0.686013
vt 0.794160 0.694921
vt 0.795132 0.693653
vt 0.792840 0.691219
vt 0.791489 0.692319
vt 0.790811 0.685987
vt 0.790719 0.686020
vt 0.819351 0.684181
vt 0.819334 0.684275
vt 0.814291 0.683970
vt 0.814164 0.682151
vt 0.819340 0.684370
vt 0.813946 0.685759
vt 0.810498 0.683740
vt 0.810731 0.682151
vt 0.810537 0.685345
vt 0.855480 0.643004
vt 0.855531 0.643003
vt 0.855544 0.643084
vt 0.855540 0.642922
vt 0.849866 0.643130
vt 0.850326 0.640570
vt 0.847111 0.643192
vt 0.846788 0.640570
vt 0.842827 0.643288
vt 0.846906 0.645825
vt 0.814397 0.696183
vt 0.817792 0.693657
vt 0.818751 0.694914
vt 0.814398 0.697199
vt 0.850440 0.645667
vt 0.821413 0.692305
vt 0.820083 0.691222
vt 0.822109 0.686005
vt 0.822204 0.686030
vt 0.810042 0.694919
vt 0.811000 0.693661
vt 0.808706 0.691228
vt 0.807376 0.692313
vt 0.806672 0.686005
vt 0.806579 0.686038
vt 0.790728 0.684349
vt 0.790736 0.684255
vt 0.795750 0.684003
vt 0.796065 0.685742
vt 0.790719 0.684161
vt 0.795889 0.682241
vt 0.799561 0.683811
vt 0.799472 0.685398
vt 0.799313 0.682241
vt 0.919835 0.642927
vt 0.919887 0.642925
vt 0.919900 0.643006
vt 0.919896 0.642843
vt 0.914141 0.643094
vt 0.914584 0.640543
vt 0.911325 0.643177
vt 0.910992 0.640543
vt 0.908581 0.643258
vt 0.907289 0.643296
vt 0.907756 0.642139
vt 0.907823 0.644422
vt 0.911147 0.645825
vt 0.914734 0.645614
vt 0.835095 0.691278
vt 0.833648 0.690432
vt 0.834849 0.684974
vt 0.834947 0.684985
vt 0.829677 0.696071
vt 0.831758 0.693189
vt 0.832877 0.694272
vt 0.829996 0.696853
vt 0.828776 0.696184
vt 0.828776 0.697199
vt 0.827874 0.696072
vt 0.827556 0.696855
vt 0.823895 0.690439
vt 0.825789 0.693194
vt 0.824671 0.694278
vt 0.822449 0.691287
vt 0.822684 0.684974
vt 0.822589 0.684993
vt 0.884603 0.742402
vt 0.849959 0.742424
vt 0.861505 0.742418
vt 0.884385 0.742418
vt 0.806579 0.683502
vt 0.803494 0.683614
vt 0.803004 0.684398
vt 0.802927 0.682882
vt 0.838198 0.696210
vt 0.838934 0.695426
vt 0.838946 0.694357
vt 0.838186 0.693582
vt 0.837099 0.693601
vt 0.836343 0.694371
vt 0.835357 0.693929
vt 0.836711 0.692600
vt 0.838589 0.692600
vt 0.839930 0.693920
vt 0.836702 0.697199
vt 0.835340 0.695838
vt 0.839947 0.695833
vt 0.838615 0.697199
vt 0.934635 0.715212
vt 0.934671 0.715296
vt 0.930490 0.717758
vt 0.929470 0.716470
vt 0.934728 0.715369
vt 0.931123 0.719276
vt 0.927604 0.719458
vt 0.926990 0.718312
vt 0.928309 0.720551
vt 0.920182 0.642979
vt 0.920132 0.642978
vt 0.920123 0.642897
vt 0.920118 0.643057
vt 0.925757 0.643162
vt 0.925179 0.645594
vt 0.928530 0.643253
vt 0.928706 0.645825
vt 0.932815 0.643394
vt 0.928874 0.640698
vt 0.925410 0.720751
vt 0.928478 0.721978
vt 0.924604 0.721225
vt 0.925340 0.640698
vt 0.931883 0.720685
vt 0.934801 0.715422
vt 0.925824 0.717471
vt 0.928606 0.715122
vt 0.934625 0.715122
vt 0.913780 0.706491
vt 0.913727 0.706418
vt 0.917230 0.703140
vt 0.918594 0.704237
vt 0.913657 0.706360
vt 0.916227 0.701707
vt 0.919657 0.700869
vt 0.920566 0.701892
vt 0.918697 0.699895
vt 0.765178 0.643019
vt 0.765127 0.643018
vt 0.765117 0.642937
vt 0.765115 0.643099
vt 0.770821 0.643101
vt 0.770250 0.645722
vt 0.773569 0.643141
vt 0.773798 0.645825
vt 0.777862 0.643203
vt 0.773876 0.640464
vt 0.921545 0.699104
vt 0.918201 0.698469
vt 0.922223 0.698469
vt 0.770326 0.640464
vt 0.915094 0.700404
vt 0.913573 0.706325
vt 0.921955 0.702482
vt 0.919819 0.705454
vt 0.913809 0.706578
vt 0.922647 0.714817
vt 0.922594 0.714744
vt 0.926123 0.711480
vt 0.927462 0.712571
vt 0.922525 0.714685
vt 0.925141 0.710060
vt 0.928567 0.709221
vt 0.929455 0.710240
vt 0.927620 0.708255
vt 0.816647 0.643012
vt 0.816698 0.643010
vt 0.816711 0.643091
vt 0.816708 0.642929
vt 0.811019 0.643116
vt 0.811496 0.640518
vt 0.808267 0.643167
vt 0.807952 0.640518
vt 0.803979 0.643246
vt 0.808051 0.645825
vt 0.930457 0.707474
vt 0.927137 0.706843
vt 0.931139 0.706843
vt 0.811592 0.645694
vt 0.924035 0.708771
vt 0.922441 0.714650
vt 0.930826 0.710832
vt 0.928661 0.713774
vt 0.922676 0.714904
vt 0.931055 0.706359
vt 0.930985 0.706417
vt 0.927456 0.703154
vt 0.928439 0.701734
vt 0.930933 0.706491
vt 0.926117 0.704245
vt 0.925013 0.700895
vt 0.925959 0.699929
vt 0.924124 0.701914
vt 0.816992 0.643011
vt 0.816941 0.643010
vt 0.816932 0.642929
vt 0.816929 0.643091
vt 0.822621 0.643116
vt 0.822048 0.645694
vt 0.825372 0.643167
vt 0.825589 0.645825
vt 0.829660 0.643246
vt 0.825687 0.640518
vt 0.923123 0.699147
vt 0.922754 0.702506
vt 0.922441 0.698517
vt 0.822143 0.640518
vt 0.924918 0.705448
vt 0.930904 0.706578
vt 0.926442 0.698517
vt 0.929544 0.700445
vt 0.931139 0.706324
vt 0.932541 0.666883
vt 0.932471 0.666941
vt 0.928917 0.663693
vt 0.929879 0.662286
vt 0.932419 0.667016
vt 0.927602 0.664777
vt 0.926458 0.661445
vt 0.927391 0.660487
vt 0.925588 0.662459
vt 0.868760 0.643004
vt 0.868709 0.643003
vt 0.868699 0.642922
vt 0.868696 0.643084
vt 0.874374 0.643130
vt 0.873799 0.645667
vt 0.877128 0.643192
vt 0.877334 0.645825
vt 0.881412 0.643288
vt 0.877451 0.640570
vt 0.924565 0.659714
vt 0.924236 0.663054
vt 0.923879 0.659087
vt 0.873913 0.640570
vt 0.926429 0.665966
vt 0.932390 0.667102
vt 0.927861 0.659087
vt 0.930959 0.661011
vt 0.932624 0.666846
vt 0.917575 0.678195
vt 0.917527 0.678267
vt 0.913403 0.676214
vt 0.913916 0.674698
vt 0.917498 0.678349
vt 0.912503 0.677537
vt 0.910423 0.674730
vt 0.911129 0.673589
vt 0.909938 0.675981
vt 0.881695 0.642927
vt 0.881643 0.642925
vt 0.881635 0.642843
vt 0.881630 0.643006
vt 0.887390 0.643094
vt 0.886797 0.645614
vt 0.890206 0.643177
vt 0.890383 0.645825
vt 0.892950 0.643258
vt 0.894242 0.643296
vt 0.893707 0.644422
vt 0.893774 0.642139
vt 0.890538 0.640544
vt 0.886946 0.640544
vt 0.911780 0.678908
vt 0.917494 0.678436
vt 0.907593 0.674008
vt 0.908947 0.676967
vt 0.906828 0.674160
vt 0.907599 0.673324
vt 0.906858 0.672954
vt 0.908142 0.672906
vt 0.907803 0.672204
vt 0.911319 0.672204
vt 0.914575 0.673296
vt 0.917641 0.678140
vt 0.836353 0.685746
vt 0.836369 0.684679
vt 0.837652 0.685206
vt 0.837112 0.686523
vt 0.838200 0.686505
vt 0.838954 0.685734
vt 0.838933 0.684667
vt 0.838190 0.683887
vt 0.837105 0.683906
vt 0.838604 0.682900
vt 0.839945 0.684253
vt 0.839943 0.686172
vt 0.838589 0.687507
vt 0.835355 0.684264
vt 0.836708 0.682900
vt 0.836708 0.687506
vt 0.835366 0.686182
vt 0.003745 0.639317
vt 0.001330 0.639230
vt 0.001330 0.516245
vt 0.003745 0.516331
vt 0.010973 0.639230
vt 0.008567 0.639448
vt 0.008566 0.516463
vt 0.010973 0.516245
vt 0.006152 0.639534
vt 0.006151 0.516549
vt 0.011590 0.507734
vt 0.009176 0.507629
vt 0.009177 0.386852
vt 0.011590 0.386958
vt 0.006763 0.507514
vt 0.006763 0.386737
vt 0.004349 0.507619
vt 0.004348 0.386843
vt 0.001935 0.507734
vt 0.001935 0.386958
vt 0.915856 0.428997
vt 0.908074 0.428333
vt 0.907085 0.425224
vt 0.914009 0.425878
vt 0.981741 0.442847
vt 0.982512 0.440329
vt 0.986479 0.441130
vt 0.984993 0.444043
vt 0.908361 0.429360
vt 0.915807 0.429868
vt 0.917560 0.431158
vt 0.907908 0.430894
vt 0.913787 0.424807
vt 0.906795 0.424173
vt 0.906567 0.422589
vt 0.915714 0.423794
vt 0.981849 0.452648
vt 0.981057 0.452841
vt 0.980867 0.442670
vt 0.981438 0.440246
vt 0.987427 0.441829
vt 0.986164 0.443805
vt 0.907013 0.416252
vt 0.916516 0.417455
vt 0.984911 0.450248
vt 0.917468 0.411665
vt 0.915284 0.414721
vt 0.907859 0.413754
vt 0.909326 0.410422
vt 0.986421 0.453637
vt 0.982425 0.454951
vt 0.916852 0.441979
vt 0.915033 0.443127
vt 0.907059 0.442937
vt 0.906844 0.441655
vt 0.907434 0.415023
vt 0.914895 0.416043
vt 0.909653 0.409750
vt 0.917560 0.410809
vt 0.981540 0.455000
vt 0.986151 0.450345
vt 0.987427 0.452434
vt 0.375202 0.076567
vt 0.375202 0.081832
vt 0.373007 0.081832
vt 0.373007 0.076567
vt 0.546876 0.822995
vt 0.546874 0.824580
vt 0.456020 0.824580
vt 0.456022 0.822994
vt 0.456018 0.820349
vt 0.317451 0.074179
vt 0.317451 0.068914
vt 0.317451 0.067685
vt 0.326589 0.065762
vt 0.326589 0.077773
vt 0.317451 0.075764
vt 0.546880 0.820348
vt 0.720703 0.461014
vt 0.728645 0.461018
vt 0.728658 0.464892
vt 0.720715 0.464888
vt 0.373007 0.071029
vt 0.373007 0.065764
vt 0.375619 0.065762
vt 0.375619 0.071027
vt 0.326877 0.037530
vt 0.333339 0.037507
vt 0.333339 0.044720
vt 0.326877 0.044743
vt 0.379402 0.027012
vt 0.379402 0.033473
vt 0.369108 0.033586
vt 0.369108 0.022602
vt 0.379402 0.025067
vt 0.311492 0.036297
vt 0.296761 0.036886
vt 0.298785 0.027768
vt 0.300293 0.027708
vt 0.306749 0.027450
vt 0.308693 0.027372
vt 0.789829 0.349719
vt 0.802301 0.282301
vt 0.802301 0.393249
vt 0.301105 0.048032
vt 0.299598 0.048092
vt 0.309506 0.047696
vt 0.307562 0.047773
vt 0.728645 0.489895
vt 0.720702 0.489891
vt 0.733440 0.475994
vt 0.329605 0.022602
vt 0.329605 0.037344
vt 0.320253 0.034861
vt 0.320253 0.032915
vt 0.320253 0.026454
vt 0.320253 0.024945
vt 0.357634 0.081084
vt 0.352370 0.081084
vt 0.351141 0.065762
vt 0.375575 0.076435
vt 0.373007 0.076426
vt 0.373007 0.071161
vt 0.375575 0.071170
vt 0.340518 0.024945
vt 0.347640 0.026471
vt 0.347640 0.032933
vt 0.340518 0.034861
vt 0.720752 0.400861
vt 0.728695 0.400868
vt 0.728689 0.404810
vt 0.720746 0.404803
vt 0.349310 0.060214
vt 0.347802 0.060214
vt 0.347802 0.041408
vt 0.357718 0.041408
vt 0.357718 0.060214
vt 0.355772 0.060214
vt 0.720723 0.431259
vt 0.728666 0.431265
vt 0.728663 0.434579
vt 0.720720 0.434571
vt 0.384095 0.102356
vt 0.385604 0.024087
vt 0.385604 0.102356
vt 0.320253 0.037507
vt 0.326715 0.037530
vt 0.326715 0.044743
vt 0.320253 0.044720
vt 0.334978 0.067685
vt 0.334978 0.068914
vt 0.334978 0.074179
vt 0.334978 0.075764
vt 0.538468 0.809643
vt 0.539368 0.810853
vt 0.536833 0.812725
vt 0.718383 0.375948
vt 0.718369 0.367195
vt 0.730557 0.367205
vt 0.730571 0.375959
vt 0.309548 0.097446
vt 0.306588 0.090868
vt 0.305136 0.054567
vt 0.777905 0.387102
vt 0.790157 0.392217
vt 0.306218 0.120380
vt 0.372257 0.120380
vt 0.363994 0.127885
vt 0.314481 0.127885
vt 0.470301 0.839805
vt 0.461516 0.832292
vt 0.528798 0.832292
vt 0.520013 0.839805
vt 0.745295 0.311778
vt 0.757469 0.306340
vt 0.758123 0.379351
vt 0.758235 0.413479
vt 0.745912 0.408166
vt 0.367547 0.080562
vt 0.371513 0.065762
vt 0.371513 0.095361
vt 0.456016 0.824743
vt 0.534298 0.824743
vt 0.758872 0.354151
vt 0.760310 0.310799
vt 0.762570 0.305966
vt 0.359352 0.080562
vt 0.363317 0.065762
vt 0.363317 0.095361
vt 0.300196 0.112851
vt 0.378278 0.112851
vt 0.546878 0.818763
vt 0.369108 0.037344
vt 0.357880 0.034982
vt 0.357880 0.033473
vt 0.357880 0.027012
vt 0.357880 0.025067
vt 0.456016 0.814397
vt 0.456016 0.812888
vt 0.537575 0.812888
vt 0.537575 0.814397
vt 0.335111 0.101086
vt 0.336340 0.071487
vt 0.336340 0.101086
vt 0.351009 0.065762
vt 0.351009 0.081084
vt 0.349780 0.081084
vt 0.344515 0.081084
vt 0.342930 0.081084
vt 0.342930 0.065762
vt 0.372699 0.036520
vt 0.730512 0.464893
vt 0.715318 0.475985
vt 0.718323 0.464887
vt 0.340602 0.100732
vt 0.338998 0.071176
vt 0.340226 0.071109
vt 0.535837 0.817092
vt 0.535837 0.818600
vt 0.457755 0.818600
vt 0.733435 0.418616
vt 0.347802 0.022602
vt 0.357718 0.022602
vt 0.732603 0.451273
vt 0.730500 0.461019
vt 0.456016 0.818763
vt 0.363450 0.080562
vt 0.367415 0.065762
vt 0.367415 0.095361
vt 0.733408 0.447117
vt 0.715286 0.447224
vt 0.718329 0.434570
vt 0.730517 0.434580
vt 0.311492 0.097368
vt 0.304644 0.090946
vt 0.303192 0.054645
vt 0.715318 0.389361
vt 0.733440 0.389377
vt 0.337668 0.065762
vt 0.338866 0.066035
vt 0.338866 0.106537
vt 0.337668 0.106811
vt 0.770517 0.305291
vt 0.770517 0.414524
vt 0.379402 0.034982
vt 0.758947 0.311039
vt 0.784207 0.285121
vt 0.775801 0.289128
vt 0.786277 0.290759
vt 0.788747 0.323404
vt 0.790308 0.283336
vt 0.788537 0.289606
vt 0.358381 0.136890
vt 0.358376 0.138934
vt 0.354913 0.139270
vt 0.354453 0.137214
vt 0.351004 0.140460
vt 0.350272 0.138191
vt 0.353097 0.144213
vt 0.350288 0.146803
vt 0.346506 0.142624
vt 0.358367 0.150150
vt 0.345493 0.139839
vt 0.347517 0.152305
vt 0.340134 0.146244
vt 0.369222 0.152305
vt 0.366446 0.146806
vt 0.370217 0.142631
vt 0.376592 0.146216
vt 0.338516 0.141868
vt 0.363638 0.144220
vt 0.365727 0.140476
vt 0.378184 0.141835
vt 0.371219 0.139855
vt 0.366458 0.138216
vt 0.361008 0.142860
vt 0.361832 0.139284
vt 0.358371 0.142407
vt 0.362295 0.137239
vt 0.355733 0.142855
vt 0.353948 0.132883
vt 0.358405 0.132172
vt 0.362826 0.132958
vt 0.367403 0.134240
vt 0.349326 0.134194
vt 0.344305 0.134881
vt 0.372367 0.134949
vt 0.377292 0.135429
vt 0.339346 0.135447
vt 0.348506 0.130690
vt 0.353263 0.129461
vt 0.358375 0.128790
vt 0.363439 0.129545
vt 0.368222 0.130740
vt 0.372930 0.131516
vt 0.377642 0.132063
vt 0.343814 0.131437
vt 0.339006 0.131897
vt 0.166116 0.448818
vt 0.144984 0.455475
vt 0.140689 0.445684
vt 0.160479 0.433926
vt 0.152745 0.423863
vt 0.136016 0.438363
vt 0.129370 0.431499
vt 0.142329 0.414901
vt 0.167107 0.488916
vt 0.146991 0.483922
vt 0.148226 0.474516
vt 0.169167 0.475682
vt 0.901434 0.066846
vt 0.921936 0.029594
vt 0.936202 0.037079
vt 0.914346 0.076757
vt 0.863521 0.175546
vt 0.874076 0.216278
vt 0.856407 0.219428
vt 0.851444 0.177660
vt 0.121418 0.426291
vt 0.131047 0.407466
vt 0.147553 0.464912
vt 0.168749 0.462247
vt 0.829944 0.051124
vt 0.822554 0.009601
vt 0.840814 0.007522
vt 0.841431 0.049019
vt 0.112658 0.422703
vt 0.118417 0.402680
vt 0.875962 0.171926
vt 0.890885 0.211220
vt 0.786356 0.134696
vt 0.741309 0.152481
vt 0.734685 0.131066
vt 0.783593 0.123145
vt 0.103331 0.421058
vt 0.105098 0.399860
vt 0.093830 0.421189
vt 0.091436 0.400216
vt 0.889314 0.059464
vt 0.907312 0.022397
vt 0.791178 0.145696
vt 0.751701 0.171774
vt 0.084472 0.423219
vt 0.077964 0.403223
vt 0.888245 0.166717
vt 0.906658 0.204826
vt 0.075723 0.427184
vt 0.065134 0.408528
vt 0.877338 0.054052
vt 0.891989 0.016095
vt 0.067920 0.432810
vt 0.053599 0.416303
vt 0.798127 0.155528
vt 0.765334 0.188350
vt 0.061255 0.439809
vt 0.044137 0.426531
vt 0.900614 0.159646
vt 0.921645 0.197616
vt 0.056073 0.448021
vt 0.036845 0.438404
vt 0.865341 0.050502
vt 0.875775 0.011197
vt 0.799859 0.068440
vt 0.770942 0.034970
vt 0.787024 0.023232
vt 0.808434 0.060854
vt 0.052558 0.457118
vt 0.031963 0.451488
vt 0.806701 0.163799
vt 0.781535 0.201712
vt 0.050947 0.466811
vt 0.029269 0.465321
vt 0.913714 0.150092
vt 0.936202 0.190198
vt 0.157013 0.534242
vt 0.146862 0.523074
vt 0.155822 0.513086
vt 0.168007 0.522078
vt 0.025425 0.514433
vt 0.038664 0.506706
vt 0.046999 0.518410
vt 0.035360 0.528900
vt 0.057312 0.394797
vt 0.072252 0.388324
vt 0.016548 0.447058
vt 0.022594 0.431392
vt 0.079841 0.555156
vt 0.083134 0.539834
vt 0.096998 0.541439
vt 0.096657 0.557008
vt 0.151951 0.403201
vt 0.138335 0.393928
vt 0.144050 0.544003
vt 0.136109 0.531151
vt 0.089554 0.384524
vt 0.165928 0.430858
vt 0.162577 0.412996
vt 0.170573 0.421114
vt 0.017745 0.499730
vt 0.032267 0.493739
vt 0.063204 0.549732
vt 0.069706 0.535436
vt 0.181651 0.492573
vt 0.183833 0.476613
vt 0.031593 0.416967
vt 0.013456 0.481298
vt 0.029382 0.479600
vt 0.129311 0.551344
vt 0.123855 0.536909
vt 0.106977 0.384563
vt 0.162660 0.501557
vt 0.176225 0.507960
vt 0.057516 0.528086
vt 0.048135 0.540640
vt 0.043451 0.404556
vt 0.183487 0.460779
vt 0.181074 0.445811
vt 0.110734 0.540731
vt 0.113220 0.555739
vt 0.013456 0.463780
vt 0.122930 0.387938
vt 0.177674 0.433622
vt 0.056675 0.476103
vt 0.051096 0.476851
vt 0.056224 0.467152
vt 0.115065 0.512764
vt 0.116742 0.517511
vt 0.107488 0.519724
vt 0.106767 0.514751
vt 0.102923 0.426015
vt 0.111260 0.427516
vt 0.065300 0.442947
vt 0.071254 0.436631
vt 0.081408 0.510697
vt 0.079182 0.515335
vt 0.070764 0.510294
vt 0.073876 0.506130
vt 0.142166 0.482799
vt 0.143918 0.492811
vt 0.139435 0.490750
vt 0.094415 0.426184
vt 0.058607 0.484893
vt 0.053587 0.486592
vt 0.122744 0.509183
vt 0.125304 0.513454
vt 0.126169 0.435375
vt 0.132144 0.441447
vt 0.060674 0.450320
vt 0.089609 0.513750
vt 0.088318 0.518723
vt 0.143228 0.474388
vt 0.086072 0.428048
vt 0.129529 0.504184
vt 0.132862 0.507844
vt 0.062197 0.493015
vt 0.057635 0.495656
vt 0.119100 0.430675
vt 0.057584 0.458473
vt 0.142528 0.465779
vt 0.098169 0.515124
vt 0.097893 0.520237
vt 0.067374 0.500164
vt 0.063482 0.503645
vt 0.139980 0.457193
vt 0.078257 0.431585
vt 0.135165 0.497964
vt 0.139146 0.500879
vt 0.734446 0.108701
vt 0.782621 0.111179
vt 0.136387 0.448074
vt 0.815915 0.071868
vt 0.821436 0.068092
vt 0.823317 0.071073
vt 0.817968 0.074684
vt 0.837822 0.220082
vt 0.839317 0.177398
vt 0.738361 0.087276
vt 0.784060 0.099262
vt 0.746051 0.067448
vt 0.787426 0.087880
vt 0.818610 0.217593
vt 0.827658 0.175047
vt 0.799566 0.211515
vt 0.816590 0.170495
vt 0.757089 0.049836
vt 0.792792 0.077424
vt 0.858665 0.008186
vt 0.853355 0.048784
vt 0.803800 0.084402
vt 0.809017 0.077126
vt 0.852561 0.060352
vt 0.862743 0.062032
vt 0.823104 0.158395
vt 0.815215 0.153228
vt 0.842614 0.060298
vt 0.800494 0.092891
vt 0.831611 0.162121
vt 0.840729 0.164230
vt 0.797597 0.101978
vt 0.796596 0.111491
vt 0.850428 0.164731
vt 0.797128 0.120918
vt 0.900910 0.137983
vt 0.892045 0.147764
vt 0.808557 0.146511
vt 0.872883 0.065634
vt 0.882096 0.154772
vt 0.803325 0.138761
vt 0.825010 0.064757
vt 0.833202 0.061853
vt 0.834383 0.066227
vt 0.827254 0.068870
vt 0.882907 0.071044
vt 0.871573 0.160120
vt 0.818385 0.055281
vt 0.799288 0.130200
vt 0.892641 0.078447
vt 0.860121 0.165719
vt 0.856494 0.174330
vt 0.901229 0.088708
vt 0.832969 0.158107
vt 0.841301 0.160025
vt 0.905523 0.101053
vt 0.906872 0.113445
vt 0.901294 0.113457
vt 0.899983 0.102411
vt 0.804331 0.094291
vt 0.801825 0.102635
vt 0.807009 0.136679
vt 0.811842 0.143762
vt 0.879391 0.150260
vt 0.888410 0.143625
vt 0.870776 0.070166
vt 0.861496 0.066618
vt 0.800928 0.111672
vt 0.850241 0.160944
vt 0.895830 0.091843
vt 0.812197 0.079440
vt 0.817947 0.149861
vt 0.895836 0.134886
vt 0.852131 0.064855
vt 0.801390 0.120806
vt 0.888568 0.082644
vt 0.852164 0.164117
vt 0.859419 0.158916
vt 0.807422 0.086366
vt 0.825131 0.154674
vt 0.842958 0.064754
vt 0.905491 0.125850
vt 0.899894 0.124444
vt 0.869712 0.155105
vt 0.803411 0.128910
vt 0.879802 0.075514
vt 0.802469 0.015391
vt 0.170576 0.428401
vt 0.174129 0.428814
vt 0.823723 0.066417
vt 0.820742 0.060241
vt 0.822797 0.066781
vt 0.172049 0.425882
vt 0.856085 0.169366
vt 0.856387 0.171751
vt 0.857289 0.169229
vt 0.971937 0.417731
vt 0.962162 0.419847
vt 0.959752 0.408687
vt 0.971042 0.408952
vt 0.948539 0.394841
vt 0.943229 0.397191
vt 0.941617 0.395620
vt 0.948755 0.392598
vt 0.950778 0.395625
vt 0.952034 0.393848
vt 0.943182 0.397628
vt 0.941034 0.395651
vt 0.948537 0.395265
vt 0.950421 0.395890
vt 0.942568 0.399350
vt 0.970678 0.419517
vt 0.964220 0.421106
vt 0.956953 0.403367
vt 0.956445 0.403696
vt 0.970954 0.419896
vt 0.964532 0.421434
vt 0.972371 0.417737
vt 0.942526 0.399345
vt 0.940043 0.398559
vt 0.942929 0.408769
vt 0.959161 0.401851
vt 0.939339 0.409135
vt 0.971555 0.408901
vt 0.956261 0.418048
vt 0.957803 0.419712
vt 0.950217 0.421701
vt 0.950551 0.419424
vt 0.948632 0.418097
vt 0.947089 0.420345
vt 0.939675 0.410237
vt 0.943330 0.410043
vt 0.957569 0.416052
vt 0.959641 0.416711
vt 0.949725 0.422039
vt 0.950244 0.419099
vt 0.948665 0.418067
vt 0.957126 0.416059
vt 0.956002 0.417709
vt 0.971939 0.396330
vt 0.962191 0.394172
vt 0.964252 0.392923
vt 0.970706 0.394548
vt 0.956872 0.404931
vt 0.957413 0.404646
vt 0.964565 0.392598
vt 0.970985 0.394172
vt 0.972371 0.396333
vt 0.943354 0.410031
vt 0.971037 0.407889
vt 0.959721 0.407566
vt 0.959641 0.403095
vt 0.971529 0.407771
vt 0.906990 0.445785
vt 0.917164 0.443208
vt 0.917164 0.455551
vt 0.907387 0.455232
vt 0.970621 0.452381
vt 0.971051 0.442434
vt 0.980787 0.441916
vt 0.980787 0.455310
vt 0.919697 0.420832
vt 0.920204 0.430116
vt 0.918300 0.430269
vt 0.917924 0.420547
vt 0.920451 0.432689
vt 0.920996 0.439215
vt 0.919036 0.439393
vt 0.918547 0.432841
vt 0.921236 0.441859
vt 0.921162 0.453999
vt 0.919007 0.454957
vt 0.918712 0.441825
vt 0.921246 0.410158
vt 0.919990 0.420404
vt 0.917640 0.420046
vt 0.918923 0.409750
vt 0.921246 0.439728
vt 0.918722 0.439695
vt 0.915435 0.456889
vt 0.908905 0.456738
vt 0.972500 0.440901
vt 0.979031 0.440616
vt 0.915171 0.457409
vt 0.908702 0.457149
vt 0.906958 0.455299
vt 0.906567 0.446108
vt 0.970195 0.451964
vt 0.970625 0.442380
vt 0.972287 0.440485
vt 0.978786 0.440246
vt 0.956907 0.422120
vt 0.956907 0.432189
vt 0.941920 0.433470
vt 0.941324 0.423535
vt 0.923140 0.449171
vt 0.923223 0.433524
vt 0.933173 0.433273
vt 0.933173 0.448314
vt 0.964051 0.386809
vt 0.955045 0.375255
vt 0.956444 0.373835
vt 0.965599 0.385722
vt 0.953091 0.373074
vt 0.946963 0.370524
vt 0.947845 0.368548
vt 0.954120 0.371454
vt 0.956381 0.447221
vt 0.959431 0.432239
vt 0.958904 0.447272
vt 0.959431 0.422170
vt 0.946506 0.370697
vt 0.947672 0.368085
vt 0.939651 0.432050
vt 0.939339 0.425419
vt 0.924932 0.431386
vt 0.931566 0.431132
vt 0.946609 0.370787
vt 0.952860 0.373452
vt 0.954676 0.375455
vt 0.963956 0.387640
vt 0.966025 0.386212
vt 0.960932 0.372684
vt 0.961308 0.372546
vt 0.961911 0.370100
vt 0.961537 0.369915
vt 0.965633 0.365492
vt 0.966025 0.365580
vt 0.956732 0.449875
vt 0.959255 0.449925
vt 0.977218 0.365492
vt 0.987805 0.365506
vt 0.987805 0.377754
vt 0.978307 0.377090
vt 0.923545 0.463321
vt 0.923804 0.451219
vt 0.933617 0.451206
vt 0.933617 0.463015
vt 0.981315 0.427366
vt 0.980524 0.415734
vt 0.982421 0.415740
vt 0.983212 0.427372
vt 0.981000 0.413252
vt 0.980957 0.406713
vt 0.982854 0.406719
vt 0.982897 0.413258
vt 0.980155 0.404225
vt 0.981018 0.392598
vt 0.983525 0.392606
vt 0.982662 0.404233
vt 0.980877 0.437905
vt 0.981018 0.427960
vt 0.983525 0.427968
vt 0.983384 0.437913
vt 0.980656 0.406405
vt 0.983163 0.406413
vt 0.986076 0.379141
vt 0.979632 0.378568
vt 0.925508 0.449860
vt 0.931897 0.449634
vt 0.985827 0.379486
vt 0.979435 0.378971
vt 0.977899 0.377174
vt 0.976799 0.366041
vt 0.923140 0.462781
vt 0.923371 0.451168
vt 0.925294 0.449446
vt 0.931663 0.449251
vt 0.891010 0.365452
vt 0.891010 0.365452
vt 0.891010 0.365452
vt 0.891010 0.365452
vt 0.891010 0.365452
vt 0.891010 0.365452
vt 0.891010 0.365452
vt 0.891010 0.365452
vt 0.891010 0.365452
vt 0.891010 0.365452
vt 0.891010 0.365452
vt 0.891010 0.365452
vt 0.891010 0.365452
vt 0.891010 0.365452
vt 0.891010 0.365452
vt 0.891010 0.365452
vt 0.891010 0.365452
vt 0.891010 0.365452
vt 0.891010 0.365452
vt 0.891010 0.365452
vt 0.959935 0.453384
vt 0.960277 0.442912
vt 0.970114 0.442249
vt 0.970114 0.455867
vt 0.966538 0.368403
vt 0.976719 0.365492
vt 0.976719 0.380324
vt 0.966963 0.379462
vt 0.975080 0.414832
vt 0.973281 0.414811
vt 0.975007 0.404163
vt 0.976876 0.404693
vt 0.977494 0.401993
vt 0.975626 0.401464
vt 0.977311 0.395099
vt 0.979215 0.395653
vt 0.980074 0.437994
vt 0.977805 0.439197
vt 0.972451 0.425659
vt 0.974811 0.425645
vt 0.972924 0.415276
vt 0.975307 0.415327
vt 0.977067 0.394736
vt 0.979598 0.395166
vt 0.961801 0.441197
vt 0.968375 0.440821
vt 0.974944 0.381716
vt 0.968405 0.381194
vt 0.961594 0.440746
vt 0.968107 0.440246
vt 0.959511 0.453022
vt 0.959848 0.442841
vt 0.966528 0.379481
vt 0.966105 0.368829
vt 0.974686 0.382080
vt 0.968179 0.381609
vt 0.977543 0.392598
vt 0.980074 0.393027
vt 0.939259 0.394222
vt 0.935286 0.409715
vt 0.925341 0.407512
vt 0.929081 0.392598
vt 0.959511 0.422120
vt 0.969548 0.423000
vt 0.969548 0.438030
vt 0.959594 0.437755
vt 0.938435 0.429520
vt 0.936802 0.430381
vt 0.929625 0.418782
vt 0.931177 0.417819
vt 0.929343 0.415642
vt 0.927834 0.416559
vt 0.924663 0.411449
vt 0.926265 0.410479
vt 0.924204 0.411383
vt 0.926404 0.410031
vt 0.933056 0.411414
vt 0.967940 0.440166
vt 0.961304 0.439896
vt 0.929707 0.415425
vt 0.931448 0.417516
vt 0.939259 0.429777
vt 0.936945 0.431051
vt 0.929215 0.418907
vt 0.927485 0.416794
vt 0.923140 0.408864
vt 0.944795 0.377648
vt 0.933764 0.374774
vt 0.934597 0.365492
vt 0.946426 0.367404
vt 0.944874 0.380205
vt 0.946426 0.390323
vt 0.934648 0.392518
vt 0.932834 0.382745
vt 0.944199 0.377967
vt 0.944258 0.379902
vt 0.932390 0.379419
vt 0.932330 0.377484
vt 0.929813 0.378043
vt 0.929872 0.379977
vt 0.923200 0.380129
vt 0.923140 0.378194
vt 0.933254 0.433595
vt 0.935762 0.433654
vt 0.936318 0.445287
vt 0.933810 0.445228
vt 0.934119 0.431132
vt 0.936016 0.431177
vt 0.936318 0.431491
vt 0.933810 0.431432
vt 0.932544 0.373263
vt 0.932990 0.366946
vt 0.932764 0.391097
vt 0.931802 0.384692
vt 0.932125 0.373391
vt 0.932619 0.367132
vt 0.933620 0.375155
vt 0.932702 0.382322
vt 0.932339 0.390935
vt 0.931351 0.384556
vt 0.939339 0.463760
vt 0.939340 0.451495
vt 0.949296 0.451545
vt 0.949296 0.463301
vt 0.920529 0.365492
vt 0.920195 0.375659
vt 0.908198 0.375817
vt 0.908013 0.365658
vt 0.920881 0.409061
vt 0.919123 0.408984
vt 0.920386 0.398589
vt 0.922119 0.398693
vt 0.921815 0.396324
vt 0.920016 0.396248
vt 0.920272 0.390166
vt 0.922097 0.390254
vt 0.923060 0.387755
vt 0.920529 0.387652
vt 0.922725 0.375762
vt 0.923060 0.365595
vt 0.919929 0.389854
vt 0.922460 0.389957
vt 0.941033 0.450057
vt 0.947674 0.450006
vt 0.906605 0.374183
vt 0.906567 0.367405
vt 0.922231 0.396326
vt 0.922538 0.398586
vt 0.921220 0.409670
vt 0.918681 0.409513
vt 0.920005 0.398440
vt 0.919582 0.396233
vt 0.901432 0.414138
vt 0.898155 0.413326
vt 0.898505 0.409209
vt 0.902189 0.409598
vt 0.903316 0.439433
vt 0.903600 0.445707
vt 0.900221 0.445906
vt 0.899878 0.439654
vt 0.901727 0.426869
vt 0.902729 0.432767
vt 0.899359 0.433134
vt 0.898777 0.427684
vt 0.903962 0.451330
vt 0.900259 0.451438
vt 0.903063 0.399635
vt 0.902677 0.404961
vt 0.898802 0.404707
vt 0.899076 0.399446
vt 0.899595 0.386693
vt 0.899693 0.379058
vt 0.903638 0.379058
vt 0.903540 0.386730
vt 0.899413 0.393479
vt 0.903295 0.393576
vt 0.900297 0.420285
vt 0.899391 0.420305
vt 0.903534 0.371897
vt 0.899664 0.371880
vt 0.899412 0.365581
vt 0.903613 0.365492
vt 0.895270 0.409018
vt 0.895325 0.413235
vt 0.891189 0.413867
vt 0.891050 0.409054
vt 0.897156 0.446044
vt 0.893582 0.446162
vt 0.893259 0.440142
vt 0.896815 0.439923
vt 0.896356 0.433466
vt 0.892730 0.433698
vt 0.892279 0.427886
vt 0.895995 0.428047
vt 0.897147 0.451462
vt 0.893662 0.451494
vt 0.895489 0.404512
vt 0.891255 0.404356
vt 0.891559 0.399048
vt 0.895785 0.399229
vt 0.892277 0.378912
vt 0.896431 0.378975
vt 0.896285 0.386561
vt 0.892088 0.386472
vt 0.891820 0.393136
vt 0.896020 0.393276
vt 0.895950 0.415896
vt 0.893382 0.420670
vt 0.896168 0.365698
vt 0.896437 0.371902
vt 0.892357 0.371920
vt 0.892207 0.365826
vt 0.892393 0.420742
vt 0.905216 0.409991
vt 0.904399 0.414664
vt 0.898229 0.399392
vt 0.897968 0.404648
vt 0.899490 0.445938
vt 0.897911 0.446015
vt 0.897561 0.439861
vt 0.899149 0.439718
vt 0.905821 0.439348
vt 0.906040 0.445626
vt 0.898654 0.433218
vt 0.897089 0.433391
vt 0.896689 0.428044
vt 0.898151 0.427824
vt 0.904557 0.426410
vt 0.905306 0.432549
vt 0.899498 0.451443
vt 0.897893 0.451459
vt 0.949185 0.392279
vt 0.946506 0.392279
vt 0.946506 0.388410
vt 0.946960 0.387720
vt 0.948730 0.387720
vt 0.949185 0.388410
vt 0.906487 0.451170
vt 0.898847 0.379041
vt 0.898744 0.386660
vt 0.905965 0.399759
vt 0.905632 0.405182
vt 0.906487 0.378967
vt 0.906456 0.386709
vt 0.898562 0.393433
vt 0.906323 0.393633
vt 0.897475 0.413249
vt 0.897035 0.415529
vt 0.903672 0.420304
vt 0.897717 0.409148
vt 0.898548 0.365615
vt 0.898826 0.371888
vt 0.906486 0.365523
vt 0.906310 0.371835
vt 0.949265 0.389944
vt 0.949955 0.387720
vt 0.953824 0.387720
vt 0.953824 0.390399
vt 0.949955 0.390399
vt 0.896668 0.425551
vt 0.897498 0.425358
vt 0.897360 0.416033
vt 0.897816 0.424826
vt 0.896265 0.425166
vt 0.824482 0.068880
vt 0.824093 0.069224
vt 0.457755 0.817092
vt 0.342798 0.065762
vt 0.342798 0.106102
vt 0.458552 0.812726
vt 0.456917 0.809643
vt 0.456016 0.810853
vt 0.384095 0.024087
vt 0.335111 0.071487
vt 0.730550 0.400869
vt 0.718362 0.400859
vt 0.730543 0.404812
vt 0.715313 0.418600
vt 0.718355 0.404801
vt 0.718332 0.431257
vt 0.730520 0.431267
vt 0.718311 0.461013
vt 0.718311 0.489890
vt 0.730499 0.489896
vt 0.351141 0.081084
vt 0.359219 0.065762
vt 0.359219 0.081084
vt 0.907027 0.261647
vt 0.904278 0.260572
vt 0.905851 0.258916
vt 0.891216 0.268881
vt 0.890299 0.255936
vt 0.896844 0.258133
vt 0.897562 0.266128
vt 0.892793 0.296552
vt 0.873442 0.277930
vt 0.882516 0.273350
vt 0.896677 0.287026
vt 0.902457 0.251811
vt 0.904355 0.262807
vt 0.939152 0.250320
vt 0.939152 0.277703
vt 0.931122 0.273524
vt 0.931806 0.252771
vt 0.900456 0.277759
vt 0.903142 0.271172
vt 0.905930 0.264335
vt 0.872835 0.250659
vt 0.881498 0.253287
vt 0.913270 0.277874
vt 0.910658 0.271469
vt 0.922978 0.269262
vt 0.923718 0.255524
vt 0.908125 0.264344
vt 0.916763 0.266255
vt 0.917171 0.257811
vt 0.909744 0.262801
vt 0.891984 0.231085
vt 0.895520 0.237974
vt 0.909777 0.260517
vt 0.919544 0.230953
vt 0.916795 0.237693
vt 0.913668 0.245360
vt 0.911076 0.251716
vt 0.899377 0.245598
vt 0.919647 0.296772
vt 0.916364 0.287153
vt 0.868803 0.330253
vt 0.862653 0.334012
vt 0.857054 0.324138
vt 0.864502 0.321287
vt 0.908137 0.258925
vt 0.921723 0.336979
vt 0.923397 0.337664
vt 0.910244 0.350363
vt 0.909594 0.348456
vt 0.914307 0.358430
vt 0.890132 0.359029
vt 0.891334 0.355120
vt 0.912374 0.354391
vt 0.890955 0.300667
vt 0.889949 0.297534
vt 0.914464 0.296824
vt 0.912541 0.300441
vt 0.877652 0.319508
vt 0.890491 0.305897
vt 0.891061 0.307539
vt 0.879343 0.320159
vt 0.892706 0.348327
vt 0.891931 0.350282
vt 0.931024 0.339893
vt 0.926060 0.338022
vt 0.875878 0.317114
vt 0.873048 0.316011
vt 0.909668 0.305602
vt 0.909011 0.307254
vt 0.875743 0.339695
vt 0.872835 0.341290
vt 0.923397 0.318977
vt 0.921858 0.319778
vt 0.926806 0.316113
vt 0.931024 0.314539
vt 0.878523 0.337792
vt 0.880306 0.336848
vt 0.893125 0.325191
vt 0.893392 0.331186
vt 0.890725 0.332339
vt 0.890346 0.324167
vt 0.897358 0.320839
vt 0.896107 0.318199
vt 0.910878 0.324069
vt 0.910974 0.332352
vt 0.908252 0.331192
vt 0.908158 0.325130
vt 0.896806 0.337981
vt 0.905101 0.338033
vt 0.903950 0.335365
vt 0.897860 0.335321
vt 0.903625 0.320810
vt 0.904682 0.318149
vt 0.851847 0.291672
vt 0.852353 0.280705
vt 0.861966 0.281503
vt 0.861855 0.291672
vt 0.853759 0.313416
vt 0.852353 0.302640
vt 0.861966 0.301842
vt 0.862504 0.311707
vt 0.857054 0.259207
vt 0.864502 0.262057
vt 0.862504 0.271637
vt 0.853759 0.269929
vt 0.862653 0.249332
vt 0.868803 0.253092
vt 0.836966 0.318367
vt 0.833844 0.305097
vt 0.842800 0.251865
vt 0.836966 0.264978
vt 0.832856 0.291672
vt 0.833844 0.278248
vt 0.842800 0.331480
vt 0.851721 0.239796
vt 0.851721 0.343548
vt 0.835709 0.247727
vt 0.846358 0.234238
vt 0.829288 0.243704
vt 0.841151 0.229016
vt 0.846358 0.349107
vt 0.835709 0.335617
vt 0.841151 0.354328
vt 0.829288 0.339640
vt 0.828395 0.321358
vt 0.824160 0.306726
vt 0.820476 0.324494
vt 0.815004 0.308464
vt 0.822806 0.291672
vt 0.824160 0.276618
vt 0.813034 0.291672
vt 0.815004 0.274880
vt 0.828396 0.261987
vt 0.820476 0.258851
vt 0.823409 0.343711
vt 0.812910 0.328015
vt 0.805800 0.310542
vt 0.803434 0.291672
vt 0.805800 0.272802
vt 0.812911 0.255329
vt 0.823409 0.239634
vt 0.835911 0.224696
vt 0.835911 0.358648
vt 0.801757 0.491827
vt 0.801577 0.497117
vt 0.800153 0.497390
vt 0.799539 0.495362
vt 0.797257 0.506676
vt 0.794472 0.502779
vt 0.800845 0.508875
vt 0.795499 0.524231
vt 0.790214 0.519120
vt 0.786069 0.511963
vt 0.805254 0.508988
vt 0.802928 0.497783
vt 0.803891 0.495734
vt 0.809861 0.505574
vt 0.802617 0.527447
vt 0.813059 0.499466
vt 0.805168 0.494336
vt 0.804889 0.491807
vt 0.814362 0.491656
vt 0.803872 0.487945
vt 0.809254 0.478429
vt 0.812894 0.483857
vt 0.805146 0.489290
vt 0.797833 0.477544
vt 0.792810 0.465342
vt 0.798329 0.461546
vt 0.801180 0.475760
vt 0.790263 0.459899
vt 0.796014 0.455536
vt 0.782318 0.491421
vt 0.777174 0.491213
vt 0.779462 0.477803
vt 0.784071 0.480586
vt 0.793089 0.485982
vt 0.798576 0.489631
vt 0.798847 0.491817
vt 0.792341 0.491727
vt 0.802927 0.485997
vt 0.804979 0.475893
vt 0.815150 0.468341
vt 0.819024 0.477597
vt 0.802725 0.453214
vt 0.804860 0.460012
vt 0.801646 0.486643
vt 0.813302 0.460060
vt 0.800295 0.486361
vt 0.799637 0.488321
vt 0.795021 0.481045
vt 0.787958 0.471600
vt 0.798120 0.535354
vt 0.791463 0.530047
vt 0.786538 0.524258
vt 0.792762 0.497566
vt 0.798503 0.494010
vt 0.812186 0.451741
vt 0.784505 0.467084
vt 0.783120 0.502422
vt 0.778206 0.504787
vt 0.781941 0.516102
vt 0.832173 0.512524
vt 0.835958 0.496707
vt 0.839275 0.496241
vt 0.840259 0.500945
vt 0.838132 0.512580
vt 0.796497 0.536505
vt 0.790170 0.530735
vt 0.783407 0.467062
vt 0.789099 0.459573
vt 0.795013 0.454599
vt 0.776267 0.491162
vt 0.778468 0.477846
vt 0.780828 0.515974
vt 0.777211 0.504626
vt 0.785302 0.524383
vt 0.830503 0.492860
vt 0.830955 0.494818
vt 0.822778 0.507403
vt 0.820330 0.500835
vt 0.848020 0.459868
vt 0.844361 0.468097
vt 0.838723 0.467955
vt 0.840143 0.459742
vt 0.832461 0.470839
vt 0.831497 0.463735
vt 0.832770 0.496134
vt 0.826910 0.511402
vt 0.854166 0.463727
vt 0.848732 0.471059
vt 0.831395 0.487875
vt 0.830587 0.490462
vt 0.820348 0.492769
vt 0.822634 0.484248
vt 0.826897 0.476561
vt 0.832593 0.485449
vt 0.835842 0.482601
vt 0.834176 0.483679
vt 0.823517 0.519906
vt 0.830534 0.521761
vt 0.838326 0.521797
vt 0.823694 0.471672
vt 0.814663 0.493983
vt 0.817798 0.482248
vt 0.814669 0.505206
vt 0.817951 0.514254
vt 0.840692 0.484710
vt 0.838030 0.482924
vt 0.802102 0.451633
vt 0.811441 0.449891
vt 0.833469 0.493688
vt 0.835457 0.494111
vt 0.834055 0.492125
vt 0.838728 0.490887
vt 0.841631 0.492021
vt 0.841080 0.493708
vt 0.839460 0.494190
vt 0.840340 0.486704
vt 0.838566 0.486266
vt 0.842797 0.487265
vt 0.841530 0.488940
vt 0.834671 0.487250
vt 0.834630 0.489214
vt 0.836202 0.486719
vt 0.833316 0.490654
vt 0.837064 0.495005
vt 0.842385 0.490398
vt 0.836854 0.485183
vt 0.186583 0.861482
vt 0.194158 0.861281
vt 0.194826 0.862685
vt 0.191948 0.863655
vt 0.208467 0.864052
vt 0.203955 0.868423
vt 0.207794 0.856168
vt 0.194767 0.859831
vt 0.191901 0.859127
vt 0.202887 0.852897
vt 0.209719 0.859888
vt 0.221293 0.858214
vt 0.219565 0.864781
vt 0.213200 0.871931
vt 0.211212 0.847299
vt 0.218454 0.852421
vt 0.195473 0.850434
vt 0.189947 0.857972
vt 0.186580 0.858309
vt 0.186574 0.849498
vt 0.186618 0.842271
vt 0.186744 0.834569
vt 0.205037 0.835824
vt 0.199955 0.843591
vt 0.186884 0.828752
vt 0.209208 0.829666
vt 0.229315 0.834238
vt 0.221026 0.840239
vt 0.181262 0.859140
vt 0.170310 0.852945
vt 0.177692 0.850463
vt 0.183212 0.857981
vt 0.160010 0.871946
vt 0.150196 0.875748
vt 0.141550 0.865351
vt 0.153670 0.864810
vt 0.142329 0.882537
vt 0.131941 0.865898
vt 0.128354 0.854018
vt 0.138943 0.856001
vt 0.152001 0.858268
vt 0.178402 0.859850
vt 0.165420 0.856220
vt 0.162209 0.847338
vt 0.173360 0.843616
vt 0.231060 0.847525
vt 0.241630 0.843315
vt 0.245217 0.853987
vt 0.234498 0.855951
vt 0.179013 0.861297
vt 0.178349 0.862700
vt 0.164735 0.864084
vt 0.163490 0.859933
vt 0.154939 0.852482
vt 0.181225 0.863664
vt 0.176834 0.872226
vt 0.183189 0.864902
vt 0.186586 0.864645
vt 0.186593 0.873807
vt 0.169239 0.868442
vt 0.231722 0.865337
vt 0.241357 0.865899
vt 0.230890 0.882552
vt 0.223025 0.875744
vt 0.186596 0.881778
vt 0.171316 0.878855
vt 0.196354 0.872217
vt 0.189984 0.864897
vt 0.142701 0.847518
vt 0.132486 0.843176
vt 0.145128 0.833949
vt 0.152904 0.840145
vt 0.208245 0.884809
vt 0.201880 0.878848
vt 0.168664 0.835783
vt 0.164903 0.829527
vt 0.164956 0.884809
vt 0.641746 0.015894
vt 0.628856 0.017513
vt 0.627937 0.015444
vt 0.640670 0.014063
vt 0.619322 0.018185
vt 0.619196 0.015569
vt 0.618545 0.011780
vt 0.628711 0.011897
vt 0.642022 0.010923
vt 0.744880 0.011705
vt 0.756733 0.012586
vt 0.755054 0.015582
vt 0.744324 0.015484
vt 0.776112 0.011714
vt 0.770485 0.016063
vt 0.769816 0.018461
vt 0.755433 0.017920
vt 0.744107 0.018033
vt 0.681385 0.009042
vt 0.660348 0.011711
vt 0.659635 0.009868
vt 0.681324 0.007144
vt 0.660518 0.007532
vt 0.681367 0.005332
vt 0.701920 0.007482
vt 0.702673 0.009834
vt 0.720249 0.010882
vt 0.721460 0.014065
vt 0.720565 0.015857
vt 0.702130 0.011666
vt 0.586860 0.011610
vt 0.606479 0.012606
vt 0.608200 0.015641
vt 0.592533 0.016029
vt 0.607765 0.018014
vt 0.593186 0.018461
vt 0.088254 0.823393
vt 0.106007 0.829574
vt 0.088925 0.839689
vt 0.079398 0.836749
vt 0.067970 0.835409
vt 0.068078 0.846595
vt 0.064762 0.846219
vt 0.056542 0.836771
vt 0.094596 0.854216
vt 0.076130 0.852407
vt 0.075595 0.850761
vt 0.096913 0.848695
vt 0.089681 0.860082
vt 0.073039 0.852921
vt 0.047029 0.839730
vt 0.041027 0.843672
vt 0.016973 0.837367
vt 0.028590 0.829682
vt 0.016850 0.857367
vt 0.041408 0.854243
vt 0.046317 0.860101
vt 0.024940 0.868158
vt 0.118037 0.837254
vt 0.094953 0.843630
vt 0.122642 0.846738
vt 0.039087 0.848730
vt 0.013043 0.846784
vt 0.067598 0.820591
vt 0.119137 0.857358
vt 0.111078 0.868158
vt 0.060572 0.850765
vt 0.060020 0.852412
vt 0.071363 0.846217
vt 0.046637 0.823412
vt 0.062825 0.847585
vt 0.060062 0.848954
vt 0.076071 0.848947
vt 0.073334 0.847583
vt 0.063174 0.852922
vt 0.734190 0.011852
vt 0.734972 0.015443
vt 0.734085 0.017455
vt 0.068146 0.851689
vt 0.976999 0.164451
vt 0.976603 0.174221
vt 0.969091 0.174221
vt 0.968695 0.164450
vt 0.968695 0.214777
vt 0.969091 0.205007
vt 0.976603 0.205007
vt 0.976999 0.214777
vt 0.938405 0.173672
vt 0.946149 0.177169
vt 0.936502 0.175572
vt 0.934917 0.165924
vt 0.967697 0.225037
vt 0.967301 0.234808
vt 0.959789 0.234808
vt 0.959393 0.225037
vt 0.968695 0.183992
vt 0.976999 0.183992
vt 0.968695 0.195236
vt 0.976999 0.195236
vt 0.967301 0.204022
vt 0.967697 0.213793
vt 0.959393 0.213793
vt 0.959789 0.204022
vt 0.968655 0.165946
vt 0.967059 0.175598
vt 0.957406 0.177182
vt 0.965158 0.173694
vt 0.957420 0.143439
vt 0.965166 0.146939
vt 0.938413 0.146921
vt 0.946162 0.143436
vt 0.967070 0.145038
vt 0.968655 0.154688
vt 0.934917 0.154668
vt 0.936512 0.145018
vt 0.969091 0.235792
vt 0.968695 0.226022
vt 0.976999 0.226022
vt 0.976603 0.235792
vt 0.976603 0.143436
vt 0.976999 0.153206
vt 0.968695 0.153206
vt 0.969091 0.143436
vt 0.981326 0.170194
vt 0.981325 0.196953
vt 0.977040 0.196953
vt 0.977040 0.170194
vt 0.981325 0.223712
vt 0.981326 0.250471
vt 0.977040 0.250471
vt 0.977040 0.223712
vt 0.981326 0.143436
vt 0.977040 0.143436
vt 0.963618 0.171390
vt 0.940415 0.171390
vt 0.940415 0.148187
vt 0.963618 0.148187
vt 0.946415 0.239810
vt 0.944043 0.224591
vt 0.946878 0.225470
vt 0.948848 0.238111
vt 0.944807 0.201035
vt 0.944808 0.179846
vt 0.965996 0.179846
vt 0.965996 0.201035
vt 0.974049 0.241220
vt 0.959887 0.247276
vt 0.960038 0.244312
vt 0.971802 0.239281
vt 0.954605 0.213380
vt 0.955650 0.216157
vt 0.202083 0.268444
vt 0.181731 0.269095
vt 0.176591 0.252727
vt 0.197493 0.259725
vt 0.183274 0.288647
vt 0.219609 0.281425
vt 0.216709 0.192899
vt 0.216436 0.198107
vt 0.203858 0.197182
vt 0.203332 0.191467
vt 0.252874 0.373965
vt 0.227492 0.372980
vt 0.250281 0.347498
vt 0.272942 0.369129
vt 0.220328 0.301982
vt 0.202578 0.303108
vt 0.272942 0.351173
vt 0.258416 0.333093
vt 0.193211 0.235655
vt 0.178687 0.229897
vt 0.193395 0.222355
vt 0.203504 0.224142
vt 0.230600 0.342609
vt 0.241590 0.332198
vt 0.214222 0.209612
vt 0.197517 0.208212
vt 0.222994 0.353383
vt 0.223628 0.359408
vt 0.202699 0.178167
vt 0.220328 0.180527
vt 0.096384 0.308434
vt 0.095611 0.317386
vt 0.080786 0.317018
vt 0.087306 0.303945
vt 0.097192 0.325971
vt 0.080911 0.326632
vt 0.099155 0.241544
vt 0.099155 0.258505
vt 0.085583 0.256530
vt 0.087020 0.244426
vt 0.096579 0.269452
vt 0.083502 0.263522
vt 0.100750 0.336751
vt 0.104444 0.347067
vt 0.096145 0.353610
vt 0.085460 0.339623
vt 0.088796 0.282671
vt 0.075344 0.295944
vt 0.067809 0.286166
vt 0.078506 0.273424
vt 0.054640 0.270824
vt 0.058594 0.262491
vt 0.069073 0.267206
vt 0.060670 0.277621
vt 0.062823 0.256271
vt 0.073677 0.259757
vt 0.065400 0.251610
vt 0.067404 0.245658
vt 0.076078 0.245230
vt 0.075913 0.254385
vt 0.141372 0.284827
vt 0.144586 0.303250
vt 0.130931 0.306800
vt 0.128004 0.289861
vt 0.144586 0.331730
vt 0.131569 0.325162
vt 0.142968 0.355788
vt 0.139475 0.367738
vt 0.128815 0.358265
vt 0.131490 0.343754
vt 0.117495 0.337766
vt 0.117032 0.351214
vt 0.114777 0.324533
vt 0.111016 0.299190
vt 0.113362 0.312623
vt 0.135927 0.377205
vt 0.124029 0.370104
vt 0.035632 0.325443
vt 0.028329 0.314673
vt 0.040968 0.306343
vt 0.048579 0.317871
vt 0.022440 0.302038
vt 0.018769 0.289898
vt 0.031091 0.279638
vt 0.034786 0.293405
vt 0.046939 0.286311
vt 0.043527 0.273586
vt 0.053127 0.297979
vt 0.111615 0.363312
vt 0.060800 0.308922
vt 0.018413 0.275635
vt 0.031053 0.264706
vt 0.018974 0.252817
vt 0.034288 0.250532
vt 0.025429 0.227418
vt 0.038231 0.205121
vt 0.047816 0.219290
vt 0.039052 0.236797
vt 0.053677 0.245942
vt 0.059296 0.235470
vt 0.049790 0.253026
vt 0.045444 0.261260
vt 0.050434 0.191490
vt 0.059237 0.206144
vt 0.062973 0.183059
vt 0.071158 0.198054
vt 0.139830 0.272130
vt 0.125311 0.276214
vt 0.075460 0.178167
vt 0.083248 0.192767
vt 0.106001 0.287404
vt 0.081580 0.220301
vt 0.093265 0.214672
vt 0.069687 0.226540
vt 0.315377 0.148361
vt 0.315847 0.158770
vt 0.313882 0.159606
vt 0.313617 0.149242
vt 0.311641 0.149159
vt 0.312002 0.160223
vt 0.310058 0.159854
vt 0.309691 0.149493
vt 0.307865 0.148756
vt 0.307979 0.160484
vt 0.306099 0.159900
vt 0.305899 0.148678
vt 0.319266 0.147731
vt 0.319588 0.160484
vt 0.317619 0.157890
vt 0.317336 0.148163
vt 0.317001 0.167135
vt 0.313425 0.167111
vt 0.313763 0.164938
vt 0.317381 0.164837
vt 0.319668 0.167849
vt 0.319471 0.165546
vt 0.321177 0.148246
vt 0.321168 0.159469
vt 0.318803 0.170298
vt 0.316439 0.170298
vt 0.314178 0.169564
vt 0.970072 0.306029
vt 0.965824 0.306078
vt 0.966037 0.301298
vt 0.969458 0.301140
vt 0.969924 0.353359
vt 0.965706 0.353647
vt 0.965658 0.350199
vt 0.969212 0.349867
vt 0.972253 0.353008
vt 0.971323 0.349678
vt 0.963587 0.305905
vt 0.964146 0.301154
vt 0.966117 0.297864
vt 0.966309 0.295738
vt 0.969004 0.295650
vt 0.969291 0.297639
vt 0.964350 0.297830
vt 0.964649 0.295821
vt 0.960349 0.305341
vt 0.961533 0.300671
vt 0.961867 0.297519
vt 0.962324 0.295615
vt 0.964876 0.293797
vt 0.966431 0.293602
vt 0.962726 0.293724
vt 0.959578 0.296709
vt 0.960290 0.294935
vt 0.960957 0.293199
vt 0.958386 0.294069
vt 0.959335 0.292471
vt 0.957406 0.295687
vt 0.956742 0.292809
vt 0.957921 0.291412
vt 0.955528 0.294238
vt 0.955234 0.291401
vt 0.956638 0.290203
vt 0.953810 0.292617
vt 0.952482 0.290667
vt 0.954076 0.289690
vt 0.955640 0.288742
vt 0.953077 0.287846
vt 0.954806 0.287114
vt 0.951344 0.288604
vt 0.952473 0.285653
vt 0.954319 0.285028
vt 0.950649 0.286324
vt 0.952013 0.281628
vt 0.954213 0.283548
vt 0.950105 0.281713
vt 0.950153 0.277104
vt 0.952010 0.277590
vt 0.954690 0.282805
vt 0.954645 0.281515
vt 0.953883 0.278013
vt 0.953957 0.279492
vt 0.954545 0.280220
vt 0.956169 0.278866
vt 0.956477 0.278880
vt 0.958890 0.280445
vt 0.958959 0.281258
vt 0.959670 0.278876
vt 0.981998 0.327071
vt 0.976580 0.327833
vt 0.975289 0.325882
vt 0.979658 0.325263
vt 0.986039 0.328385
vt 0.980079 0.325233
vt 0.956227 0.277953
vt 0.985522 0.322409
vt 0.979746 0.323986
vt 0.956373 0.276417
vt 0.954107 0.275886
vt 0.956869 0.275129
vt 0.954719 0.274209
vt 0.984645 0.319542
vt 0.979170 0.321977
vt 0.983266 0.317183
vt 0.978249 0.320392
vt 0.957465 0.273897
vt 0.955493 0.272686
vt 0.958270 0.272901
vt 0.956541 0.271380
vt 0.981684 0.315048
vt 0.977223 0.318914
vt 0.979739 0.313304
vt 0.975989 0.317787
vt 0.959159 0.271974
vt 0.957714 0.270197
vt 0.960241 0.271291
vt 0.959111 0.269281
vt 0.977655 0.311765
vt 0.974677 0.316760
vt 0.975315 0.310670
vt 0.973169 0.316070
vt 0.961385 0.270712
vt 0.960662 0.268511
vt 0.962747 0.270488
vt 0.962615 0.268064
vt 0.972849 0.309788
vt 0.971608 0.315506
vt 0.970073 0.309346
vt 0.969812 0.315375
vt 0.963603 0.270527
vt 0.964054 0.267988
vt 0.963989 0.270820
vt 0.964755 0.268459
vt 0.967292 0.313064
vt 0.967953 0.312470
vt 0.968741 0.315518
vt 0.968289 0.315922
vt 0.964217 0.272723
vt 0.965590 0.272522
vt 0.966409 0.318205
vt 0.968271 0.318322
vt 0.967130 0.326319
vt 0.968931 0.325227
vt 0.964342 0.277822
vt 0.965804 0.278466
vt 0.964252 0.278187
vt 0.965357 0.279386
vt 0.967850 0.327462
vt 0.969108 0.325699
vt 0.968973 0.327915
vt 0.969846 0.325612
vt 0.963697 0.278195
vt 0.964561 0.279838
vt 0.964748 0.280911
vt 0.965526 0.280980
vt 0.964783 0.282019
vt 0.965713 0.282587
vt 0.958997 0.282069
vt 0.964122 0.283751
vt 0.959971 0.283499
vt 0.956906 0.283794
vt 0.969009 0.330847
vt 0.976698 0.329975
vt 0.975616 0.332040
vt 0.970068 0.333047
vt 0.982138 0.330038
vt 0.979904 0.332023
vt 0.964624 0.284003
vt 0.967867 0.331689
vt 0.969428 0.333441
vt 0.967286 0.332910
vt 0.969280 0.333743
vt 0.964763 0.284198
vt 0.966236 0.283445
vt 0.965583 0.288993
vt 0.967069 0.288747
vt 0.966826 0.340164
vt 0.968905 0.340227
vt 0.967938 0.345755
vt 0.968962 0.342599
vt 0.965790 0.290757
vt 0.967048 0.292975
vt 0.968670 0.346385
vt 0.969410 0.343054
vt 0.965497 0.291154
vt 0.968222 0.309289
vt 0.964532 0.291313
vt 0.970666 0.343081
vt 0.963072 0.291334
vt 0.961785 0.290930
vt 0.974405 0.348944
vt 0.972607 0.342837
vt 0.977032 0.347720
vt 0.974234 0.342109
vt 0.960546 0.290397
vt 0.979455 0.346260
vt 0.975782 0.341239
vt 0.959470 0.289574
vt 0.958470 0.288660
vt 0.981498 0.344349
vt 0.977077 0.340017
vt 0.983326 0.342248
vt 0.978278 0.338690
vt 0.957706 0.287517
vt 0.984678 0.339819
vt 0.979148 0.337102
vt 0.957043 0.286301
vt 0.956717 0.284815
vt 0.985770 0.337220
vt 0.979897 0.335420
vt 0.980327 0.332090
vt 0.956609 0.283910
vt 0.962112 0.349920
vt 0.960016 0.349755
vt 0.960404 0.343053
vt 0.961850 0.342955
vt 0.962570 0.346446
vt 0.988761 0.321215
vt 0.989682 0.328099
vt 0.989682 0.334965
vt 0.986283 0.334233
vt 0.982079 0.328567
vt 0.987574 0.318103
vt 0.985900 0.315401
vt 0.983975 0.312932
vt 0.981678 0.310905
vt 0.979210 0.309134
vt 0.976480 0.307849
vt 0.973639 0.306836
vt 0.970655 0.306346
vt 0.968648 0.306163
vt 0.964952 0.306106
vt 0.965118 0.309130
vt 0.962399 0.312640
vt 0.961902 0.309479
vt 0.963096 0.313190
vt 0.965192 0.313105
vt 0.961262 0.306376
vt 0.965393 0.318272
vt 0.964371 0.318282
vt 0.965499 0.326485
vt 0.963891 0.326365
vt 0.962029 0.325372
vt 0.962511 0.318505
vt 0.962290 0.316107
vt 0.968813 0.272627
vt 0.969662 0.277223
vt 0.968246 0.278183
vt 0.967404 0.272474
vt 0.968816 0.270636
vt 0.967861 0.268231
vt 0.961801 0.315723
vt 0.969299 0.270228
vt 0.968544 0.267661
vt 0.970446 0.270042
vt 0.970087 0.267526
vt 0.980235 0.333388
vt 0.960043 0.309649
vt 0.960713 0.315643
vt 0.971812 0.270025
vt 0.972184 0.267689
vt 0.973008 0.270434
vt 0.973865 0.268255
vt 0.957274 0.310262
vt 0.958906 0.315884
vt 0.954859 0.311308
vt 0.957387 0.316549
vt 0.974158 0.270972
vt 0.975392 0.269001
vt 0.952585 0.312568
vt 0.955941 0.317336
vt 0.975139 0.271791
vt 0.976723 0.270053
vt 0.976114 0.272757
vt 0.977962 0.271251
vt 0.950601 0.314268
vt 0.954721 0.318451
vt 0.948770 0.316178
vt 0.953516 0.319741
vt 0.976857 0.273913
vt 0.978953 0.272713
vt 0.977496 0.275137
vt 0.979741 0.274362
vt 0.947344 0.318446
vt 0.952613 0.321262
vt 0.946134 0.320904
vt 0.951829 0.322872
vt 0.977793 0.276621
vt 0.980152 0.276441
vt 0.978016 0.277430
vt 0.980138 0.277812
vt 0.945379 0.323803
vt 0.951451 0.324834
vt 0.949012 0.327455
vt 0.948237 0.326279
vt 0.951217 0.325907
vt 0.951723 0.326037
vt 0.977638 0.277532
vt 0.979499 0.278550
vt 0.973956 0.278025
vt 0.974917 0.279564
vt 0.955379 0.328304
vt 0.956525 0.326394
vt 0.962082 0.328085
vt 0.961145 0.325844
vt 0.970323 0.277631
vt 0.969774 0.279350
vt 0.969826 0.277619
vt 0.968817 0.278999
vt 0.963294 0.327508
vt 0.961890 0.325862
vt 0.965562 0.327530
vt 0.965585 0.329633
vt 0.963310 0.329641
vt 0.962209 0.329531
vt 0.965600 0.331728
vt 0.963345 0.331752
vt 0.962143 0.330989
vt 0.967879 0.329576
vt 0.968890 0.329368
vt 0.976616 0.328907
vt 0.965646 0.332792
vt 0.963998 0.332947
vt 0.965678 0.340137
vt 0.964538 0.340153
vt 0.965630 0.345829
vt 0.963319 0.345813
vt 0.962445 0.342488
vt 0.962475 0.340113
vt 0.961999 0.333878
vt 0.970517 0.288303
vt 0.970762 0.290083
vt 0.970164 0.292612
vt 0.969041 0.288496
vt 0.970295 0.283680
vt 0.968709 0.283192
vt 0.961790 0.333392
vt 0.970405 0.283306
vt 0.969100 0.282253
vt 0.970876 0.283093
vt 0.969926 0.281592
vt 0.961126 0.333201
vt 0.955359 0.330348
vt 0.956392 0.332308
vt 0.974282 0.281816
vt 0.974861 0.280098
vt 0.948953 0.330770
vt 0.951655 0.332308
vt 0.977907 0.281444
vt 0.979565 0.280092
vt 0.978299 0.281515
vt 0.980339 0.280698
vt 0.948114 0.331920
vt 0.951148 0.332474
vt 0.978274 0.282375
vt 0.980632 0.282043
vt 0.945140 0.325605
vt 0.978301 0.283924
vt 0.980660 0.284222
vt 0.945081 0.334325
vt 0.944946 0.332470
vt 0.951298 0.333598
vt 0.945667 0.337347
vt 0.951573 0.335637
vt 0.977924 0.285259
vt 0.980215 0.286005
vt 0.977430 0.286542
vt 0.979531 0.287631
vt 0.946758 0.339941
vt 0.952294 0.337303
vt 0.948098 0.342365
vt 0.953151 0.338879
vt 0.976671 0.287687
vt 0.978574 0.289066
vt 0.975872 0.288692
vt 0.977485 0.290351
vt 0.949906 0.344459
vt 0.954336 0.340223
vt 0.951925 0.346356
vt 0.955562 0.341390
vt 0.974850 0.289459
vt 0.976167 0.291427
vt 0.973751 0.290111
vt 0.974634 0.292352
vt 0.954325 0.347802
vt 0.957042 0.342202
vt 0.956941 0.349018
vt 0.958590 0.342874
vt 0.972400 0.290369
vt 0.972540 0.293002
vt 0.971253 0.290392
vt 0.970884 0.293052
vt 0.971605 0.294940
vt 0.972414 0.296894
vt 0.979317 0.270083
vt 0.977883 0.268729
vt 0.980660 0.268915
vt 0.979048 0.267393
vt 0.976345 0.267495
vt 0.977320 0.265990
vt 0.974563 0.266608
vt 0.975309 0.264947
vt 0.972641 0.265873
vt 0.973170 0.264062
vt 0.970392 0.265560
vt 0.970783 0.263627
vt 0.968793 0.265549
vt 0.969093 0.263479
vt 0.966072 0.265468
vt 0.965977 0.263570
vt 0.963118 0.255322
vt 0.967434 0.255326
vt 0.967161 0.260102
vt 0.963714 0.260253
vt 0.969633 0.255528
vt 0.969019 0.260275
vt 0.959255 0.306680
vt 0.972850 0.256129
vt 0.971625 0.260773
vt 0.956292 0.307353
vt 0.953500 0.308551
vt 0.950834 0.310029
vt 0.948465 0.311997
vt 0.946300 0.314233
vt 0.944575 0.316877
vt 0.943150 0.319719
vt 0.942280 0.322821
vt 0.941791 0.324782
vt 0.941531 0.328948
vt 0.944777 0.329012
vt 0.948966 0.329115
vt 0.941514 0.333135
vt 0.941876 0.335154
vt 0.942544 0.338367
vt 0.943806 0.341380
vt 0.945402 0.344235
vt 0.947518 0.346736
vt 0.949908 0.348989
vt 0.952725 0.350768
vt 0.955773 0.352231
vt 0.959129 0.353090
vt 0.961467 0.353421
vt 0.974185 0.305047
vt 0.972729 0.300406
vt 0.976352 0.304323
vt 0.974519 0.299796
vt 0.979349 0.302828
vt 0.976893 0.298718
vt 0.982025 0.300961
vt 0.979032 0.297177
vt 0.984429 0.298759
vt 0.981014 0.295514
vt 0.986464 0.296294
vt 0.982670 0.293471
vt 0.988169 0.293615
vt 0.984146 0.291339
vt 0.989609 0.290769
vt 0.985202 0.288933
vt 0.990710 0.287746
vt 0.986073 0.286446
vt 0.991441 0.284460
vt 0.986500 0.283746
vt 0.991651 0.282325
vt 0.986744 0.281988
vt 0.991651 0.277715
vt 0.986519 0.278332
vt 0.990601 0.273193
vt 0.985874 0.274727
vt 0.955392 0.329320
vt 0.989882 0.271132
vt 0.985188 0.273076
vt 0.988350 0.268039
vt 0.984039 0.270560
vt 0.986478 0.265254
vt 0.982514 0.268306
vt 0.984255 0.262707
vt 0.980778 0.266212
vt 0.981751 0.260513
vt 0.978737 0.264447
vt 0.978963 0.258639
vt 0.976535 0.262880
vt 0.975997 0.257188
vt 0.974129 0.261717
vt 0.958899 0.256313
vt 0.960367 0.260942
vt 0.963556 0.265980
vt 0.962967 0.264046
vt 0.962048 0.266224
vt 0.961411 0.264447
vt 0.956761 0.257044
vt 0.958602 0.261587
vt 0.953775 0.258560
vt 0.956178 0.262675
vt 0.959973 0.266831
vt 0.959233 0.265177
vt 0.958226 0.267779
vt 0.957308 0.266275
vt 0.956606 0.268850
vt 0.955487 0.267500
vt 0.955253 0.270230
vt 0.953953 0.269059
vt 0.954015 0.271730
vt 0.952540 0.270750
vt 0.953111 0.273486
vt 0.951489 0.272728
vt 0.952353 0.275370
vt 0.950602 0.274815
vt 0.942045 0.274009
vt 0.943027 0.270777
vt 0.947705 0.272596
vt 0.946805 0.275117
vt 0.941514 0.277318
vt 0.946431 0.277788
vt 0.941614 0.283776
vt 0.946441 0.283159
vt 0.944429 0.267682
vt 0.948778 0.270153
vt 0.946385 0.264898
vt 0.950320 0.267941
vt 0.948651 0.262448
vt 0.951986 0.265896
vt 0.951142 0.260395
vt 0.954037 0.264184
vt 0.966306 0.268361
vt 0.966490 0.272513
vt 0.967038 0.278438
vt 0.967089 0.279234
vt 0.968943 0.280649
vt 0.967247 0.280827
vt 0.967409 0.282412
vt 0.969774 0.280483
vt 0.967465 0.283213
vt 0.968065 0.288608
vt 0.968617 0.292795
vt 0.988954 0.338261
vt 0.987652 0.341285
vt 0.986031 0.344145
vt 0.983894 0.346652
vt 0.981477 0.348915
vt 0.978638 0.350695
vt 0.975585 0.352151
vt 0.957176 0.304310
vt 0.959013 0.299743
vt 0.954178 0.302878
vt 0.956587 0.298590
vt 0.951355 0.301017
vt 0.954362 0.297030
vt 0.948810 0.298826
vt 0.952297 0.295265
vt 0.946542 0.296269
vt 0.950541 0.293165
vt 0.944622 0.293454
vt 0.949005 0.290897
vt 0.943047 0.290294
vt 0.947868 0.288358
vn -1.0000 0.0000 0.0000
vn -0.8877 -0.4587 0.0395
vn -0.6552 0.4588 -0.6002
vn -0.3169 0.6248 0.7136
vn -0.7547 -0.6198 0.2151
vn -0.2896 0.6064 0.7405
vn -0.2083 0.5477 0.8103
vn -0.3514 -0.7928 0.4981
vn 0.2901 -0.6068 -0.7400
vn 0.2699 -0.5928 -0.7588
vn 0.5099 0.7556 -0.4112
vn 0.7558 0.6189 -0.2139
vn 0.2677 -0.5912 -0.7608
vn 0.8172 0.5582 -0.1437
vn 0.6552 -0.4588 0.6002
vn -0.7180 0.6940 0.0525
vn -0.8745 -0.4222 0.2387
vn 0.1525 0.1794 0.9719
vn -0.7225 -0.6489 0.2386
vn 0.1834 0.1501 0.9715
vn -0.2905 -0.9380 0.1893
vn 0.2702 0.0648 0.9606
vn -0.1828 -0.1507 -0.9715
vn -0.2051 -0.1292 -0.9702
vn 0.4575 0.8632 -0.2135
vn 0.7238 0.6474 -0.2387
vn 0.7926 0.5601 -0.2409
vn -0.2075 -0.1270 -0.9700
vn 0.7180 -0.6940 -0.0525
vn 0.5373 -0.3803 0.7528
vn -0.4715 -0.7852 0.4014
vn 0.5020 -0.6323 -0.5900
vn -0.6561 -0.7249 0.2097
vn 0.4800 -0.6173 -0.6233
vn -0.8653 -0.4635 -0.1911
vn 0.4123 -0.5681 -0.7123
vn -0.4805 0.6176 0.6226
vn -0.4639 0.6060 0.6461
vn 0.8173 0.5739 0.0512
vn 0.6550 0.7256 -0.2110
vn 0.5850 0.7568 -0.2917
vn -0.4622 0.6048 0.6486
vn -0.5373 0.3803 -0.7528
vn -0.4845 0.6509 0.5845
vn -0.7934 -0.4372 0.4236
vn 0.5332 -0.2320 0.8135
vn -0.7036 -0.6524 0.2817
vn 0.5549 -0.2603 0.7901
vn -0.3915 -0.9193 -0.0407
vn 0.6115 -0.3385 0.7152
vn -0.5545 0.2597 -0.7906
vn -0.5697 0.2800 -0.7727
vn 0.5180 0.8520 -0.0755
vn 0.7044 0.6510 -0.2828
vn 0.7476 0.5684 -0.3436
vn -0.5713 0.2821 -0.7708
vn 0.4845 -0.6509 -0.5845
vn -0.7452 0.6239 -0.2354
vn -0.8839 -0.4465 0.1387
vn -0.0690 0.3726 0.9254
vn -0.7247 -0.6545 0.2153
vn -0.0373 0.3467 0.9372
vn -0.2787 -0.9076 0.3138
vn 0.0538 0.2690 0.9616
vn 0.0379 -0.3472 -0.9370
vn 0.0148 -0.3280 -0.9446
vn 0.4504 0.8450 -0.2882
vn 0.7260 0.6532 -0.2148
vn 0.7979 0.5736 -0.1853
vn 0.0124 -0.3259 -0.9453
vn 0.7452 -0.6239 0.2354
vn -0.2572 -0.0778 -0.9632
vn -0.7144 -0.6903 -0.1141
vn -0.7151 0.6959 0.0662
vn -0.6852 -0.7114 0.1564
vn -0.7055 0.7005 0.1074
vn -0.4898 -0.6041 0.6286
vn -0.6709 0.7068 0.2244
vn 0.7057 -0.7004 -0.1066
vn 0.6979 -0.7030 -0.1365
vn 0.5770 0.6630 -0.4770
vn 0.6856 0.7114 -0.1545
vn 0.7037 0.7091 -0.0448
vn 0.6971 -0.7033 -0.1396
vn 0.2572 0.0778 0.9632
vn 0.3816 -0.5948 -0.7075
vn -0.4924 -0.8700 -0.0253
vn -0.6137 0.3417 -0.7117
vn -0.6335 -0.7532 0.1771
vn -0.6312 0.3678 -0.6829
vn -0.7660 -0.3806 0.5180
vn -0.6749 0.4386 -0.5934
vn 0.6309 -0.3673 0.6835
vn 0.6429 -0.3858 0.6617
vn 0.7428 0.5289 -0.4106
vn 0.6326 0.7542 -0.1757
vn 0.5804 0.8089 -0.0942
vn 0.6441 -0.3877 0.6594
vn -0.3816 0.5948 0.7075
vn -0.0316 -0.2735 -0.9614
vn 0.8342 0.2875 -0.4706
vn 0.4290 -0.8872 0.1696
vn 0.8958 0.3845 -0.2230
vn 0.4312 -0.8773 0.2110
vn 0.8263 0.4861 0.2844
vn 0.4331 -0.8399 0.3273
vn -0.4311 0.8775 -0.2101
vn -0.4322 0.8692 -0.2400
vn -0.8786 -0.4650 -0.1087
vn -0.8956 -0.3839 0.2248
vn -0.8783 -0.3475 0.3285
vn -0.4323 0.8683 -0.2432
vn 0.0315 0.2735 0.9614
vn -0.5932 0.3123 -0.7420
vn -0.8311 -0.5548 -0.0373
vn -0.4896 0.6533 0.5774
vn -0.7124 -0.6798 0.1743
vn -0.4653 0.6413 0.6102
vn -0.3445 -0.7729 0.5329
vn -0.3907 0.6002 0.6979
vn 0.4657 -0.6415 -0.6096
vn 0.4475 -0.6320 -0.6327
vn 0.4899 0.7642 -0.4196
vn 0.7134 0.6791 -0.1729
vn 0.7685 0.6338 -0.0875
vn 0.4455 -0.6310 -0.6351
vn 0.5932 -0.3123 0.7420
vn 0.0026 0.3132 0.9497
vn -0.6241 -0.5545 0.5505
vn 0.7440 -0.6116 0.2692
vn -0.6642 -0.6797 0.3113
vn 0.7453 -0.6261 0.2292
vn -0.6021 -0.7733 -0.1987
vn 0.7416 -0.6614 0.1123
vn -0.7453 0.6258 -0.2300
vn -0.7454 0.6357 -0.2006
vn 0.6444 0.7644 0.0193
vn 0.6641 0.6790 -0.3130
vn 0.6535 0.6336 -0.4141
vn -0.7454 0.6367 -0.1975
vn -0.0026 -0.3132 -0.9497
vn -0.7441 0.6127 -0.2662
vn -0.8836 -0.4504 0.1280
vn -0.0933 0.3922 0.9152
vn -0.7246 -0.6554 0.2128
vn -0.0617 0.3668 0.9283
vn -0.2792 -0.9028 0.3272
vn 0.0293 0.2903 0.9565
vn 0.0624 -0.3673 -0.9280
vn 0.0393 -0.3484 -0.9365
vn 0.4507 0.8421 -0.2962
vn 0.7259 0.6542 -0.2123
vn 0.7977 0.5758 -0.1793
vn 0.0369 -0.3464 -0.9374
vn 0.7441 -0.6127 0.2662
vn -0.4341 0.1119 -0.8939
vn -0.7759 -0.6244 -0.0901
vn -0.6333 0.7038 0.3218
vn -0.6995 -0.6960 0.1620
vn -0.6160 0.7004 0.3606
vn -0.4133 -0.6862 0.5986
vn -0.5602 0.6835 0.4680
vn 0.6164 -0.7004 -0.3598
vn 0.6031 -0.6972 -0.3876
vn 0.5311 0.7122 -0.4590
vn 0.7002 0.6957 -0.1603
vn 0.7378 0.6725 -0.0582
vn 0.6017 -0.6968 -0.3905
vn 0.4341 -0.1119 0.8939
vn 0.4025 -0.6070 -0.6852
vn -0.4852 -0.8742 -0.0176
vn -0.5995 0.3212 -0.7331
vn -0.6318 -0.7542 0.1789
vn -0.6178 0.3477 -0.7052
vn -0.7751 -0.3753 0.5084
vn -0.6641 0.4202 -0.6184
vn 0.6175 -0.3472 0.7058
vn 0.6301 -0.3661 0.6847
vn 0.7482 0.5257 -0.4049
vn 0.6309 0.7553 -0.1776
vn 0.5763 0.8113 -0.0985
vn 0.6314 -0.3681 0.6825
vn -0.4025 0.6070 0.6852
vn 0.7409 -0.6635 0.1041
vn -0.3676 -0.8938 0.2567
vn -0.0333 -0.2869 -0.9574
vn -0.6044 -0.7588 0.2428
vn -0.0649 -0.2592 -0.9636
vn -0.9214 -0.3508 0.1670
vn -0.1550 -0.1770 -0.9719
vn 0.0643 0.2597 0.9635
vn 0.0873 0.2392 0.9670
vn 0.8359 0.5110 -0.2001
vn 0.6029 0.7599 -0.2430
vn 0.5110 0.8222 -0.2508
vn 0.0897 0.2370 0.9673
vn -0.7409 0.6635 -0.1041
vn -0.6762 0.6242 0.3912
vn -0.6450 -0.5028 0.5754
vn 0.5469 0.1868 0.8161
vn -0.4907 -0.7144 0.4988
vn 0.5768 0.1605 0.8010
vn -0.1019 -0.9620 0.2534
vn 0.6566 0.0836 0.7496
vn -0.5762 -0.1610 -0.8013
vn -0.5973 -0.1417 -0.7894
vn 0.2469 0.9032 -0.3512
vn 0.4919 0.7131 -0.4995
vn 0.5596 0.6326 -0.5354
vn -0.5995 -0.1397 -0.7881
vn 0.6762 -0.6242 -0.3912
vn -0.7530 0.6317 -0.1842
vn -0.6288 0.0270 0.7771
vn 0.4779 0.7877 0.3888
vn -0.4513 -0.1534 0.8791
vn 0.5109 0.7622 0.3974
vn -0.0274 -0.4582 0.8884
vn 0.6004 0.6817 0.4181
vn -0.5103 -0.7628 -0.3973
vn -0.5338 -0.7434 -0.4031
vn 0.1828 0.3621 -0.9140
vn 0.4527 0.1522 -0.8786
vn 0.5296 0.0794 -0.8445
vn -0.5362 -0.7413 -0.4037
vn 0.7530 -0.6317 0.1843
vn -0.8456 -0.4766 0.2403
vn 0.2624 0.0726 0.9622
vn -0.7011 -0.6724 0.2375
vn -0.3835 -0.9009 0.2034
vn 0.1588 0.1735 0.9720
vn -0.0927 -0.2344 -0.9677
vn 0.4850 0.8472 -0.2170
vn 0.7019 0.6716 -0.2375
vn 0.7917 0.5614 -0.2409
vn -0.3146 -0.0190 -0.9490
vn 0.4576 -0.6373 -0.6201
vn -0.5059 -0.8614 0.0459
vn -0.6263 0.3603 -0.6913
vn -0.6433 -0.7379 0.2044
vn -0.5776 0.2906 -0.7629
vn -0.7823 -0.4493 0.4315
vn -0.5612 0.2686 -0.7829
vn 0.5772 -0.2901 0.7634
vn 0.5148 -0.2087 0.8315
vn 0.7534 0.5432 -0.3705
vn 0.6427 0.7386 -0.2037
vn 0.5666 0.8163 -0.1121
vn 0.6552 -0.4054 0.6375
vn -0.4576 0.6373 0.6201
vn -0.5498 0.5802 0.6009
vn -0.7601 -0.5221 0.3869
vn 0.5364 -0.2213 0.8144
vn -0.6494 -0.7223 0.2380
vn 0.5609 -0.2465 0.7903
vn -0.3094 -0.9468 -0.0886
vn 0.6254 -0.3162 0.7134
vn -0.5604 0.2460 -0.7908
vn -0.5776 0.2641 -0.7724
vn 0.4434 0.8959 -0.0276
vn 0.6503 0.7211 -0.2391
vn 0.7016 0.6453 -0.3024
vn -0.5794 0.2660 -0.7704
vn 0.5498 -0.5802 -0.6009
vn -0.6058 0.0447 0.7944
vn -0.0148 0.0447 0.9989
vn -0.8443 -0.0680 0.5316
vn -0.2382 0.1459 0.9602
vn -0.4791 -0.3217 0.8167
vn -0.1038 0.1500 0.9832
vn -0.5348 -0.6087 0.5860
vn -0.3242 0.0421 0.9450
vn -0.5216 -0.4155 0.7452
vn 0.0870 -0.4691 0.8788
vn -0.7816 -0.3992 0.4793
vn -0.1428 -0.3816 0.9133
vn -0.3798 -0.7305 0.5676
vn -0.0069 -0.3784 0.9256
vn -0.4485 -0.8645 0.2271
vn -0.2260 -0.4703 0.8531
vn -0.4589 0.0447 0.8873
vn 0.1586 0.0447 0.9863
vn -0.7393 -0.0680 0.6699
vn -0.0682 0.1460 0.9869
vn -0.4589 0.0447 0.8874
vn -0.3303 -0.3217 0.8873
vn 0.0682 0.1500 0.9863
vn -0.4251 -0.6087 0.6699
vn -0.1555 0.0421 0.9869
vn -0.3303 -0.3217 0.8874
vn -0.2860 0.6578 -0.6968
vn -0.0420 -0.2355 -0.9710
vn -0.6865 -0.0861 -0.7220
vn -0.8777 -0.3131 0.3627
vn -0.5196 -0.5444 0.6585
vn -0.4845 -0.3785 0.7886
vn -0.8779 -0.1992 0.4355
vn 0.2749 0.9298 -0.2447
vn -0.1753 0.9568 -0.2318
vn 0.1374 0.9654 -0.2216
vn -0.0335 0.9757 -0.2167
vn 0.3188 0.6182 -0.7185
vn 0.3804 -0.8658 0.3250
vn 0.3125 -0.9204 -0.2351
vn 0.8196 -0.5702 -0.0560
vn 0.7522 -0.6478 0.1207
vn -0.6056 -0.5428 -0.5819
vn -0.8699 -0.4224 -0.2548
vn -0.7426 0.6589 0.1200
vn -0.4887 0.8667 -0.1002
vn -0.7499 0.6612 0.0213
vn -0.5737 0.6340 -0.5186
vn -0.5099 0.8591 -0.0445
vn -0.3849 0.4477 0.8071
vn 0.5685 0.3690 0.7353
vn 0.5295 0.8261 -0.1927
vn -0.4133 0.8905 -0.1903
vn -0.7545 0.2510 0.6064
vn -0.8075 0.5563 -0.1960
vn -0.8819 0.4612 -0.0979
vn -0.8529 0.0414 0.5204
vn -0.7789 0.4986 -0.3804
vn -0.7378 0.0697 -0.6714
vn -0.8956 0.4419 0.0509
vn -0.7556 0.6414 -0.1328
vn -0.2367 0.4070 0.8823
vn -0.9125 -0.1329 0.3868
vn -0.2894 0.1382 0.9472
vn 0.5176 -0.2537 0.8172
vn 0.4844 -0.0060 0.8748
vn -0.4394 0.0637 0.8960
vn -0.4965 -0.1928 0.8463
vn -0.4619 -0.8153 0.3492
vn -0.4331 -0.8756 -0.2136
vn -0.1953 -0.9667 0.1651
vn -0.3766 -0.7650 0.5224
vn 0.0389 0.1042 0.9938
vn 0.0908 -0.9832 0.1580
vn 0.0569 -0.9479 0.3134
vn -0.8688 -0.1018 0.4845
vn -0.2761 0.8366 -0.4731
vn 0.0192 0.9836 0.1796
vn 0.0312 0.9798 0.1978
vn -0.2524 0.9068 -0.3378
vn 0.1951 0.6360 0.7466
vn 0.0972 0.9763 0.1933
vn 0.3337 0.3727 0.8659
vn -0.0747 0.6522 0.7543
vn 0.3576 0.0993 0.9286
vn 0.1520 -0.4561 0.8768
vn 0.8766 -0.2066 0.4346
vn 0.8709 -0.3052 0.3852
vn 0.1084 -0.4714 0.8752
vn -0.4371 0.8842 -0.1650
vn -0.4773 0.4317 0.7654
vn 0.4812 0.3957 0.7822
vn 0.5052 0.8354 -0.2167
vn -0.1168 -0.4483 0.8862
vn -0.1570 -0.4320 0.8881
vn 0.1099 -0.0838 0.9904
vn 0.6744 -0.2811 0.6827
vn 0.5839 0.2245 0.7802
vn -0.4524 0.3414 0.8239
vn -0.8006 0.2296 0.5535
vn -0.8454 0.0624 0.5304
vn 0.2942 -0.8283 -0.4768
vn 0.3558 -0.7997 -0.4837
vn -0.4759 -0.7498 -0.4598
vn -0.4179 -0.7856 -0.4564
vn -0.4028 -0.8991 0.1711
vn -0.8806 -0.4738 -0.0052
vn -0.9146 0.1618 0.3707
vn 0.3340 0.8744 -0.3519
vn 0.3440 0.7976 -0.4954
vn -0.0069 0.1741 0.9847
vn 0.5491 -0.0039 0.8358
vn -0.6618 0.2471 0.7078
vn -0.2568 -0.2405 -0.9361
vn -0.9763 0.0736 -0.2037
vn 0.7418 -0.4872 -0.4608
vn 0.7524 -0.2827 -0.5949
vn 0.1491 -0.4462 -0.8824
vn -0.7511 0.3042 0.5859
vn -0.7261 0.0629 -0.6847
vn -0.6846 0.6086 0.4011
vn 0.7046 -0.5185 -0.4845
vn 0.8663 -0.4547 0.2068
vn 0.9281 -0.2841 0.2407
vn 0.0153 -0.3123 -0.9499
vn -0.0224 0.5374 0.8430
vn 0.2409 0.4633 0.8528
vn 0.8510 0.3793 0.3631
vn -0.1511 -0.9367 0.3159
vn -0.2591 -0.8383 0.4797
vn -0.6861 -0.0816 0.7229
vn -0.4980 0.3811 0.7790
vn -0.1223 -0.2679 0.9556
vn 0.4894 0.2510 0.8352
vn 0.4827 -0.3206 0.8150
vn -0.3034 -0.7728 -0.5575
vn 0.3168 -0.8068 0.4988
vn -0.7675 -0.6124 0.1897
vn -0.6368 -0.5461 -0.5443
vn 0.6782 0.2695 0.6836
vn 0.7022 -0.3119 0.6400
vn 0.4614 -0.3236 0.8261
vn -0.4329 -0.1693 0.8854
vn -0.3133 0.3034 0.8999
vn -0.6471 0.4383 0.6238
vn -0.8505 0.0339 0.5249
vn -0.5244 -0.3279 -0.7858
vn -0.7371 0.5978 0.3151
vn 0.0035 0.3485 0.9373
vn -0.8743 0.2528 -0.4144
vn -0.0637 -0.9895 -0.1299
vn 0.3221 -0.9253 0.2001
vn 0.3923 -0.6257 0.6743
vn -0.2304 -0.7468 0.6238
vn -0.9119 -0.3291 0.2453
vn -0.5852 -0.6519 -0.4822
vn -0.6248 -0.2466 0.7408
vn 0.8596 -0.3252 0.3941
vn -0.5163 0.8031 -0.2975
vn -0.8578 0.1899 -0.4776
vn 0.8105 0.4487 0.3764
vn 0.1507 0.9853 0.0808
vn 0.0551 0.3695 -0.9276
vn 0.8731 0.1479 -0.4647
vn 0.5907 0.7366 -0.3293
vn -0.0270 0.9959 0.0859
vn -0.0635 0.3766 -0.9242
vn 0.0369 0.9374 0.3463
vn 0.9778 0.2082 0.0246
vn 0.5000 0.6035 -0.6211
vn 0.6843 -0.6452 -0.3399
vn -0.3093 0.5925 -0.7439
vn -0.3475 -0.3581 -0.8666
vn 0.7098 0.6232 0.3283
vn 0.5687 -0.7974 -0.2018
vn -0.0948 -0.9844 -0.1480
vn -0.1498 -0.9818 -0.1168
vn 0.8820 -0.2558 0.3957
vn 0.7986 0.2870 0.5291
vn -0.0924 0.8960 0.4343
vn 0.0876 0.8790 0.4688
vn -0.0424 0.2797 0.9591
vn -0.5140 -0.7086 0.4834
vn -0.3649 0.3613 0.8581
vn 0.4523 0.2761 0.8481
vn 0.2871 -0.8043 0.5203
vn -0.1981 -0.7843 0.5879
vn -0.7944 -0.5662 0.2197
vn -0.6304 0.5096 0.5856
vn 0.5823 0.8024 -0.1310
vn 0.8216 0.5650 0.0751
vn 0.7971 -0.5225 -0.3027
vn 0.5020 -0.6093 -0.6138
vn 0.7375 0.3089 0.6006
vn 0.5994 -0.7657 0.2331
vn -0.5340 -0.1117 0.8381
vn 0.6288 -0.1651 -0.7598
vn 0.8533 -0.4170 0.3129
vn 0.4802 -0.4364 0.7609
vn 0.4876 -0.6049 0.6296
vn 0.1079 0.9788 0.1743
vn 0.4668 -0.5332 -0.7055
vn 0.7185 -0.6580 0.2255
vn -0.4216 -0.7655 0.4860
vn -0.1209 -0.7827 -0.6106
vn 0.8322 0.5532 -0.0388
vn 0.6031 0.7944 -0.0726
vn 0.6207 0.5487 -0.5600
vn 0.8557 0.4565 -0.2438
vn 0.8126 0.1569 0.5614
vn 0.8801 -0.0626 0.4706
vn 0.9236 0.3528 -0.1498
vn 0.6872 -0.0217 -0.7261
vn 0.8119 0.3901 -0.4344
vn 0.8189 0.5469 -0.1741
vn 0.9435 0.3315 -0.0019
vn 0.9107 -0.2423 0.3344
vn -0.6646 -0.2032 0.7191
vn -0.0640 -0.0763 0.9950
vn 0.8684 0.0744 0.4902
vn 0.8795 -0.0666 0.4712
vn 0.3005 -0.9411 0.1552
vn 0.9494 0.0421 0.3113
vn -0.4969 0.0589 0.8658
vn 0.0840 0.1686 0.9821
vn 0.7260 0.1638 0.6680
vn 0.1722 -0.2663 -0.9484
vn 0.9648 -0.0429 -0.2595
vn -0.8199 -0.3934 -0.4159
vn 0.8144 0.2102 0.5409
vn 0.7751 0.5235 0.3539
vn -0.7858 -0.4340 -0.4406
vn -0.9401 -0.1720 0.2944
vn -0.8998 -0.3503 0.2600
vn -0.1346 0.4859 0.8636
vn 0.1332 0.5289 0.8382
vn -0.7774 0.4771 0.4099
vn 0.1824 -0.8630 0.4711
vn 0.5837 0.3162 0.7479
vn 0.5143 -0.7614 0.3946
vn -0.4068 0.3103 0.8592
vn 0.7285 0.3591 0.5834
vn -0.6402 -0.6802 0.3571
vn -0.6009 0.3463 0.7204
vn 0.3983 0.2607 0.8794
vn 0.4356 -0.3855 -0.8134
vn 0.0873 0.3406 0.9362
vn 0.8179 0.5059 0.2740
vn -0.0626 -0.9895 -0.1299
vn 0.1760 -0.7705 0.6126
vn -0.4238 -0.5805 0.6953
vn -0.4184 -0.8809 0.2213
vn 0.8780 -0.4366 0.1961
vn 0.4745 -0.7155 -0.5126
vn -0.8683 -0.2215 0.4438
vn 0.6322 -0.3221 0.7046
vn 0.8456 0.0876 -0.5266
vn -0.7282 0.5411 0.4207
vn 0.0953 0.9339 0.3446
vn -0.4590 0.6611 -0.5936
vn -0.9429 0.3235 0.0798
vn -0.7748 -0.5576 -0.2980
vn 0.2521 -0.3941 -0.8838
vn 0.3348 0.5538 -0.7624
vn -0.6705 -0.7230 -0.1662
vn -0.6103 0.7024 0.3662
vn -0.7269 0.3785 0.5730
vn 0.0245 -0.9923 -0.1218
vn -0.0322 -0.9882 -0.1498
vn 0.2235 0.8771 0.4252
vn 0.0451 0.8815 0.4700
vn 0.1304 0.2693 0.9542
vn 0.4540 0.3121 0.8345
vn 0.4524 -0.7666 0.4556
vn -0.3509 -0.7660 0.5387
vn -0.3668 0.3253 0.8716
vn 0.1363 -0.8044 0.5783
vn 0.7193 0.4286 0.5468
vn 0.7323 -0.6579 0.1758
vn -0.6723 -0.6894 0.2697
vn -0.6597 0.3928 0.6407
vn 0.5661 -0.1812 0.8042
vn 0.3492 -0.7572 0.5519
vn -0.8160 -0.5537 0.1658
vn 0.0185 -0.1661 0.9859
vn 0.9053 -0.0125 0.4246
vn 0.6020 0.5776 0.5513
vn 0.6909 -0.6581 0.2994
vn 0.0517 -0.9667 0.2507
vn -0.6176 -0.7231 0.3091
vn -0.8939 -0.0956 0.4379
vn -0.6424 0.5229 0.5603
vn -0.0303 0.7942 0.6069
vn -0.6951 0.6395 0.3285
vn -0.0351 0.9203 0.3896
vn -0.9856 -0.0244 0.1675
vn -0.6937 -0.7203 -0.0085
vn 0.0527 -0.9949 -0.0865
vn 0.7628 -0.6466 -0.0107
vn 0.9846 0.0655 0.1623
vn 0.6421 0.6949 0.3238
vn 0.9053 -0.0126 0.4246
vn -0.6177 -0.7231 0.3091
vn -0.6424 0.5229 0.5602
vn -0.4441 0.7351 0.5122
vn 0.1368 0.9436 0.3014
vn 0.2486 0.7994 -0.5469
vn -0.2688 0.5090 -0.8177
vn 0.8956 0.2496 -0.3682
vn 0.7624 -0.3672 -0.5328
vn 0.7838 0.3938 0.4801
vn 0.5871 -0.1411 0.7971
vn -0.7302 -0.1843 -0.6579
vn 0.1098 -0.8981 -0.4258
vn -0.0396 -0.7054 0.7077
vn -0.8796 0.0084 0.4756
vn -0.9822 0.1144 -0.1489
vn -0.2558 0.9469 -0.1947
vn -0.1359 0.1722 0.9756
vn -0.1369 0.1731 0.9753
vn -0.1489 0.1833 0.9717
vn 0.1288 -0.1662 -0.9776
vn 0.4148 0.9045 -0.0991
vn -0.9622 -0.2594 -0.0827
vn -0.6178 -0.7846 0.0520
vn -0.9276 -0.3689 -0.0595
vn 0.7167 0.6970 -0.0240
vn 0.5983 0.7992 -0.0570
vn 0.1218 -0.1602 -0.9795
vn 0.1208 -0.1593 -0.9798
vn -0.1288 0.1662 0.9776
vn 0.1087 -0.1490 -0.9828
vn 0.0278 -0.9849 0.1711
vn 0.2640 -0.9445 0.1954
vn 0.9833 -0.1061 0.1476
vn 0.7532 0.6576 -0.0125
vn -0.1218 0.1602 0.9795
vn -0.1087 0.1490 0.9828
vn -0.1208 0.1593 0.9798
vn 0.8387 0.5443 0.0180
vn -0.1119 -0.9820 0.1522
vn -0.6882 -0.7248 0.0325
vn -0.2264 -0.9648 0.1342
vn 0.5857 0.8083 -0.0602
vn 0.7057 0.7079 -0.0273
vn 0.1359 -0.1722 -0.9756
vn 0.1369 -0.1731 -0.9753
vn 0.1489 -0.1833 -0.9717
vn -0.9864 -0.1231 -0.1091
vn 0.5409 0.8381 -0.0712
vn 0.2213 -0.5874 -0.7785
vn 0.1822 -0.5539 -0.8124
vn 0.3608 -0.4641 -0.8090
vn 0.4447 -0.4855 -0.7526
vn 0.1305 -0.4820 -0.8664
vn 0.2515 -0.4115 -0.8760
vn -0.0000 -0.1816 -0.9834
vn 0.3464 -0.2934 -0.8910
vn -0.2478 -0.5629 -0.7885
vn -0.2230 -0.5894 -0.7764
vn -0.0004 -0.6172 -0.7868
vn -0.0006 -0.5857 -0.8105
vn -0.0001 -0.5814 -0.8136
vn 0.2447 -0.5581 -0.7929
vn -0.0003 -0.4585 -0.8887
vn 0.2587 -0.4424 -0.8587
vn -0.6453 0.7613 0.0625
vn -0.3481 0.9193 0.1837
vn -0.3487 0.9342 -0.0751
vn -0.6452 0.7479 -0.1561
vn 0.2595 -0.1339 -0.9564
vn 0.2097 0.3416 -0.9162
vn 0.0002 0.3906 -0.9206
vn 0.0002 -0.1156 -0.9933
vn 0.5132 -0.3007 -0.8039
vn 0.6389 -0.2891 -0.7129
vn 0.3767 0.0295 -0.9259
vn 0.3935 -0.1382 -0.9089
vn 0.4981 -0.4566 -0.7371
vn 0.5323 -0.3614 -0.7656
vn 0.7183 -0.2462 -0.6507
vn 0.6000 -0.0713 -0.7968
vn 0.7470 -0.0076 -0.6648
vn 0.7663 -0.1615 -0.6218
vn 0.8403 0.5255 -0.1333
vn 0.8949 0.2516 -0.3685
vn 0.8793 0.1390 -0.4555
vn 0.8334 0.4667 -0.2960
vn 0.5868 0.1873 -0.7878
vn 0.2944 0.1776 -0.9390
vn 0.4654 0.4221 -0.7780
vn 0.8337 0.0597 -0.5489
vn 0.7256 0.3073 -0.6156
vn 0.8004 0.3966 -0.4496
vn 0.5709 0.5882 -0.5728
vn -0.8430 0.5229 -0.1260
vn -0.8389 0.4651 -0.2826
vn 0.6230 0.6907 -0.3671
vn 0.3128 0.7790 -0.5434
vn 0.3392 0.8875 -0.3120
vn -0.5513 -0.1317 -0.8239
vn -0.7937 0.0027 -0.6083
vn -0.7757 -0.1693 -0.6080
vn -0.5393 -0.3708 -0.7561
vn 0.1609 0.2780 -0.9470
vn 0.2566 0.5841 -0.7701
vn 0.6426 0.7481 -0.1657
vn 0.3481 0.9340 -0.0801
vn -0.0000 0.3134 -0.9496
vn -0.0001 0.6418 -0.7669
vn 0.7880 0.0095 -0.6156
vn 0.5468 -0.1238 -0.8280
vn 0.0000 0.9988 -0.0487
vn -0.0003 0.9567 -0.2912
vn -0.3406 0.8886 -0.3073
vn -0.0003 0.8467 -0.5321
vn -0.2570 0.5845 -0.7696
vn -0.3140 0.7802 -0.5411
vn -0.1609 0.2781 -0.9470
vn -0.2945 0.1776 -0.9390
vn -0.4663 0.4227 -0.7771
vn -0.2608 -0.1392 -0.9553
vn -0.2614 -0.4490 -0.8544
vn -0.6267 0.6922 -0.3580
vn -0.8070 0.3972 -0.4371
vn -0.5735 0.5898 -0.5685
vn -0.5881 0.1878 -0.7867
vn -0.7300 0.3086 -0.6098
vn -0.3767 0.0295 -0.9258
vn -0.3936 -0.1382 -0.9089
vn -0.6015 -0.0712 -0.7957
vn -0.7525 -0.0077 -0.6585
vn 0.0002 0.9744 0.2247
vn 0.3480 0.9198 0.1810
vn -0.2515 -0.4116 -0.8760
vn -0.3464 -0.2934 -0.8910
vn -0.5146 -0.3010 -0.8028
vn -0.6443 -0.2909 -0.7072
vn -0.8430 0.0579 -0.5349
vn -0.8877 0.1347 -0.4403
vn 0.6443 0.7627 0.0572
vn -0.3617 -0.4646 -0.8083
vn -0.4485 -0.4883 -0.7486
vn -0.0000 -0.5050 -0.8631
vn -0.1305 -0.4820 -0.8664
vn -0.7280 -0.2511 -0.6379
vn -0.1826 -0.5543 -0.8121
vn -0.5052 -0.4632 -0.7282
vn -0.8996 0.2471 -0.3602
vn -0.2099 0.3402 -0.9166
vn 0.6263 0.7490 0.2164
vn 0.8114 0.5839 -0.0286
vn 0.3393 0.8623 0.3759
vn 0.4828 0.2665 -0.8342
vn 0.7329 0.2827 -0.6188
vn 0.0001 0.9022 0.4313
vn -0.3392 0.8620 0.3767
vn -0.4842 0.2640 -0.8341
vn 0.5287 -0.2745 0.8032
vn 0.4613 -0.4262 0.7782
vn 0.5747 -0.5723 0.5849
vn 0.7148 -0.3871 0.5824
vn -0.8122 0.5828 -0.0266
vn -0.6265 0.7483 0.2179
vn -0.8548 0.4062 -0.3229
vn -0.7350 0.2802 -0.6175
vn 0.8532 0.4079 -0.3249
vn 0.0000 0.8713 0.4908
vn 0.3326 0.8384 0.4318
vn -0.3326 0.8384 0.4319
vn 0.1748 0.5402 -0.8232
vn 0.0000 0.5930 -0.8052
vn -0.1748 0.5401 -0.8232
vn 0.4317 0.4449 -0.7847
vn -0.6120 0.7464 0.2615
vn 0.6841 0.4173 -0.5982
vn -0.7872 0.6167 0.0013
vn 0.8163 0.4889 -0.3076
vn -0.8165 0.4886 -0.3074
vn 0.7871 0.6168 0.0011
vn 0.6120 0.7465 0.2613
vn -0.6844 0.4170 -0.5981
vn -0.4318 0.4446 -0.7848
vn 0.2517 -0.3350 0.9080
vn 0.2726 -0.2261 0.9352
vn -0.1908 -0.9480 0.2547
vn -0.3960 -0.8811 0.2584
vn -0.5867 -0.7951 0.1535
vn -0.2988 -0.9401 0.1640
vn -0.0485 -0.9432 0.3286
vn -0.0824 -0.9541 0.2878
vn -0.0000 -0.3054 0.9522
vn -0.0000 -0.2146 0.9767
vn 0.0000 -0.9285 0.3714
vn 0.0000 -0.9353 0.3538
vn 0.0824 -0.9541 0.2878
vn 0.0485 -0.9432 0.3286
vn -0.2517 -0.3350 0.9080
vn -0.2726 -0.2261 0.9352
vn 0.1908 -0.9480 0.2547
vn 0.2988 -0.9401 0.1640
vn -0.4613 -0.4262 0.7782
vn -0.5287 -0.2745 0.8032
vn 0.3960 -0.8811 0.2585
vn 0.5867 -0.7951 0.1535
vn -0.5747 -0.5723 0.5849
vn -0.7148 -0.3871 0.5824
vn 0.7507 -0.5742 0.3268
vn 0.5504 -0.7408 0.3852
vn -0.5504 -0.7408 0.3852
vn -0.7507 -0.5742 0.3268
vn -0.1636 -0.8568 0.4889
vn 0.0978 -0.9293 0.3560
vn 0.0786 -0.9427 0.3242
vn -0.1682 -0.7925 0.5862
vn 0.0959 -0.9160 0.3895
vn -0.1038 -0.9034 0.4161
vn -0.0756 -0.9070 0.4142
vn 0.0357 -0.9207 0.3885
vn 0.1038 -0.9034 0.4161
vn -0.0959 -0.9160 0.3895
vn -0.0978 -0.9293 0.3560
vn 0.1636 -0.8568 0.4889
vn 0.0756 -0.9070 0.4142
vn -0.0357 -0.9207 0.3885
vn 0.1682 -0.7925 0.5862
vn -0.0786 -0.9427 0.3242
vn 0.0473 -0.9039 0.4251
vn 0.0032 -0.9198 0.3924
vn -0.0433 -0.9521 0.3026
vn 0.1051 -0.7387 0.6658
vn 0.0213 -0.9045 0.4259
vn 0.0098 -0.9152 0.4029
vn -0.0000 -0.9554 0.2952
vn -0.0000 -0.7182 0.6958
vn 0.0000 -0.9053 0.4247
vn 0.0000 -0.9133 0.4073
vn -0.0098 -0.9152 0.4029
vn -0.0213 -0.9045 0.4259
vn 0.0433 -0.9521 0.3026
vn -0.1051 -0.7387 0.6658
vn -0.0473 -0.9039 0.4251
vn -0.0032 -0.9198 0.3924
vn 0.6081 0.2823 -0.7420
vn 0.3052 0.3348 -0.8915
vn 0.3170 0.2164 -0.9234
vn 0.6238 0.1923 -0.7576
vn -0.0000 0.3603 -0.9328
vn -0.2629 0.3450 -0.9010
vn -0.2707 0.2251 -0.9360
vn -0.0000 0.2393 -0.9709
vn 0.1861 0.3068 0.9334
vn 0.1797 0.5799 0.7946
vn -0.1797 0.5799 0.7946
vn -0.1861 0.3068 0.9334
vn 0.8548 0.2453 -0.4574
vn 0.8546 0.2236 -0.4687
vn -0.7820 0.4631 0.4172
vn -0.8129 0.2736 0.5142
vn -0.5360 0.2950 0.7910
vn -0.5161 0.5398 0.6650
vn -0.9289 0.3616 0.0801
vn -0.9587 0.2499 0.1359
vn 0.9451 0.3091 -0.1060
vn 0.9677 0.2420 -0.0701
vn -0.9200 0.2614 -0.2921
vn -0.9320 0.2397 -0.2719
vn 0.8852 0.2644 0.3827
vn 0.8509 0.4283 0.3042
vn -0.7535 0.1998 -0.6264
vn -0.7435 0.2599 -0.6162
vn 0.5523 0.5325 0.6414
vn 0.5750 0.2925 0.7641
vn -0.5058 0.1970 -0.8399
vn -0.4925 0.3046 -0.8152
vn 0.5830 0.0341 0.8117
vn 0.5717 -0.1471 0.8072
vn 0.8921 -0.1255 0.4339
vn 0.9042 0.0533 0.4239
vn -0.5337 0.1792 -0.8264
vn -0.5586 0.0263 -0.8290
vn -0.8063 -0.0105 -0.5914
vn -0.7831 0.1420 -0.6054
vn -0.9644 0.1008 -0.2443
vn -0.0000 0.0491 -0.9988
vn -0.0000 0.2100 -0.9777
vn 0.3354 0.1967 -0.9213
vn 0.3532 0.0402 -0.9347
vn -0.1875 0.0271 0.9819
vn -0.1832 -0.1526 0.9712
vn 0.1832 -0.1526 0.9712
vn 0.1875 0.0271 0.9819
vn -0.2928 0.2025 -0.9345
vn -0.3090 0.0438 -0.9501
vn -0.5423 0.0323 0.8396
vn -0.5306 -0.1497 0.8343
vn 0.6740 0.0113 -0.7386
vn 0.6487 0.1628 -0.7434
vn -0.8274 0.0450 0.5599
vn -0.8132 -0.1370 0.5656
vn 0.9085 -0.0353 -0.4163
vn 0.8912 0.1209 -0.4371
vn -0.9824 0.0675 0.1743
vn -0.9753 -0.1071 0.1930
vn 0.9959 0.0829 -0.0367
vn 0.9962 -0.0856 -0.0136
vn -0.9735 -0.0611 -0.2204
vn -0.9429 -0.2652 0.2015
vn -0.8199 -0.5412 0.1867
vn -0.6736 -0.5570 0.4858
vn -0.7853 -0.2727 0.5559
vn 0.7903 -0.5305 -0.3066
vn 0.8937 -0.2284 -0.3862
vn 0.9660 -0.2585 0.0048
vn 0.8348 -0.5497 0.0315
vn -0.5146 -0.2699 0.8138
vn 0.7331 -0.5608 0.3849
vn 0.8609 -0.2717 0.4302
vn -0.9504 -0.2424 -0.1951
vn -0.8002 -0.2070 -0.5628
vn -0.7142 -0.5035 -0.4862
vn -0.8372 -0.5236 -0.1580
vn 0.5540 -0.2703 0.7874
vn 0.4661 -0.5722 0.6748
vn -0.5625 -0.1732 -0.8084
vn -0.5057 -0.4864 -0.7126
vn 0.1785 -0.2660 0.9473
vn 0.1457 -0.5846 0.7981
vn 0.0116 -0.4709 -0.8821
vn 0.0006 -0.1429 -0.9897
vn 0.3585 -0.1563 -0.9204
vn 0.3398 -0.4834 -0.8067
vn -0.1786 -0.2655 0.9474
vn -0.1511 -0.5815 0.7994
vn -0.3134 -0.1513 -0.9375
vn -0.2786 -0.4749 -0.8348
vn -0.4359 -0.5712 0.6955
vn 0.6152 -0.5068 -0.6039
vn 0.6751 -0.1897 -0.7129
vn 0.8599 0.4104 -0.3036
vn 0.6558 0.4516 -0.6049
vn 0.3675 0.4809 -0.7960
vn -0.5851 0.2614 0.7677
vn -0.2604 0.2299 0.9377
vn 0.9300 0.3609 0.0694
vn 0.1020 0.2229 0.9695
vn 0.4950 0.2553 0.8305
vn -0.8216 0.3088 0.4792
vn 0.8082 0.3158 0.4972
vn -0.9247 0.3620 0.1177
vn -0.6980 0.4533 -0.5544
vn -0.8767 0.4121 -0.2482
vn -0.2432 0.4792 -0.8433
vn -0.4786 0.4644 -0.7451
vn 0.0448 0.4946 -0.8680
vn -0.3083 0.9389 0.1529
vn -0.2414 0.9292 0.2799
vn -0.7745 0.5373 0.3339
vn -0.9228 0.3849 0.0164
vn -0.2583 0.9617 -0.0917
vn -0.3102 0.9505 0.0179
vn -0.1788 0.9710 -0.1585
vn 0.1838 0.9297 0.3190
vn 0.2857 0.9426 0.1729
vn -0.0487 0.9815 -0.1851
vn -0.1035 0.9785 -0.1782
vn 0.0282 0.9240 0.3814
vn 0.0068 0.9812 -0.1929
vn 0.0773 0.9794 -0.1866
vn 0.1578 0.9744 -0.1599
vn 0.2378 0.9667 -0.0948
vn -0.1199 0.9237 0.3639
vn 0.2907 0.9567 0.0141
vn -0.2060 0.6987 0.6851
vn -0.4368 0.7114 0.5506
vn -0.5591 0.4290 0.7095
vn -0.2593 0.4034 0.8775
vn 0.5898 0.7866 -0.1825
vn 0.4547 0.8021 -0.3872
vn -0.5930 0.7325 0.3344
vn -0.7680 0.4702 0.4347
vn -0.6491 0.7568 0.0767
vn 0.7879 0.5662 -0.2421
vn 0.6130 0.5972 -0.5173
vn 0.6394 0.7656 0.0707
vn -0.8498 0.5175 0.1004
vn -0.6017 0.7793 -0.1751
vn 0.8465 0.5243 0.0926
vn 0.5705 0.7346 0.3673
vn -0.7946 0.5608 -0.2326
vn -0.4690 0.7969 -0.3807
vn 0.7459 0.4689 0.4730
vn 0.3463 0.7079 0.6156
vn -0.6230 0.5937 -0.5092
vn 0.4490 0.4196 0.7889
vn -0.3034 0.8106 -0.5009
vn 0.2646 0.8114 -0.5213
vn 0.0475 0.8147 -0.5780
vn -0.4055 0.6133 -0.6778
vn 0.0599 0.6978 0.7138
vn 0.0820 0.3993 0.9131
vn -0.1449 0.8159 -0.5598
vn -0.1926 0.6220 -0.7590
vn -0.3983 0.8561 -0.3292
vn -0.5132 0.8436 -0.1580
vn 0.3607 0.6160 -0.7003
vn 0.0690 0.6234 -0.7789
vn 0.0374 0.8680 -0.4951
vn -0.1293 0.8610 -0.4919
vn 0.3024 0.7944 0.5268
vn 0.4901 0.8191 0.2982
vn 0.2209 0.8665 -0.4477
vn 0.3822 0.8609 -0.3359
vn 0.4998 0.8503 -0.1650
vn -0.1884 0.7748 0.6034
vn 0.0518 0.7739 0.6312
vn -0.3920 0.7867 0.4768
vn 0.5494 0.8341 0.0497
vn -0.5221 0.8056 0.2800
vn -0.5609 0.8261 0.0547
vn -0.2658 0.8573 -0.4408
vn -0.5790 0.8116 0.0774
vn -0.5283 0.7916 0.3071
vn -0.4200 0.8445 -0.3324
vn -0.5376 0.8302 -0.1478
vn -0.1299 0.8613 -0.4912
vn -0.2710 0.8572 -0.4380
vn 0.3087 0.7679 0.5613
vn 0.5095 0.7899 0.3414
vn 0.0517 0.7634 0.6438
vn 0.0413 0.8589 -0.5105
vn 0.2352 0.8568 -0.4589
vn 0.4043 0.8499 -0.3379
vn 0.5240 0.8376 -0.1543
vn -0.1839 0.7641 0.6183
vn -0.3888 0.7743 0.4992
vn 0.5677 0.8201 0.0720
vn -0.2659 0.4221 0.8667
vn 0.0829 0.4167 0.9053
vn -0.7641 0.5018 0.4054
vn -0.5661 0.4536 0.6883
vn 0.8253 0.5607 0.0673
vn 0.7558 0.6041 -0.2528
vn 0.7459 0.5034 0.4362
vn -0.8295 0.5536 0.0744
vn -0.5928 0.6310 -0.5005
vn -0.7634 0.5984 -0.2432
vn 0.4548 0.4428 0.7727
vn -0.1859 0.6570 -0.7306
vn -0.3853 0.6488 -0.6562
vn 0.0631 0.6597 -0.7489
vn 0.3391 0.6528 -0.6774
vn 0.5812 0.6348 -0.5092
vn -0.5106 0.6462 0.5672
vn 0.8505 0.1445 -0.5058
vn 0.6171 0.0512 -0.7852
vn 0.9403 0.3004 -0.1597
vn -0.1779 0.7017 0.6899
vn 0.8448 0.4861 0.2236
vn -0.9160 0.2179 -0.3369
vn 0.5490 0.6361 0.5422
vn -0.7482 0.0873 -0.6577
vn -0.0000 0.0481 -0.9988
vn 0.3110 0.0380 -0.9496
vn -0.5067 0.0433 -0.8611
vn 0.1779 0.7017 0.6899
vn -0.2665 0.0472 -0.9627
vn -0.0458 0.9990 0.0000
vn -0.0780 0.9654 -0.2489
vn -0.1431 0.9033 -0.4044
vn -0.3211 0.9470 0.0000
vn 0.3335 0.9428 0.0000
vn -0.0780 0.9654 0.2489
vn 0.2391 0.8860 0.3972
vn 0.6929 0.5194 -0.5001
vn 0.2832 0.6924 -0.6636
vn 0.2454 0.8006 -0.5467
vn 0.6457 0.6389 -0.4183
vn -0.0322 0.8030 -0.5951
vn -0.0599 0.8551 -0.5149
vn 0.7791 0.5927 -0.2045
vn 0.6661 0.7319 -0.1435
vn 0.6383 0.7698 0.0000
vn 0.8149 0.5796 -0.0000
vn 0.5417 0.7995 -0.2596
vn 0.2391 0.8860 -0.3972
vn 0.8867 0.4623 -0.0000
vn 0.9543 0.2988 0.0000
vn 0.9077 0.3100 -0.2828
vn 0.8472 0.4713 -0.2452
vn 0.9252 0.2151 -0.3126
vn 0.7235 0.2955 -0.6239
vn 0.7300 0.3690 -0.5752
vn 0.7300 0.3690 0.5752
vn 0.7235 0.2955 0.6239
vn 0.9252 0.2151 0.3126
vn 0.9077 0.3100 0.2828
vn 0.5417 0.7995 0.2596
vn 0.6457 0.6389 0.4183
vn 0.7791 0.5927 0.2045
vn 0.6661 0.7319 0.1435
vn 0.9801 0.1986 0.0000
vn -0.0290 0.6324 0.7741
vn 0.2782 0.5337 0.7986
vn 0.2832 0.6924 0.6636
vn -0.0322 0.8030 0.5951
vn 0.2454 0.8006 0.5467
vn 0.6929 0.5194 0.5001
vn 0.8472 0.4713 0.2452
vn -0.1431 0.9033 0.4044
vn 0.2782 0.5337 -0.7986
vn 0.2725 0.4579 -0.8462
vn -0.0599 0.8551 0.5149
vn -0.0707 0.5322 0.8437
vn 0.2725 0.4579 0.8462
vn -0.0290 0.6324 -0.7741
vn -0.2595 -0.8362 -0.4831
vn -0.2248 -0.8502 -0.4760
vn 0.1330 -0.9536 -0.2702
vn 0.1237 -0.9511 -0.2829
vn -0.2248 -0.8502 0.4760
vn -0.4994 -0.6981 0.5130
vn -0.2595 -0.8362 0.4831
vn 0.2638 -0.9646 -0.0000
vn 0.2435 -0.9656 -0.0917
vn 0.2434 -0.9656 -0.0919
vn 0.2434 -0.9656 0.0919
vn 0.1330 -0.9536 0.2702
vn 0.1237 -0.9511 0.2829
vn 0.2435 -0.9656 0.0917
vn -0.4994 -0.6981 -0.5130
vn -0.1896 -0.7432 0.6417
vn 0.3022 -0.8745 0.3794
vn -0.2569 -0.9647 -0.0579
vn -0.3332 -0.9421 -0.0374
vn -0.1896 -0.7432 -0.6417
vn -0.3332 -0.9421 0.0374
vn -0.2569 -0.9647 0.0579
vn 0.3022 -0.8745 -0.3794
vn -0.5298 -0.5164 0.6728
vn -0.3908 -0.9201 -0.0259
vn 0.4297 -0.8915 0.1436
vn -0.2300 -0.9716 -0.0546
vn -0.2298 -0.9732 -0.0000
vn 0.4333 -0.9012 -0.0000
vn 0.4297 -0.8915 -0.1436
vn -0.2300 -0.9716 0.0546
vn -0.5298 -0.5164 -0.6728
vn -0.3908 -0.9201 0.0259
vn 0.9549 -0.2969 -0.0000
vn 0.9283 -0.2568 -0.2688
vn 0.1950 0.2561 0.9468
vn 0.7665 -0.0948 0.6352
vn -0.2329 0.4179 0.8781
vn 0.1950 0.2561 -0.9468
vn -0.2329 0.4179 -0.8781
vn 0.7665 -0.0948 -0.6352
vn 0.9283 -0.2568 0.2688
vn 0.2091 0.3112 0.9271
vn 0.7872 -0.0510 0.6145
vn 0.9661 -0.2582 0.0000
vn 0.9459 -0.2195 -0.2389
vn -0.2084 0.4813 -0.8514
vn 0.2091 0.3112 -0.9271
vn -0.2084 0.4813 0.8514
vn 0.7872 -0.0510 -0.6145
vn 0.9459 -0.2195 0.2389
vn 0.1357 0.1137 0.9842
vn 0.7681 -0.1606 0.6199
vn -0.2828 0.2872 -0.9152
vn 0.1357 0.1137 -0.9842
vn 0.9578 -0.2873 0.0000
vn 0.9382 -0.2670 -0.2201
vn -0.2828 0.2872 0.9152
vn 0.7681 -0.1606 -0.6199
vn 0.9382 -0.2670 0.2201
vn -0.3397 0.0925 0.9360
vn 0.1247 -0.0683 0.9898
vn 0.1247 -0.0683 -0.9898
vn 0.7380 -0.2700 -0.6184
vn 0.7380 -0.2700 0.6184
vn 0.9215 -0.3265 0.2104
vn 0.9425 -0.3342 0.0000
vn -0.3397 0.0925 -0.9360
vn 0.9215 -0.3265 -0.2104
vn -0.0707 0.5322 -0.8437
vn -0.2555 0.9436 0.2106
vn -0.4132 0.9068 -0.0833
vn -0.5163 0.8559 -0.0299
vn -0.4779 0.8610 0.1738
vn -0.5474 0.7269 -0.4147
vn -0.6822 0.7012 -0.2074
vn -0.7380 0.6689 0.0891
vn -0.7278 0.6073 -0.3187
vn -0.7869 0.6165 0.0265
vn -0.2389 0.8280 -0.5072
vn -0.3030 0.7745 -0.5552
vn -0.4405 0.6747 -0.5923
vn -0.4094 0.7627 -0.5007
vn -0.5815 0.6177 -0.5295
vn -0.1014 0.9107 -0.4005
vn -0.0268 0.8253 -0.5641
vn -0.2615 0.9515 -0.1619
vn -0.3510 0.9114 -0.2149
vn 0.1786 0.6968 0.6947
vn 0.3015 0.5841 0.7536
vn 0.4162 0.6599 0.6255
vn 0.2678 0.7910 0.5501
vn -0.1520 0.9876 -0.0389
vn -0.1906 0.9613 -0.1991
vn -0.1085 0.9768 -0.1846
vn 0.0944 0.5092 0.8555
vn 0.1213 0.4921 0.8620
vn 0.3498 0.5551 0.7547
vn -0.4914 0.6699 -0.5566
vn -0.4824 0.6690 -0.5654
vn -0.0409 0.9596 0.2785
vn -0.0661 0.9929 0.0993
vn 0.2854 0.8399 0.4616
vn -0.0236 0.9956 0.0910
vn -0.5821 0.6012 -0.5475
vn -0.7200 0.5958 -0.3558
vn -0.0641 0.8818 0.4672
vn 0.0322 0.9033 0.4278
vn 0.4399 0.7128 0.5463
vn -0.1653 0.5647 0.8086
vn -0.1187 0.4866 0.8655
vn 0.0149 0.6166 0.7871
vn -0.2255 0.8076 0.5449
vn -0.1165 0.8031 0.5843
vn -0.3455 0.5573 0.7550
vn -0.3198 0.5098 0.7986
vn -0.7839 0.6207 -0.0178
vn 0.4634 0.5879 0.6630
vn -0.6997 0.6026 0.3838
vn -0.6720 0.6240 0.3988
vn -0.5173 0.5777 0.6314
vn -0.5204 0.5580 0.6464
vn -0.7012 0.6222 0.3482
vn -0.3959 0.8080 0.4362
vn -0.3196 0.7553 0.5721
vn -0.5090 0.5877 0.6290
vn -0.2977 0.5335 0.7917
vn -0.0983 0.4919 0.8651
vn -0.3165 -0.6663 -0.6751
vn -0.2025 -0.7952 -0.5716
vn -0.2066 -0.8640 -0.4591
vn -0.3159 -0.8062 -0.5003
vn -0.4077 -0.3976 -0.8220
vn -0.5464 0.1366 -0.8263
vn -0.5466 0.0680 -0.8346
vn -0.4169 -0.4134 -0.8095
vn -0.5990 0.0860 -0.7961
vn 0.0023 -0.2262 0.9741
vn -0.2780 -0.3154 0.9073
vn 0.0032 -0.8918 0.4524
vn 0.1733 -0.7357 0.6547
vn -0.4203 -0.4317 -0.7981
vn -0.6244 -0.3551 0.6958
vn -0.9089 -0.3261 0.2601
vn -0.2694 -0.9593 -0.0850
vn -0.1287 -0.9701 0.2058
vn 0.4030 -0.5450 0.7352
vn 0.2854 -0.0808 0.9550
vn -0.9434 -0.2080 -0.2584
vn -0.7773 -0.0472 -0.6273
vn -0.4474 -0.5842 -0.6772
vn -0.4006 -0.8170 -0.4148
vn 0.4595 -0.8467 0.2682
vn 0.2742 -0.9616 -0.0075
vn 0.3318 -0.9431 -0.0202
vn 0.5468 -0.8100 0.2120
vn -0.2790 -0.6386 -0.7171
vn -0.1966 -0.7511 -0.6302
vn -0.1839 -0.7689 -0.6124
vn -0.2846 -0.6266 -0.7255
vn -0.1697 -0.9411 -0.2925
vn -0.2549 -0.9244 -0.2838
vn 0.1225 -0.9641 0.2355
vn 0.0603 -0.8459 0.5299
vn 0.3544 -0.6912 0.6298
vn 0.2810 -0.9105 0.3033
vn 0.5677 0.1617 0.8072
vn -0.2666 -0.9363 0.2287
vn -0.1302 -0.9092 0.3955
vn 0.0244 -0.9922 0.1226
vn -0.0397 -0.9992 0.0055
vn -0.4680 -0.8616 -0.1963
vn -0.3768 -0.9256 0.0344
vn -0.1037 -0.9864 -0.1278
vn 0.5705 -0.6712 0.4734
vn 0.6799 -0.6203 0.3911
vn -0.0677 -0.8833 -0.4638
vn -0.5540 0.0441 -0.8313
vn -0.4908 -0.5159 -0.7021
vn -0.0602 -0.8838 -0.4641
vn -0.1793 -0.9789 -0.0979
vn -0.0241 -0.9731 0.2293
vn -0.1048 -0.9924 0.0651
vn 0.0936 -0.9130 0.3972
vn 0.3039 -0.7970 0.5220
vn -0.5238 -0.7154 -0.4625
vn -0.5147 0.7825 0.3503
vn -0.2712 -0.0666 0.9602
vn 0.0565 0.0995 0.9934
vn -0.5963 -0.1388 0.7907
vn -0.2953 0.2232 0.9290
vn 0.0046 0.2753 0.9614
vn -0.9985 -0.0415 -0.0347
vn -0.8920 -0.4326 -0.1311
vn -0.8360 -0.4767 0.2719
vn -0.8987 -0.1206 0.4217
vn -0.8560 0.2716 -0.4398
vn -0.9972 0.0575 -0.0479
vn -0.6416 0.4481 -0.6226
vn -0.5455 0.5461 -0.6358
vn -0.5568 0.5121 -0.6541
vn -0.6491 0.5033 -0.5705
vn -0.8329 0.4374 -0.3391
vn 0.3160 0.4100 0.8556
vn 0.4033 0.4973 0.7682
vn 0.3081 0.3456 0.8864
vn 0.4564 0.3703 0.8090
vn -0.5839 0.2176 0.7822
vn -0.8900 -0.1067 0.4434
vn -0.8334 0.2661 0.4844
vn -0.9338 0.3534 0.0551
vn -0.7008 0.1899 -0.6876
vn -0.8900 0.0788 -0.4492
vn -0.0097 0.0076 0.9999
vn 0.3451 0.1161 0.9314
vn 0.5296 0.1754 0.8299
vn -0.6072 0.1941 -0.7705
vn -0.6457 -0.1180 0.7544
vn -0.3243 -0.0569 0.9442
vn -0.6479 -0.3753 0.6629
vn -0.2984 -0.2183 0.9292
vn -0.6838 -0.1614 -0.7116
vn -0.8177 -0.2993 -0.4918
vn 0.0213 -0.1459 0.9891
vn 0.1360 -0.1151 0.9840
vn 0.3035 -0.0381 0.9521
vn 0.5457 0.0860 0.8336
vn -0.6125 -0.1394 -0.7781
vn -0.6053 -0.2407 -0.7587
vn -0.6441 -0.2833 -0.7105
vn -0.7883 -0.5987 0.1419
vn -0.7688 -0.5676 0.2947
vn -0.8033 -0.5617 -0.1980
vn -0.7471 -0.4196 -0.5155
vn 0.5898 0.0703 0.8045
vn 0.7157 0.0937 0.6920
vn 0.6387 -0.4072 0.6529
vn 0.7546 -0.3484 0.5560
vn 0.1463 0.9892 -0.0000
vn 0.1805 0.9230 -0.3397
vn 0.0206 0.9149 -0.4032
vn -0.0262 0.9671 -0.2530
vn -0.0336 0.8202 -0.5711
vn -0.0919 0.8307 -0.5491
vn -0.0741 0.8954 -0.4391
vn 0.2084 0.6236 -0.7535
vn 0.2055 0.6785 -0.7053
vn 0.5730 0.6414 -0.5101
vn 0.5885 0.5824 -0.5608
vn 0.2024 0.7963 -0.5701
vn -0.0940 0.6989 -0.7090
vn -0.1597 0.7059 -0.6901
vn 0.3529 0.9001 -0.2556
vn 0.4924 0.7637 -0.4175
vn 0.6321 0.7474 -0.2046
vn 0.4869 0.8619 -0.1418
vn 0.4517 0.8921 -0.0000
vn 0.6700 0.7423 0.0000
vn 0.7370 0.6274 -0.2514
vn 0.7767 0.5615 -0.2853
vn 0.7789 0.6271 0.0000
vn 0.3529 0.9001 0.2556
vn 0.4924 0.7637 0.4175
vn 0.6321 0.7474 0.2046
vn 0.4869 0.8619 0.1418
vn -0.0543 0.7208 0.6910
vn -0.0460 0.6277 0.7771
vn 0.2084 0.6236 0.7535
vn 0.2055 0.6785 0.7053
vn 0.5730 0.6414 0.5101
vn 0.2024 0.7963 0.5701
vn 0.5885 0.5824 0.5608
vn 0.7370 0.6274 0.2514
vn -0.1102 0.6338 -0.7656
vn 0.1805 0.9230 0.3398
vn 0.0206 0.9149 0.4032
vn -0.0336 0.8202 0.5711
vn -0.0262 0.9671 0.2530
vn 0.8276 0.5614 0.0000
vn -0.0741 0.8954 0.4391
vn -0.0919 0.8307 0.5491
vn -0.1260 0.7697 0.6259
vn -0.1910 0.6375 -0.7464
vn -0.1046 -0.9883 -0.1108
vn -0.0833 -0.9905 -0.1093
vn 0.0770 -0.9964 -0.0360
vn 0.0717 -0.9965 -0.0430
vn 0.7767 0.5615 0.2853
vn -0.0051 1.0000 -0.0000
vn -0.0625 0.9817 0.1801
vn -0.1427 0.9480 0.2845
vn 0.6111 0.4945 -0.6180
vn 0.1972 0.5921 -0.7814
vn 0.2227 0.5873 -0.7781
vn 0.6704 0.4781 -0.5675
vn -0.2193 -0.9566 0.1917
vn -0.4421 -0.8956 0.0492
vn -0.1990 -0.9114 0.3602
vn 0.1210 -0.9606 0.2502
vn 0.2227 0.5873 0.7781
vn -0.0499 0.6172 0.7852
vn 0.1972 0.5921 0.7814
vn -0.0833 -0.9905 0.1093
vn -0.2191 -0.9685 0.1180
vn -0.1046 -0.9883 0.1108
vn 0.1175 -0.9931 0.0000
vn 0.1186 -0.9927 0.0215
vn 0.1186 -0.9927 0.0214
vn 0.8492 0.4179 -0.3229
vn 0.8656 0.4136 -0.2823
vn 0.9150 0.4036 0.0000
vn 0.8656 0.4136 0.2823
vn 0.8492 0.4179 0.3229
vn 0.6704 0.4781 0.5675
vn 0.6111 0.4945 0.6180
vn 0.1186 -0.9927 -0.0214
vn 0.0770 -0.9964 0.0360
vn 0.0717 -0.9965 0.0430
vn 0.1186 -0.9927 -0.0215
vn -0.1911 0.6322 -0.7509
vn -0.1267 0.6270 -0.7687
vn -0.1138 0.6256 -0.7718
vn -0.2245 -0.9730 -0.0543
vn -0.2261 -0.9735 -0.0335
vn -0.2305 -0.9726 0.0317
vn 0.1210 -0.9606 -0.2502
vn -0.2193 -0.9566 -0.1917
vn -0.1028 -0.9562 -0.2741
vn 0.2524 -0.9382 -0.2368
vn 0.2524 -0.9382 0.2368
vn -0.1028 -0.9562 0.2741
vn -0.3232 -0.9306 -0.1719
vn -0.3372 -0.9403 -0.0463
vn -0.3494 -0.9317 -0.0994
vn -0.4421 -0.8956 -0.0492
vn -0.1990 -0.9114 -0.3602
vn -0.3297 -0.9440 0.0159
vn -0.3426 -0.9229 -0.1759
vn 0.5008 -0.8656 0.0000
vn 0.4110 -0.9116 0.0000
vn 0.2791 -0.9361 -0.2141
vn 0.4427 -0.8864 -0.1357
vn 0.2791 -0.9361 0.2141
vn 0.4427 -0.8864 0.1357
vn 0.4464 -0.8886 0.1050
vn -0.3426 -0.9229 0.1759
vn 0.4845 -0.8748 0.0000
vn 0.4464 -0.8886 -0.1050
vn -0.3006 -0.9257 0.2298
vn -0.3611 -0.8226 0.4391
vn 0.1267 -0.9673 0.2196
vn -0.0625 0.9817 -0.1801
vn -0.1427 0.9480 -0.2845
vn -0.7196 -0.5374 -0.4397
vn -0.3611 -0.8226 -0.4391
vn -0.7196 -0.5374 0.4397
vn 0.2721 -0.9623 0.0000
vn 0.1267 -0.9673 -0.2196
vn 0.5724 0.6542 -0.4944
vn 0.1388 0.5613 -0.8159
vn 0.0211 0.6465 -0.7626
vn 0.3117 0.7682 -0.5592
vn 0.7193 0.6806 -0.1396
vn 0.3222 0.8663 -0.3816
vn 0.6421 0.6030 -0.4734
vn 0.1687 0.5112 -0.8427
vn 0.7327 0.5016 -0.4599
vn 0.2360 0.3830 -0.8931
vn 0.7806 0.6192 -0.0847
vn 0.8397 0.5417 -0.0378
vn 0.8206 0.3461 -0.4548
vn 0.3392 0.1011 -0.9353
vn -0.4304 0.3805 -0.8185
vn -0.4359 0.2564 -0.8627
vn -0.4100 0.4384 -0.7998
vn -0.3357 0.5939 -0.7312
vn -0.4126 -0.0343 -0.9103
vn 0.3074 -0.9514 -0.0165
vn 0.0617 -0.9954 -0.0733
vn 0.2429 -0.9045 0.3505
vn 0.1572 -0.9208 0.3571
vn -0.8369 -0.0416 -0.5457
vn -0.8254 -0.2255 -0.5175
vn -0.9689 -0.1815 -0.1684
vn -0.9781 -0.0103 -0.2079
vn -0.7735 0.3403 -0.5347
vn -0.8079 0.2283 -0.5433
vn -0.7505 0.3968 -0.5284
vn -0.5635 0.5778 -0.5904
vn -0.8561 0.4210 -0.2998
vn -0.6411 0.6351 -0.4308
vn -0.8899 0.3663 -0.2721
vn -0.9357 0.2533 -0.2457
vn 0.1460 -0.9271 0.3453
vn 0.5781 -0.8097 0.1007
vn 0.0383 -0.9910 -0.1280
vn 0.0500 -0.9899 -0.1324
vn 0.3446 -0.9312 -0.1190
vn 0.3853 -0.9164 -0.1082
vn -0.0947 -0.9948 -0.0374
vn -0.0929 -0.9949 -0.0400
vn -0.1699 0.8868 -0.4297
vn -0.8099 0.5533 -0.1949
vn -0.7089 0.6909 -0.1419
vn -0.8778 0.4682 -0.1011
vn -0.8471 0.5296 0.0438
vn -0.9063 0.4097 -0.1031
vn -0.8809 0.4697 0.0592
vn -0.9560 0.2662 -0.1231
vn -0.6459 0.7498 0.1434
vn -0.3590 0.9300 0.0788
vn -0.7042 0.6667 0.2443
vn -0.4669 0.7884 0.4006
vn 0.8732 0.4865 -0.0281
vn 0.6093 -0.7918 0.0432
vn 0.6108 -0.7903 0.0482
vn -0.9978 0.0049 -0.0665
vn 0.1426 0.9814 0.1285
vn 0.3744 0.9269 -0.0279
vn 0.1325 0.9305 0.3416
vn 0.5993 0.7815 0.1734
vn 0.8275 0.5486 0.1199
vn 0.8367 0.5160 0.1833
vn 0.8176 0.5330 0.2177
vn 0.8645 0.5013 0.0379
vn -0.9872 -0.1551 -0.0363
vn -0.3787 -0.2278 -0.8970
vn 0.9067 0.1078 -0.4079
vn 0.3617 -0.1864 -0.9135
vn -0.4050 -0.4414 -0.8007
vn -0.1524 -0.9852 0.0785
vn -0.1505 -0.9859 0.0728
vn 0.6368 -0.7575 0.1437
vn 0.4134 -0.8904 0.1905
vn 0.4120 -0.8905 0.1932
vn 0.4163 -0.8902 0.1852
vn 0.4061 -0.0681 -0.9113
vn 0.8574 0.2619 -0.4430
vn -0.0717 -0.9974 0.0004
vn 0.3769 -0.8900 0.2567
vn -0.0373 -0.9978 0.0545
vn 0.6650 -0.7241 0.1830
vn 0.1500 -0.9273 0.3428
vn 0.9722 0.1467 -0.1825
vn 0.7783 0.5601 -0.2838
vn 0.7111 0.5044 -0.4898
vn 0.7059 0.7072 0.0385
vn 0.7842 0.6171 0.0655
vn 0.5479 0.8349 -0.0521
vn -0.7408 -0.4665 -0.4832
vn -0.8073 -0.1151 -0.5788
vn -0.9058 -0.0577 -0.4197
vn -0.8450 -0.4429 -0.2996
vn -0.4569 -0.0691 -0.8868
vn 0.2344 0.2418 -0.9416
vn 0.8294 0.3378 -0.4450
vn 0.3289 0.0902 -0.9400
vn 0.8949 0.3978 -0.2023
vn 0.3945 -0.1127 -0.9120
vn -0.4425 -0.1526 -0.8837
vn -0.4427 -0.1184 -0.8888
vn -0.8003 -0.0613 -0.5964
vn -0.8900 0.0201 -0.4555
vn 0.9504 0.0667 -0.3036
vn 0.8794 0.4342 -0.1954
vn -0.7980 -0.0395 -0.6013
vn -0.1725 -0.9755 0.1369
vn -0.4416 -0.1772 -0.8796
vn -0.4941 -0.1710 -0.8524
vn -0.8161 -0.0608 -0.5748
vn -0.7968 -0.0620 -0.6010
vn 0.9829 0.1307 0.1301
vn 0.9722 -0.0905 -0.2158
vn 0.9713 -0.1382 -0.1939
vn 0.3121 -0.2699 -0.9109
vn 0.4012 -0.2353 -0.8852
vn -0.9212 0.0433 -0.3866
vn -0.9483 0.0266 -0.3161
vn -0.9423 0.0372 -0.3328
vn 0.8876 0.0510 0.4577
vn 0.8837 0.0519 0.4651
vn 0.9443 0.0095 0.3289
vn 0.9570 0.0223 0.2892
vn 0.8926 0.0499 0.4480
vn -0.9761 0.0806 -0.2018
vn -0.9735 0.1020 -0.2046
vn -0.9778 0.0637 -0.1995
vn -0.9760 0.1056 -0.1906
vn 0.1821 -0.0132 -0.9832
vn 0.9751 -0.0936 0.2010
vn -0.3073 0.0328 0.9510
vn -0.6652 0.4043 0.6278
vn 0.7449 0.5457 0.3839
vn 0.4318 -0.0705 0.8992
vn -0.3940 0.0489 -0.9178
vn 0.4756 0.7381 -0.4786
vn -0.6122 0.7617 -0.2121
vn 0.9314 -0.0887 -0.3531
vn -0.8486 0.1067 0.5182
vn 0.1238 0.1178 0.9853
vn 0.0981 0.1950 0.9759
vn -0.0641 -0.2342 0.9701
vn -0.1499 -0.5147 0.8442
vn 0.0234 0.2184 0.9756
vn -0.5314 -0.0173 0.8470
vn -0.1474 -0.5111 0.8468
vn -0.0651 -0.2345 0.9699
vn -0.0607 -0.2358 0.9699
vn -0.0469 -0.2397 0.9697
vn -0.0571 -0.2239 0.9729
vn -0.0552 -0.2203 0.9739
vn -0.5753 -0.0235 0.8176
vn -0.0436 0.1626 0.9857
vn 0.0475 0.2434 -0.9688
vn -0.0147 -0.0712 -0.9974
vn -0.0136 -0.0607 -0.9981
vn 0.0766 0.2371 -0.9685
vn 0.0651 0.2345 -0.9699
vn 0.0625 0.2381 -0.9692
vn 0.0607 0.2358 -0.9699
vn 0.0469 0.2397 -0.9697
vn 0.0571 0.2239 -0.9729
vn -0.4192 0.3826 -0.8234
vn 0.0552 0.2203 -0.9739
vn -0.4665 0.3680 -0.8043
vn 0.0876 0.2318 -0.9688
vn -0.9226 0.3851 0.0229
vn -0.7488 0.4506 -0.4861
vn -0.9399 0.3410 0.0148
vn 0.2573 0.8728 -0.4147
vn 0.1806 0.8773 -0.4447
vn 0.1394 0.8772 -0.4594
vn 0.0643 0.8728 -0.4837
vn -0.2665 -0.9307 -0.2504
vn -0.2674 -0.9330 -0.2407
vn -0.9493 0.3143 0.0106
vn 0.4947 0.8350 0.2409
vn 0.4080 0.7729 -0.4859
vn 0.4952 0.8369 0.2331
vn 0.9829 -0.1832 0.0189
vn 0.8686 -0.0308 -0.4945
vn 0.9830 -0.1828 0.0175
vn 0.8022 -0.2807 0.5269
vn 0.1731 0.5797 0.7962
vn 0.0499 0.5684 0.8213
vn -0.0290 0.5564 0.8304
vn -0.8242 0.2055 0.5276
vn 0.0536 0.2348 0.9706
vn 0.0643 0.2339 0.9701
vn 0.0759 0.2301 0.9702
vn 0.0698 0.2334 0.9699
vn 0.0669 0.2314 0.9706
vn 0.0760 0.2296 0.9703
vn 0.0725 0.2301 0.9705
vn 0.0769 0.2288 0.9704
vn 0.0906 0.2248 0.9702
vn 0.0804 0.2407 0.9673
vn 0.0823 0.2443 0.9662
vn 0.0812 0.2329 0.9691
vn 0.0746 0.2298 0.9704
vn 0.0853 0.2258 0.9704
vn 0.2242 0.0580 -0.9728
vn 0.5300 -0.3044 -0.7915
vn 0.1694 0.2052 -0.9640
vn 0.0673 0.2393 -0.9686
vn -0.3483 -0.5335 -0.7708
vn 0.0255 -0.6087 -0.7930
vn -0.5370 -0.0172 -0.8434
vn 0.0228 0.2256 -0.9739
vn -0.6180 -0.5583 -0.5536
vn -0.0697 -0.7251 -0.6851
vn 0.3788 -0.5329 -0.7566
vn -0.0804 -0.2407 -0.9673
vn 0.5471 -0.6070 -0.5764
vn -0.5814 -0.0199 -0.8134
vn -0.3727 0.2040 -0.9053
vn -0.4417 0.4504 -0.7759
vn -0.9402 0.3404 -0.0133
vn -0.6221 -0.7509 0.2216
vn 0.0843 -0.9701 0.2278
vn 0.7175 -0.6883 0.1071
vn 0.9751 -0.2212 -0.0126
vn 0.0492 0.5729 -0.8181
vn 0.1710 0.5841 -0.7934
vn 0.4504 -0.8761 0.1723
vn -0.7752 -0.5994 0.1997
vn -0.9492 0.3146 -0.0053
vn 0.7172 0.6871 -0.1167
vn 0.7175 0.6615 -0.2181
vn 0.9532 -0.2155 -0.2119
vn 0.8005 -0.5936 0.0821
vn 0.7981 -0.5996 0.0587
vn 0.2293 -0.8650 0.4462
vn 0.9514 -0.1227 0.2824
vn 0.9757 -0.1226 0.1815
vn -0.6009 -0.6381 0.4815
vn -0.7589 -0.4805 0.4396
vn 0.6125 0.7039 0.3598
vn -0.7744 0.4236 0.4700
vn -0.8081 0.3858 0.4450
vn 0.2588 0.8712 0.4173
vn 0.1383 0.8760 0.4621
vn 0.1798 0.8759 0.4476
vn 0.0609 0.8715 0.4866
vn 0.0311 -0.6915 0.7217
vn 0.6955 -0.3711 0.6153
vn -0.7520 0.4465 0.4849
vn -0.6228 -0.0759 0.7787
vn -0.6201 0.0199 0.7842
vn -0.6290 -0.0447 0.7761
vn -0.4545 0.0374 0.8900
vn -0.9765 0.2118 -0.0402
vn -0.9995 -0.0021 -0.0327
vn -0.9995 -0.0025 -0.0326
vn -0.4730 -0.2104 0.8556
vn -0.2963 -0.2792 0.9134
vn -0.9756 -0.2183 -0.0235
vn -0.0692 -0.3517 0.9335
vn -0.0409 -0.3603 0.9319
vn -0.3504 -0.9366 0.0089
vn 0.0098 -0.3550 -0.9348
vn -0.0086 -0.3505 -0.9365
vn -0.2197 -0.2977 -0.9290
vn -0.4319 -0.2317 -0.8717
vn -0.5303 -0.0768 -0.8443
vn -0.4156 0.0523 -0.9081
vn 0.0321 -0.0478 -0.9983
vn -0.2170 0.0315 -0.9757
vn -0.3010 -0.0783 -0.9504
vn -0.1522 -0.1798 -0.9719
vn 0.3053 -0.1308 -0.9432
vn 0.2890 0.3093 -0.9060
vn 0.3111 0.1531 -0.9380
vn 0.2567 0.4951 -0.8300
vn 0.3610 0.4084 -0.8384
vn 0.3557 -0.1896 -0.9152
vn 0.5262 -0.0517 -0.8488
vn 0.1782 -0.3157 -0.9320
vn 0.1632 -0.3262 -0.9311
vn 0.6589 -0.7515 0.0339
vn 0.9887 0.1476 0.0252
vn 0.1229 -0.3296 0.9361
vn 0.1454 -0.3119 0.9389
vn 0.2975 -0.1593 0.9413
vn 0.3997 -0.0288 0.9162
vn 0.1559 0.4235 0.8924
vn 0.2641 0.3345 0.9046
vn 0.1803 0.1583 0.9708
vn 0.1142 0.2725 0.9554
vn -0.2139 0.9760 -0.0417
vn 0.3244 -0.1660 0.9312
vn 0.3287 -0.1564 0.9314
vn 0.1847 -0.0701 0.9803
vn 0.4398 -0.8965 0.0528
vn 0.3023 0.2133 0.9291
vn 0.2287 0.2636 0.9371
vn 0.9805 0.1949 0.0240
vn 0.0182 0.3711 0.9284
vn -0.0037 0.3780 0.9258
vn 0.3466 0.9380 -0.0090
vn 0.3394 0.3063 -0.8894
vn 0.4722 0.2316 -0.8505
vn 0.0351 0.4412 -0.8967
vn 0.0823 0.4228 -0.9025
vn 0.5067 -0.2818 -0.8148
vn 0.5234 -0.2470 -0.8155
vn 0.0219 0.0018 -0.9998
vn -0.1818 0.3732 -0.9098
vn -0.1431 0.4079 -0.9017
vn -0.4806 0.0693 -0.8742
vn -0.3838 0.1774 -0.9062
vn -0.6551 0.7548 -0.0342
vn -0.1747 0.9843 -0.0248
vn -0.1735 0.3382 0.9249
vn -0.1912 0.3225 0.9271
vn -0.3455 0.1621 0.9243
vn -0.4136 0.0778 0.9071
vn -0.4865 -0.0793 0.8701
vn -0.4657 -0.1469 0.8727
vn -0.9906 -0.1325 -0.0327
vn -0.3719 -0.1103 0.9217
vn -0.7913 -0.6113 -0.0117
vn -0.4769 -0.1755 -0.8612
vn -0.3429 -0.2468 -0.9064
vn -0.0296 0.0257 0.9992
vn -0.0270 0.0131 0.9995
vn 0.1824 -0.9829 0.0250
vn 0.0394 -0.1983 -0.9793
vn 0.0124 0.0372 -0.9992
vn 0.7109 0.1192 -0.6931
vn 0.7205 -0.0669 -0.6902
vn -0.6413 -0.3308 -0.6923
vn -0.6997 -0.0385 -0.7134
vn -0.9235 -0.3837 0.0003
vn -0.9981 -0.0615 -0.0090
vn -0.6448 -0.3218 0.6933
vn -0.7153 -0.0171 0.6986
vn 0.0330 -0.1843 0.9823
vn -0.0136 0.0677 0.9976
vn 0.7149 -0.0561 0.6969
vn 0.6916 0.1410 0.7084
vn 0.9999 -0.0093 0.0044
vn 0.9869 0.1610 0.0110
vn 0.7321 -0.2738 0.6237
vn 0.9789 -0.2044 -0.0047
vn 0.1286 -0.4404 0.8885
vn 0.1194 -0.4386 -0.8907
vn -0.4876 -0.6061 -0.6284
vn 0.7262 -0.2724 -0.6312
vn -0.4806 -0.6073 0.6326
vn -0.7368 -0.6761 0.0036
vn 0.0515 -0.9987 -0.0000
vn -0.1685 -0.9684 0.1840
vn 0.0446 -0.9987 -0.0257
vn -0.1840 -0.9684 0.1685
vn 0.0258 -0.9987 -0.0446
vn 0.0000 -0.9987 -0.0515
vn 0.1840 -0.9684 0.1685
vn -0.0258 -0.9987 -0.0446
vn 0.1685 -0.9684 0.1840
vn -0.0446 -0.9987 -0.0258
vn -0.0515 -0.9987 -0.0000
vn 0.1685 -0.9684 -0.1840
vn -0.0446 -0.9987 0.0258
vn 0.1840 -0.9684 -0.1685
vn -0.0258 -0.9987 0.0446
vn -0.5454 0.7768 -0.3149
vn 0.0000 1.0000 -0.0000
vn -0.3149 0.7768 -0.5454
vn -0.3149 0.7768 0.5454
vn -0.0000 0.7768 0.6298
vn 0.3149 0.7768 -0.5454
vn 0.5454 0.7768 -0.3149
vn 0.0000 -0.9987 0.0515
vn 0.5454 0.7768 0.3149
vn 0.3149 0.7768 0.5454
vn -0.6298 0.7768 0.0000
vn -0.1840 -0.9684 -0.1685
vn 0.0258 -0.9987 0.0446
vn -0.0000 0.7768 -0.6298
vn 0.6298 0.7768 0.0000
vn -0.5454 0.7768 0.3149
vn 0.3879 0.6309 -0.6719
vn 0.3715 0.6693 -0.6434
vn 0.6434 0.6693 -0.3715
vn 0.6719 0.6309 -0.3879
vn -0.7759 0.6309 -0.0000
vn -0.7430 0.6693 -0.0000
vn -0.6434 0.6693 -0.3715
vn -0.6719 0.6309 -0.3879
vn 0.7759 0.6309 0.0000
vn 0.7430 0.6693 -0.0000
vn 0.6434 0.6693 0.3715
vn 0.6719 0.6309 0.3879
vn 0.3715 0.6693 0.6434
vn 0.3879 0.6309 0.6719
vn -0.1685 -0.9684 -0.1840
vn 0.0446 -0.9987 0.0258
vn -0.3715 0.6693 -0.6434
vn -0.3879 0.6309 -0.6719
vn -0.3879 0.6309 0.6719
vn -0.3715 0.6693 0.6434
vn -0.6434 0.6693 0.3715
vn -0.6719 0.6309 0.3879
vn 0.0000 0.6693 -0.7430
vn 0.0000 0.6309 -0.7759
vn 0.0000 0.6309 0.7759
vn 0.0000 0.6693 0.7430
vn 0.8079 -0.1675 -0.5650
vn 0.5650 -0.1675 -0.8079
vn 0.5650 -0.1675 0.8079
vn 0.8079 -0.1675 0.5650
vn -0.5650 -0.1675 -0.8079
vn -0.8079 -0.1675 -0.5650
vn -0.8079 -0.1675 0.5650
vn -0.5650 -0.1675 0.8079
vn 0.8660 0.0000 -0.5000
vn 0.5000 0.0000 -0.8660
vn 0.5000 0.0000 0.8660
vn 0.8660 0.0000 0.5000
vn -0.8660 0.0000 -0.5000
vn -0.8660 0.0000 0.5000
vn -0.5000 0.0000 0.8660
vn -0.0000 0.0000 -1.0000
vn 1.0000 0.0000 -0.0000
vn -0.0000 0.0000 1.0000
vn -0.5000 0.0000 -0.8660
vn -0.1127 0.9743 0.1952
vn 0.0000 0.9743 0.2253
vn -0.0000 0.9743 -0.2254
vn -0.1127 0.9743 -0.1952
vn 0.2253 0.9743 0.0000
vn 0.1952 0.9743 -0.1127
vn 0.1127 0.9743 0.1952
vn -0.1952 0.9743 -0.1127
vn -0.2253 0.9743 -0.0000
vn -0.1952 0.9743 0.1127
vn 0.1127 0.9743 -0.1952
vn 0.1952 0.9743 0.1127
vn 0.0000 -1.0000 -0.0000
vn 0.8259 0.2376 0.5114
vn 0.9600 0.2799 -0.0000
vn -0.5147 -0.1601 0.8423
vn -0.0398 -0.0326 0.9987
vn -0.0398 -0.0326 -0.9987
vn -0.5147 -0.1601 -0.8423
vn 0.8259 0.2376 -0.5114
vn 0.4572 0.1199 0.8812
vn -0.8469 -0.2351 -0.4769
vn -0.9659 -0.2591 -0.0000
vn -0.8469 -0.2351 0.4769
vn 0.4572 0.1199 -0.8812
vn -0.5014 -0.3158 0.8055
vn -0.0573 -0.0519 0.9970
vn -0.0573 -0.0519 -0.9970
vn -0.5014 -0.3158 -0.8055
vn 0.8563 0.5164 -0.0000
vn 0.7506 0.4480 -0.4857
vn 0.4253 0.2429 0.8719
vn -0.7694 -0.4717 -0.4308
vn -0.8540 -0.5203 -0.0000
vn -0.7694 -0.4717 0.4308
vn 0.4253 0.2429 -0.8719
vn 0.7506 0.4480 0.4857
vn -0.1018 -0.5064 -0.8562
vn -0.0862 0.0000 -0.9963
vn 0.7071 0.0000 -0.7071
vn 0.6155 -0.4922 -0.6155
vn -0.0127 0.4458 -0.8950
vn -0.0728 0.6254 -0.7769
vn 0.4595 0.7292 -0.5071
vn 0.5785 0.6219 -0.5279
vn -0.0396 -0.8926 -0.4492
vn -0.0413 -0.7490 -0.6613
vn 0.4420 -0.7805 -0.4420
vn 0.2987 -0.9067 -0.2977
vn -0.1018 0.5065 -0.8562
vn 0.6155 0.4922 -0.6155
vn 0.6153 0.7879 -0.0247
vn 0.7083 0.7056 0.0189
vn -0.0238 0.9979 -0.0596
vn 0.4184 0.8106 0.4098
vn 0.4196 -0.9077 0.0005
vn 0.2959 -0.9082 0.2960
vn -0.0059 -0.9999 -0.0085
vn 0.6251 -0.7805 -0.0000
vn 0.8705 0.4922 -0.0000
vn 0.8705 -0.4922 -0.0000
vn 0.0003 -0.9080 0.4190
vn 0.4420 -0.7805 0.4420
vn 0.6155 0.4922 0.6155
vn 0.7071 0.0000 0.7071
vn -0.0025 0.7915 0.6112
vn 0.6155 -0.4922 0.6155
vn 0.4788 0.7350 0.4801
vn -0.2084 0.8913 0.4026
vn -0.2168 0.7656 0.6056
vn -0.1407 -0.9410 0.3078
vn 0.0000 -0.4922 0.8705
vn 0.0164 0.7150 0.6989
vn -0.0000 -0.7805 0.6251
vn 0.0000 0.4922 0.8705
vn -0.3606 -0.9125 -0.1933
vn -0.3827 0.0000 0.9239
vn -0.3392 -0.4630 0.8189
vn -0.2885 0.6584 0.6951
vn -0.4969 0.8478 -0.1853
vn -0.5919 0.5247 -0.6118
vn -0.7622 0.4521 -0.4633
vn -0.2507 -0.7556 0.6052
vn -0.3392 0.4631 0.8189
vn -0.3707 -0.8566 -0.3589
vn -0.6638 -0.6310 -0.4015
vn -0.5086 -0.6596 -0.5534
vn -0.8087 0.0000 -0.5883
vn -0.7210 0.4529 -0.5245
vn -0.6180 0.4595 -0.6380
vn -0.6969 0.0000 -0.7171
vn -0.7210 -0.4528 -0.5245
vn -0.6180 -0.4594 -0.6380
vn -0.8369 0.2203 -0.5011
vn -0.6634 0.2418 -0.7081
vn -0.0004 -0.3905 -0.9206
vn 0.4143 -0.6361 -0.6510
vn 0.3674 -0.6145 -0.6982
vn 0.0259 0.4692 -0.8827
vn -0.0217 0.6842 -0.7290
vn 0.3215 0.8137 -0.4842
vn 0.4346 0.7925 -0.4277
vn -0.0141 0.9351 -0.3541
vn -0.0102 0.9999 -0.0117
vn 0.2100 0.9486 -0.2368
vn 0.0048 -0.9021 -0.4316
vn -0.0130 -0.7549 -0.6557
vn 0.2742 -0.8745 -0.4000
vn 0.1708 -0.9449 -0.2793
vn -0.0037 0.4083 -0.9128
vn -0.0034 0.4083 -0.9128
vn 0.3844 0.6107 -0.6923
vn 0.4520 0.6426 -0.6186
vn 0.4179 0.9082 -0.0206
vn 0.4741 0.8803 0.0158
vn 0.2766 0.9609 -0.0135
vn 0.2597 -0.9657 0.0002
vn 0.1832 -0.9658 0.1833
vn -0.0032 -1.0000 -0.0046
vn 0.3952 -0.9186 -0.0000
vn 0.6887 0.7250 -0.0000
vn 0.6887 -0.7250 -0.0000
vn 0.0002 -0.9658 0.2594
vn 0.2794 -0.9186 0.2794
vn 0.4870 0.7250 0.4870
vn 0.1842 0.9660 0.1816
vn 0.2763 0.9223 0.2701
vn 0.4870 -0.7250 0.4870
vn 0.3131 0.8960 0.3148
vn -0.0107 0.9623 0.2719
vn 0.0825 0.9281 0.3632
vn -0.1839 -0.9655 0.1843
vn 0.2743 -0.6972 0.6623
vn 0.1804 0.8824 0.4346
vn -0.0000 -0.9186 0.3952
vn 0.2743 0.6972 0.6623
vn -0.2617 -0.9651 0.0003
vn -0.2316 0.9506 0.2065
vn -0.2794 -0.9186 0.2794
vn -0.4123 0.8734 0.2592
vn -0.3500 0.9366 -0.0145
vn -0.1727 -0.9456 -0.2756
vn -0.3952 -0.9186 -0.0000
vn -0.5809 0.8134 -0.0296
vn -0.5870 0.7714 0.2458
vn -0.6572 0.7528 0.0366
vn -0.2743 -0.8771 -0.3943
vn -0.6623 0.6972 -0.2743
vn -0.3879 0.6108 -0.6903
vn -0.4555 0.6428 -0.6159
vn -0.2598 0.9298 -0.2608
vn -0.4374 0.7285 -0.5272
vn -0.6623 -0.6972 -0.2743
vn -0.4137 -0.6356 -0.6518
vn -0.3689 -0.6150 -0.6969
vn -0.5332 0.5901 -0.6061
vn 0.0083 -0.5007 -0.8656
vn -0.0025 -0.0067 -1.0000
vn 0.6135 0.0237 -0.7893
vn 0.5683 -0.4680 -0.6768
vn 0.0091 0.4229 -0.9062
vn -0.0180 0.9508 -0.3092
vn 0.1215 0.9733 -0.1949
vn 0.5634 0.4497 -0.6931
vn 0.0033 0.9932 0.1167
vn 0.0014 1.0000 0.0002
vn -0.0762 0.9939 0.0795
vn 0.0060 -1.0000 0.0008
vn -0.0062 -0.9765 -0.2152
vn 0.0903 -0.9861 -0.1393
vn 0.1812 0.9834 -0.0017
vn 0.8717 0.4901 0.0002
vn -0.1068 0.9943 0.0004
vn 0.1463 -0.9892 -0.0010
vn 0.8788 -0.4772 0.0020
vn 0.6314 -0.4783 0.6104
vn 0.1113 -0.9879 0.1078
vn 0.9989 0.0472 -0.0008
vn 0.3503 -0.4740 0.8078
vn 0.0861 -0.9515 0.2953
vn 0.0142 -0.9915 0.1291
vn 0.6193 0.4847 0.6177
vn 0.7039 0.0376 0.7093
vn -0.0813 0.9958 -0.0431
vn 0.1679 0.9648 0.2024
vn -0.1251 -0.9887 0.0832
vn -0.3065 -0.9376 0.1643
vn -0.3887 -0.9126 0.1271
vn -0.7130 -0.6752 -0.1890
vn -0.1925 -0.9813 -0.0090
vn 0.3826 0.0219 0.9237
vn 0.1619 0.9061 0.3909
vn 0.3341 0.4876 0.8066
vn -0.0002 0.9991 -0.0423
vn 0.0305 0.9991 -0.0307
vn 0.1035 0.9941 0.0329
vn -0.5393 -0.4874 -0.6867
vn -0.1174 -0.9822 -0.1466
vn -0.9229 -0.0459 -0.3823
vn -0.8524 0.3858 -0.3531
vn -0.5754 0.3956 -0.7158
vn -0.6227 -0.0347 -0.7817
vn -0.2557 0.9609 -0.1059
vn 0.0887 0.9924 0.0854
vn -0.1733 0.9623 -0.2096
vn -0.0654 -0.3850 -0.9206
vn 0.0024 0.0280 -0.9996
vn 0.5541 -0.1015 -0.8262
vn 0.2600 -0.6670 -0.6982
vn 0.1037 0.4583 -0.8827
vn 0.0925 0.6783 -0.7290
vn 0.4525 0.7489 -0.4842
vn 0.5605 0.7091 -0.4277
vn 0.1418 0.9244 -0.3541
vn 0.1564 0.9876 -0.0117
vn 0.3650 0.9004 -0.2368
vn -0.1455 -0.8903 -0.4316
vn -0.1385 -0.7422 -0.6557
vn 0.1247 -0.9080 -0.4000
vn 0.0111 -0.9601 -0.2793
vn 0.0646 0.4031 -0.9128
vn 0.4807 0.5382 -0.6923
vn 0.5633 0.8260 -0.0206
vn 0.6140 0.7891 0.0158
vn 0.4327 0.9014 -0.0135
vn 0.0953 -0.9954 0.0002
vn 0.0199 -0.9829 0.1833
vn -0.1696 -0.9855 -0.0046
vn 0.2367 -0.9716 0.0000
vn 0.7998 0.6002 0.0000
vn 0.9860 -0.1665 0.0000
vn 0.5584 -0.8296 -0.0000
vn -0.0894 -0.9767 0.1953
vn 0.1226 -0.9523 0.2794
vn 0.6009 0.6338 0.4870
vn 0.6972 -0.1177 0.7071
vn 0.3425 0.9218 0.1816
vn 0.4260 0.8634 0.2701
vn 0.3595 -0.7960 0.4870
vn 0.4580 0.8314 0.3148
vn 0.1497 0.9506 0.2719
vn 0.2358 0.9014 0.3632
vn -0.1875 -0.9820 0.0225
vn 0.3773 -0.0637 0.9239
vn 0.1544 -0.7331 0.6623
vn 0.3248 0.8400 0.4345
vn 0.0084 -0.9208 0.3900
vn 0.3866 0.6418 0.6623
vn -0.3587 -0.9305 -0.0738
vn -0.0701 0.9759 0.2065
vn -0.0810 0.9616 0.2621
vn -0.1892 0.9818 -0.0145
vn -0.3277 -0.9037 -0.2756
vn -0.4241 0.8963 -0.1297
vn -0.5355 -0.8289 -0.1615
vn -0.4165 -0.8192 -0.3943
vn -0.9110 0.1538 -0.3827
vn -0.5370 0.7977 -0.2743
vn -0.2808 0.6668 -0.6903
vn -0.5586 0.0855 -0.8250
vn -0.1014 0.9601 -0.2608
vn -0.3100 0.7912 -0.5272
vn -0.7691 -0.5772 -0.2743
vn -0.4661 -0.5450 -0.6969
vn -0.5832 0.7600 -0.2870
vn -0.4276 0.6707 -0.6061
vn -0.9703 -0.1854 -0.1555
vn -0.7812 -0.2443 0.5745
vn 0.1858 -0.9516 0.2449
vn 0.0245 -0.9994 0.0239
vn 0.2255 -0.9741 -0.0153
vn 0.3707 -0.9253 -0.0800
vn -0.5707 -0.6461 0.5068
vn -0.8046 -0.5834 -0.1105
vn -0.9934 0.0338 -0.1096
vn -0.7985 0.1315 0.5874
vn -0.7815 0.3318 0.5283
vn -0.9678 0.2137 -0.1332
vn -0.8328 0.5393 -0.1247
vn -0.6769 0.6058 0.4181
vn -0.1328 0.9902 -0.0420
vn -0.8241 -0.1065 0.5563
vn -0.1539 -0.0315 0.9876
vn -0.0996 -0.2075 0.9732
vn -0.1950 0.3229 0.9261
vn -0.2160 0.5147 0.8297
vn -0.2039 0.7136 0.6702
vn 0.1746 -0.0580 -0.9829
vn 0.1389 0.0414 -0.9894
vn -0.6030 -0.0630 -0.7952
vn -0.5959 -0.1199 -0.7941
vn 0.3049 -0.9326 0.1931
vn 0.2710 -0.9128 -0.3054
vn 0.0063 -0.5781 0.8159
vn 0.8310 -0.0350 -0.5552
vn 0.7889 0.1304 -0.6005
vn 0.2713 -0.9581 0.0918
vn -0.0927 -0.9355 -0.3410
vn 0.5895 -0.5415 0.5993
vn 0.4817 0.4761 0.7357
vn 0.3932 0.6498 0.6505
vn 0.2999 0.7982 0.5225
vn 0.6338 -0.1172 0.7645
vn 0.7295 0.6753 0.1088
vn 0.5792 0.8122 0.0695
vn 0.9891 -0.0540 0.1369
vn 0.2659 -0.9612 0.0737
vn -0.3209 -0.9459 -0.0481
vn 0.8489 -0.5158 0.1157
vn 0.8401 0.5253 0.1351
vn 0.6238 0.0965 0.7756
vn 0.3501 -0.9279 0.1283
vn -0.1695 -0.9245 0.3415
vn 0.7516 -0.4958 -0.4351
vn 0.6948 0.4474 -0.5631
vn 0.6184 0.5712 -0.5397
vn 0.4775 0.7470 -0.4626
vn 0.9819 0.1546 0.1097
vn 0.0159 0.6405 -0.7678
vn 0.3572 -0.9340 -0.0067
vn 0.1441 -0.9167 0.3726
vn 0.1891 -0.5578 -0.8081
vn 0.1013 0.2592 -0.9605
vn 0.0706 0.3809 -0.9219
vn 0.1056 -0.9892 -0.1015
vn 0.2069 -0.9723 0.1085
vn -0.4891 -0.5272 -0.6949
vn -0.6116 0.0844 -0.7866
vn -0.6067 0.2330 -0.7600
vn -0.5426 0.5541 -0.6313
vn -0.9811 -0.1155 -0.1551
vn -0.5506 -0.3362 -0.7641
vn -0.3988 -0.3579 -0.8443
vn -0.7308 -0.6719 -0.1205
vn -0.8504 -0.5171 -0.0971
vn 0.6943 0.3829 -0.6093
vn 0.6561 0.5355 -0.5318
vn 0.2294 0.1853 -0.9555
vn 0.1025 0.0498 -0.9935
vn -0.1698 -0.0924 0.9811
vn 0.0138 0.0059 0.9999
vn 0.5841 0.4881 0.6485
vn 0.5273 0.3011 0.7945
vn -0.5688 -0.5269 0.6315
vn -0.7115 -0.4016 0.5765
vn 0.7721 0.6330 0.0558
vn 0.8690 0.4816 0.1139
vn 0.1506 0.0139 -0.9885
vn -0.5917 -0.1772 -0.7864
vn 0.5918 0.1918 0.7829
vn 0.9542 0.2728 0.1230
vn -0.7955 -0.1634 0.5835
vn -0.1613 0.0055 0.9869
vn -0.9621 -0.2440 -0.1216
vn 0.7809 0.2032 -0.5906
vn 0.0151 -0.5759 -0.8174
vn 0.1454 -0.9871 -0.0677
vn 0.2873 -0.9547 0.0779
vn 0.6343 -0.5782 -0.5131
vn 0.6132 -0.6556 -0.4407
vn 0.6591 0.2223 -0.7185
vn 0.9315 0.3616 -0.0386
vn 0.8506 -0.5232 0.0523
vn -0.0094 0.0813 -0.9966
vn -0.0756 0.3956 -0.9153
vn 0.5104 0.5596 -0.6529
vn -0.1110 0.6863 -0.7188
vn -0.1384 0.9899 -0.0321
vn 0.3538 0.7816 -0.5138
vn 0.8500 -0.5201 0.0830
vn 0.9928 0.1105 -0.0471
vn 0.6344 -0.0224 -0.7727
vn 0.0638 -0.7421 -0.6672
vn 0.7087 0.7017 -0.0730
vn 0.5210 0.8518 -0.0546
vn -0.7804 -0.6102 0.1364
vn -0.5699 -0.6176 -0.5420
vn -0.7150 -0.1662 -0.6791
vn -0.9956 -0.0890 0.0280
vn 0.2916 -0.9403 0.1756
vn 0.6564 0.3920 0.6445
vn 0.6100 -0.5407 0.5793
vn -0.4400 -0.5411 0.7167
vn -0.6885 0.0512 0.7234
vn 0.2200 -0.9516 0.2146
vn 0.0074 0.3297 0.9440
vn 0.0988 -0.5867 0.8038
vn 0.3349 0.8601 0.3848
vn 0.4706 0.7392 0.4818
vn 0.6170 -0.4716 0.6300
vn -0.0923 0.8014 0.5909
vn -0.0565 0.6703 0.7400
vn 0.1401 -0.9573 0.2530
vn 0.0855 -0.4878 0.8688
vn -0.6727 0.2086 0.7099
vn -0.4154 -0.6407 0.6457
vn 0.6933 0.1908 0.6949
vn 0.1056 -0.9528 0.2846
vn -0.9970 0.0694 0.0353
vn -0.6343 -0.7606 0.1383
vn -0.6384 0.5200 0.5675
vn -0.5538 0.7039 0.4448
vn 0.0022 0.1602 0.9871
vn -0.7788 0.6272 -0.0103
vn 0.0266 -0.9786 0.2040
vn -0.7246 0.0164 -0.6889
vn -0.4790 -0.7539 -0.4497
vn -0.9336 0.3582 -0.0027
vn -0.0140 -0.9998 -0.0118
vn -0.5964 0.6206 -0.5091
vn -0.7033 0.3068 -0.6413
vn -0.0646 -0.1292 -0.9895
vn 0.9752 0.1509 0.1622
vn 0.5829 0.1700 0.7946
vn 0.3771 -0.7315 0.5681
vn 0.6944 -0.7142 0.0875
vn 0.6585 0.0571 -0.7504
vn -0.0514 -0.1903 -0.9804
vn -0.6876 -0.3561 -0.6328
vn 0.9737 0.2271 -0.0160
vn 0.6688 0.2010 0.7158
vn -0.0064 0.0128 0.9999
vn -0.6520 -0.2092 0.7288
vn -0.9317 -0.3573 0.0663
vn 0.9687 0.2469 -0.0272
vn 0.7149 0.1218 -0.6886
vn 0.1274 -0.1377 0.9822
vn 0.7458 0.1500 0.6490
vn -0.8034 -0.5940 0.0405
vn -0.5304 -0.4551 0.7152
vn 0.0774 -0.1842 -0.9798
vn -0.5735 -0.4922 -0.6548
vn 0.6478 -0.3744 -0.6635
vn 0.9545 -0.2982 0.0080
vn 0.6792 -0.7316 0.0589
vn 0.4854 -0.7746 -0.4055
vn -0.0088 0.4215 -0.9068
vn -0.0318 0.3396 -0.9400
vn 0.5986 0.4410 -0.6687
vn 0.6001 0.4691 -0.6479
vn -0.0168 0.7027 -0.7113
vn 0.0011 0.9991 -0.0419
vn 0.4402 0.7419 -0.5058
vn -0.0347 -0.4072 -0.9127
vn 0.8363 0.5452 -0.0578
vn 0.8377 0.5427 -0.0611
vn 0.6035 0.7950 -0.0609
vn 0.6017 0.6158 0.5086
vn 0.6754 -0.2097 0.7070
vn 0.4246 0.8306 0.3604
vn 0.5938 0.5987 0.5375
vn 0.0097 0.8272 0.5618
vn 0.0067 0.5752 0.8180
vn 0.0194 0.6419 0.7666
vn -0.0200 -0.1841 0.9827
vn -0.6267 0.4792 0.6145
vn -0.5905 0.5863 0.5546
vn -0.4487 0.7868 0.4237
vn -0.6834 -0.2406 0.6892
vn -0.6783 0.7344 -0.0225
vn -0.8718 0.4889 -0.0301
vn -0.9451 -0.3250 0.0335
vn -0.9313 0.3643 0.0012
vn -0.6316 0.4223 -0.6502
vn -0.6836 -0.3886 -0.6178
vn -0.4985 0.7000 -0.5114
vn -0.6849 0.3057 -0.6614
vn -0.3892 -0.7613 0.5185
vn -0.5982 -0.7959 0.0932
vn -0.9994 0.0036 -0.0338
vn -0.7263 0.0283 0.6868
vn 0.4862 -0.7161 0.5009
vn 0.0521 -0.7312 0.6801
vn 0.0226 0.0604 0.9979
vn 0.7608 0.0772 0.6444
vn 0.9926 0.0689 -0.1002
vn 0.6484 0.0436 -0.7600
vn 0.0035 -0.8106 -0.5856
vn -0.0399 0.0157 -0.9991
vn -0.4469 -0.8165 -0.3655
vn -0.7044 -0.0007 -0.7098
vn 0.9465 -0.2998 0.1194
vn 0.1453 -0.9882 0.0478
vn -0.0461 -0.9881 0.1469
vn 0.5052 -0.4782 0.7184
vn -0.1444 0.1982 0.9695
vn -0.1195 -0.6601 0.7416
vn 0.8895 0.4397 0.1243
vn 0.5104 0.4891 0.7074
vn 0.6845 0.7239 0.0856
vn -0.0977 0.9945 -0.0372
vn 0.3777 0.7341 0.5643
vn -0.1573 -0.5737 0.8038
vn -0.1136 -0.0266 0.9932
vn 0.6458 0.0724 0.7600
vn -0.1418 0.5237 0.8400
vn -0.1571 0.7193 0.6767
vn 0.0339 -0.4495 -0.8926
vn 0.7387 -0.3278 -0.5890
vn 0.7914 0.1067 -0.6019
vn 0.1258 0.0398 -0.9913
vn -0.1085 -0.9870 0.1185
vn -0.7871 0.1901 0.5867
vn -0.5654 -0.7079 0.4232
vn -0.5844 -0.5456 -0.6007
vn -0.6067 -0.0394 -0.7940
vn -0.0798 -0.9954 0.0531
vn -0.9780 0.1727 -0.1170
vn -0.6941 -0.7132 -0.0984
vn -0.6081 0.6877 0.3966
vn -0.6947 0.5174 0.4997
vn -0.6598 -0.5986 0.4542
vn -0.7509 0.6503 -0.1148
vn -0.8696 0.4807 -0.1129
vn -0.0986 -0.9951 0.0029
vn -0.7983 -0.5911 -0.1156
vn -0.6253 0.1566 -0.7645
vn -0.4768 -0.6890 -0.5459
vn -0.8134 -0.0784 0.5763
vn -0.1688 -0.9855 0.0164
vn 0.1070 0.1329 -0.9853
vn 0.0407 -0.7518 -0.6582
vn -0.5675 0.4269 -0.7041
vn -0.4979 0.6283 -0.5978
vn -0.9831 -0.0845 -0.1626
vn 0.0402 0.6435 -0.7644
vn -0.1039 -0.9932 -0.0521
vn 0.7862 0.1362 -0.6027
vn 0.5847 -0.6757 -0.4490
vn 0.0916 0.3834 -0.9190
vn 0.1301 -0.9871 -0.0933
vn 0.5457 0.6865 -0.4805
vn 0.7157 0.3940 -0.5767
vn 0.9853 0.1238 0.1174
vn 0.9848 -0.0922 0.1472
vn 0.6344 -0.0146 0.7729
vn 0.5779 -0.0039 0.8161
vn 0.9830 -0.1129 0.1447
vn 0.8090 -0.1118 -0.5771
vn 0.7673 -0.1584 -0.6214
vn -0.0998 0.0655 0.9928
vn -0.1951 0.0913 0.9765
vn -0.8030 0.1548 0.5756
vn -0.8282 0.1060 0.5504
vn -0.9721 0.1625 -0.1690
vn -0.9863 0.0561 -0.1553
vn -0.5886 0.0758 -0.8049
vn -0.6277 -0.0164 -0.7782
vn 0.1558 -0.0507 -0.9865
vn 0.0834 -0.1014 -0.9913
vn -0.1425 0.0441 0.9888
vn 0.5853 0.0967 0.8050
vn -0.9780 -0.1785 -0.1079
vn -0.7852 -0.0680 0.6156
vn 0.1466 -0.1769 -0.9733
vn -0.5950 -0.2254 -0.7715
vn 0.9862 0.0554 0.1562
vn 0.8049 -0.0601 -0.5904
vn 0.4118 -0.8176 0.4024
vn 0.8015 -0.0374 0.5969
vn 0.0810 -0.1395 0.9869
vn -0.5976 -0.3755 0.7084
vn 0.9422 0.0391 0.3327
vn 0.9136 -0.0622 0.4019
vn -0.9892 0.1226 0.0800
vn -0.9020 -0.0592 -0.4277
vn -0.8252 -0.4334 0.3622
vn -0.6428 0.7617 -0.0815
vn 0.5822 0.7098 -0.3966
vn 0.6505 0.6965 -0.3027
vn -0.1141 0.4749 -0.8726
vn 0.2485 0.9582 0.1416
vn -0.2434 0.1644 -0.9559
vn 0.5559 0.3369 -0.7599
vn 0.4466 0.0413 -0.8938
vn 0.9176 0.1134 -0.3809
vn 0.6269 -0.0981 -0.7729
vn 0.2114 -0.7000 -0.6821
vn 0.2442 0.6215 -0.7444
vn 0.6021 0.4661 -0.6483
vn 0.5616 -0.5550 -0.6136
vn 0.3383 0.6838 0.6465
vn 0.6866 0.5189 0.5092
vn 0.3055 -0.6346 0.7099
vn 0.0680 -0.7429 0.6659
vn -0.1058 -0.7672 -0.6326
vn 0.1015 0.7979 0.5942
vn 0.3716 0.5486 0.7489
vn 0.7065 -0.5279 0.4714
vn 0.7533 -0.2700 0.5998
vn -0.5567 -0.1616 0.8148
vn 0.6483 -0.5009 0.5734
vn 0.2554 0.4760 -0.8415
vn 0.6341 -0.5731 -0.5191
vn -0.0737 0.7085 -0.7019
vn 0.6601 -0.3282 -0.6757
vn 0.7334 -0.0909 -0.6737
vn 0.8239 -0.0344 0.5657
vn -0.6679 -0.2310 -0.7074
vn -0.4257 -0.4918 0.7596
vn 0.7682 -0.1626 0.6192
vn -0.1473 -0.6433 0.7513
vn -0.5281 -0.5557 -0.6421
vn -0.0239 0.0363 0.9991
vn -0.1688 -0.0542 -0.9842
vn 0.0531 0.4821 -0.8745
vn 0.1761 0.5590 0.8103
vn -0.2504 -0.7077 -0.6606
vn 0.6714 -0.2231 -0.7068
vn 0.7174 0.3371 0.6097
vn 0.6191 0.2757 -0.7353
vn -0.0363 0.8700 -0.4917
vn 0.0296 0.9112 0.4109
vn -0.8519 0.3436 -0.3952
vn -0.7879 0.3837 0.4817
vn -0.7827 -0.2552 0.5677
vn 0.1061 0.6898 0.7162
vn 0.1343 0.8232 0.5517
vn -0.8192 0.3846 0.4255
vn -0.4723 -0.6544 0.5905
vn -0.5486 -0.7020 -0.4541
vn -0.8747 0.3499 -0.3353
vn 0.0475 0.7689 -0.6376
vn -0.8550 -0.3004 -0.4227
vn -0.0034 0.6214 -0.7835
vn 0.5461 0.4303 -0.7188
vn -0.0635 0.7344 -0.6757
vn 0.0303 0.7930 0.6084
vn 0.6417 0.4900 0.5900
vn -0.5999 -0.3560 0.7165
vn -0.3266 -0.3460 0.8795
vn -0.6951 -0.4155 -0.5867
vn -0.4484 -0.4221 -0.7879
vn 0.7184 -0.3473 -0.6028
vn -0.7343 -0.2500 -0.6312
vn 0.5363 -0.4790 -0.6950
vn 0.6346 -0.4176 0.6503
vn 0.1198 -0.8172 0.5638
vn 0.0421 -0.8657 -0.4988
vn -0.6333 -0.1869 0.7510
vn 0.8005 -0.2960 0.5212
vn -0.7643 -0.1630 0.6240
vn -0.8456 -0.2138 -0.4892
vn -0.7311 0.1094 -0.6735
vn -0.6264 0.1748 0.7596
vn 0.4065 0.5991 -0.6898
vn -0.0395 0.6400 -0.7674
vn 0.0679 0.7071 0.7038
vn 0.4983 0.6564 0.5664
vn -0.2271 -0.6987 0.6784
vn -0.3259 -0.3965 0.8582
vn -0.3185 -0.7558 -0.5721
vn -0.4443 -0.4705 -0.7624
vn 0.7061 0.0703 -0.7046
vn -0.6681 -0.2161 -0.7120
vn 0.6313 -0.3326 -0.7006
vn 0.7284 -0.2720 0.6289
vn 0.1197 -0.8172 0.5637
vn -0.5564 -0.1463 0.8180
vn 0.8003 0.1292 0.5855
vn -0.6979 0.0617 -0.7135
vn -0.5874 0.1307 0.7986
vn -0.6749 -0.0970 -0.7315
vn 0.7554 -0.0913 -0.6489
vn 0.6714 -0.2803 -0.6861
vn -0.6849 0.0797 -0.7243
vn 0.4236 -0.6065 -0.6729
vn 0.5207 -0.5458 0.6565
vn -0.2671 -0.7623 0.5895
vn -0.3448 -0.8108 -0.4730
vn 0.8421 -0.0371 0.5381
vn -0.5611 -0.0259 0.8274
vn -0.5732 0.1495 0.8057
vn 0.7656 -0.2214 0.6040
vn -0.7639 0.2205 0.6064
vn -0.8453 0.1697 -0.5067
vn -0.5867 0.3412 -0.7344
vn -0.4763 0.4102 0.7778
vn 0.0369 -0.5921 0.8050
vn 0.0728 0.0455 0.9963
vn -0.9969 0.0348 0.0712
vn -0.7951 -0.6004 0.0855
vn 0.0763 0.6628 0.7449
vn 0.0314 0.9984 -0.0479
vn -0.7556 0.6545 0.0253
vn -0.0314 -0.9984 0.0479
vn -0.0763 -0.6628 -0.7449
vn -0.0369 0.5921 -0.8050
vn -0.0728 -0.0455 -0.9963
vn 0.7951 0.6004 -0.0855
vn 0.7556 -0.6545 -0.0253
vn 0.9969 -0.0348 -0.0712
vn -0.4206 -0.6824 -0.5979
vn -0.7322 -0.5189 -0.4412
vn -0.7242 0.5032 -0.4715
vn -0.3961 0.6394 -0.6590
vn -0.1193 0.6966 0.7075
vn -0.4999 0.5521 0.6673
vn -0.1434 -0.6221 0.7697
vn -0.1320 0.5627 0.8161
vn 0.7409 -0.1978 0.6419
vn -0.5837 -0.2326 0.7780
vn -0.5863 -0.4917 0.6437
vn -0.5021 -0.4687 0.7268
vn -0.7783 -0.5336 -0.3308
vn -0.4402 0.4955 -0.7488
vn -0.6477 0.0067 0.7619
vn -0.8880 -0.0456 -0.4577
vn -0.8309 -0.2865 -0.4770
vn 0.4458 -0.2622 -0.8559
vn 0.5820 -0.5199 0.6253
vn 0.3032 -0.6559 0.6913
vn -0.5871 -0.1247 0.7998
vn 0.3103 -0.5791 -0.7539
vn 0.2865 0.0277 0.9577
vn 0.0730 0.5618 0.8240
vn -0.2536 0.4906 -0.8337
vn -0.0979 -0.0561 -0.9936
vn -0.8441 -0.1808 -0.5048
vn 0.0296 -0.7155 -0.6979
vn -0.5132 0.3715 0.7737
vn 0.1290 0.9084 0.3977
vn -0.0460 0.8703 -0.4904
vn -0.7739 0.3147 -0.5496
vn 0.9063 0.3363 0.2560
vn 0.7363 0.2993 -0.6068
vn 0.8888 -0.3019 0.3449
vn 0.9218 0.3360 0.1934
vn 0.0601 0.8252 0.5616
vn 0.1230 0.6893 0.7139
vn 0.3713 -0.7277 -0.5767
vn 0.5738 -0.6836 0.4511
vn 0.7743 0.3038 -0.5551
vn -0.1704 0.7750 -0.6086
vn 0.6968 -0.3437 -0.6295
vn -0.1677 0.6260 -0.7616
vn -0.6907 0.4648 -0.5539
vn -0.4371 0.5201 0.7338
vn 0.1735 0.7890 0.5893
vn -0.0754 0.7348 -0.6741
vn 0.5259 -0.3698 0.7659
vn 0.7461 -0.3936 0.5371
vn 0.2027 -0.4403 -0.8747
vn 0.4935 -0.4487 -0.7451
vn 0.5286 -0.2853 -0.7995
vn -0.8690 -0.3029 -0.3912
vn -0.7249 -0.4437 -0.5269
vn -0.2186 -0.8584 -0.4640
vn -0.0127 -0.8135 0.5814
vn -0.4642 -0.3869 0.7968
vn -0.6511 -0.2554 0.7147
vn 0.7965 -0.2269 0.5604
vn 0.6750 -0.2563 -0.6918
vn 0.8908 -0.2093 0.4034
vn 0.5342 0.0740 -0.8421
vn 0.8120 0.1346 0.5679
vn -0.5394 0.6256 -0.5637
vn -0.2959 0.6786 0.6722
vn 0.1575 0.7046 0.6919
vn -0.1276 0.6425 -0.7556
vn 0.5169 -0.4200 0.7459
vn 0.3581 -0.7151 0.6004
vn 0.2028 -0.4885 -0.8486
vn 0.1157 -0.7679 -0.6300
vn 0.4456 -0.2473 -0.8604
vn -0.8609 0.1141 -0.4958
vn -0.8099 -0.2923 -0.5085
vn -0.5522 -0.2362 0.7995
vn -0.6109 0.1686 0.7736
vn 0.7421 -0.1826 0.6449
vn 0.4891 0.0286 -0.8717
vn 0.7822 0.0925 0.6161
vn 0.4536 -0.1285 -0.8819
vn 0.4748 0.0473 -0.8788
vn -0.8418 -0.2380 -0.4844
vn -0.9027 -0.0450 -0.4279
vn -0.6175 -0.5774 -0.5342
vn 0.1639 -0.8250 -0.5408
vn 0.3699 -0.7801 0.5046
vn -0.3598 -0.5212 0.7739
vn -0.6726 0.0052 0.7400
vn -0.5918 -0.1835 0.7849
vn 0.7713 0.1120 0.6265
vn 0.7558 -0.0626 0.6519
vn 0.6912 0.1268 -0.7115
vn 0.9069 0.1738 0.3837
vn 0.3919 0.3138 -0.8648
vn 0.6850 0.3777 0.6230
vn 0.1427 -0.5951 0.7909
vn 0.7556 -0.6438 -0.1212
vn 0.9811 -0.0205 -0.1924
vn 0.1931 0.0421 0.9803
vn 0.1578 0.6606 0.7340
vn 0.7707 0.6119 -0.1781
vn 0.0120 0.9989 -0.0453
vn -0.0120 -0.9989 0.0453
vn -0.1578 -0.6606 -0.7340
vn -0.1931 -0.0421 -0.9803
vn -0.1427 0.5951 -0.7909
vn -0.7556 0.6438 0.1212
vn -0.7707 -0.6119 0.1781
vn -0.9811 0.0205 0.1924
vn -0.7070 0.6261 -0.3290
vn -0.6114 0.4512 -0.6501
vn -0.9352 -0.2078 -0.2868
vn -0.9860 -0.1177 -0.1177
vn -0.9934 -0.0846 0.0775
vn -0.9595 -0.2752 -0.0598
vn -0.9647 -0.2524 0.0759
vn -0.8136 -0.5776 0.0664
vn -0.4561 0.1907 -0.8693
vn -0.8481 -0.3419 -0.4048
vn -0.9242 -0.3383 -0.1769
vn -0.2719 -0.1424 -0.9517
vn -0.7372 -0.5005 -0.4538
vn -0.8641 -0.4323 -0.2577
vn -0.0431 -0.4408 -0.8966
vn -0.6190 -0.6602 -0.4254
vn -0.7883 -0.5427 -0.2898
vn -0.5114 -0.7965 -0.3226
vn -0.6366 -0.7458 -0.1965
vn -0.7084 -0.6528 -0.2683
vn 0.1493 -0.7010 -0.6974
vn -0.4312 -0.8879 -0.1604
vn -0.5837 -0.8075 -0.0853
vn 0.2769 -0.8761 -0.3947
vn -0.5578 -0.8285 0.0483
vn 0.3756 -0.9267 -0.0084
vn -0.3914 -0.9195 0.0365
vn 0.3962 -0.8476 0.3529
vn -0.3986 -0.8859 0.2373
vn 0.2922 -0.6786 0.6739
vn -0.4518 -0.7922 0.4102
vn -0.5629 -0.8057 0.1840
vn 0.0938 -0.4293 0.8983
vn -0.5423 -0.6536 0.5279
vn -0.5982 -0.7426 0.3012
vn -0.1228 -0.1368 0.9830
vn -0.6556 -0.4922 0.5727
vn -0.6584 -0.6486 0.3819
vn -0.3347 0.1935 0.9223
vn -0.7739 -0.3330 0.5386
vn -0.7341 -0.5382 0.4140
vn -0.5050 0.4598 0.7304
vn -0.8793 -0.2003 0.4321
vn -0.8140 -0.4281 0.3925
vn -0.6494 0.6306 0.4250
vn -0.9561 -0.1134 0.2702
vn -0.8859 -0.3351 0.3207
vn -0.7402 0.6703 0.0531
vn -0.9388 -0.2734 0.2095
vn 0.8941 -0.4422 -0.0717
vn 0.8914 -0.3698 0.2620
vn 0.8892 -0.3637 0.2775
vn 0.8952 -0.4416 -0.0609
vn 0.8170 -0.2030 0.5398
vn 0.7010 0.0480 0.7116
vn 0.6896 0.0709 0.7207
vn 0.8104 -0.1886 0.5547
vn 0.9352 0.3463 -0.0745
vn 0.8092 0.5840 -0.0641
vn 0.9319 0.3618 0.0254
vn 0.9065 0.4066 0.1132
vn 0.5423 0.3341 0.7709
vn 0.5329 0.3495 0.7706
vn 0.8622 0.4750 0.1760
vn 0.3763 0.5973 0.7083
vn 0.3697 0.6071 0.7034
vn 0.8049 0.5575 0.2034
vn 0.6865 0.7143 0.1365
vn 0.7430 0.6417 0.1900
vn 0.2226 0.8121 0.5394
vn 0.2200 0.8154 0.5354
vn 0.1138 0.9506 0.2888
vn 0.1132 0.9512 0.2870
vn 0.6446 0.7628 0.0508
vn 0.0396 0.9989 -0.0238
vn 0.0198 0.9448 -0.3270
vn 0.0187 0.9499 -0.3118
vn 0.0427 0.9991 -0.0075
vn 0.0854 0.7960 -0.5993
vn 0.0802 0.8061 -0.5863
vn 0.6246 0.7791 -0.0533
vn 0.2049 0.5631 -0.8006
vn 0.1960 0.5800 -0.7907
vn 0.6297 0.7605 -0.1585
vn 0.3656 0.2935 -0.8833
vn 0.3564 0.3077 -0.8822
vn 0.6587 0.7105 -0.2475
vn 0.7064 0.6379 -0.3067
vn 0.5426 -0.0077 -0.8400
vn 0.5325 0.0110 -0.8463
vn 0.7648 0.5547 -0.3278
vn 0.6899 -0.2524 -0.6784
vn 0.6868 -0.2482 -0.6832
vn 0.8247 0.4736 -0.3090
vn 0.8226 -0.3989 -0.4052
vn 0.8240 -0.4001 -0.4012
vn 0.8776 0.4063 -0.2543
vn 0.9162 0.3619 -0.1722
vn -0.0770 0.9970 -0.0019
vn -0.0226 0.9421 -0.3347
vn 0.0210 0.9478 0.3181
vn -0.1372 0.0589 0.9888
vn -0.8855 0.4625 0.0450
vn -0.9608 0.2578 0.1019
vn 0.0734 0.0050 0.9973
vn 0.8866 -0.4619 -0.0244
vn 0.9580 -0.2842 -0.0393
vn 0.0602 -0.2453 -0.9676
vn 0.4390 -0.8980 -0.0282
vn -0.4830 -0.8756 -0.0000
vn -0.0393 -0.0930 -0.9949
vn 0.0851 -0.2514 0.9641
vn -0.4171 0.9062 0.0686
vn 0.4660 0.8848 0.0000
vn -0.0393 -0.0930 0.9949
vn 0.6466 0.7629 0.0000
vn 0.0578 0.0704 0.9958
vn -0.6489 -0.7609 -0.0000
vn 0.0578 0.0704 -0.9958
vn -0.1103 0.0382 -0.9932
vn 0.6853 -0.7283 0.0000
vn 0.0860 -0.0914 0.9921
vn -0.6853 0.7283 0.0000
vn -0.7590 0.6510 0.0000
vn -0.5165 0.4288 0.7412
vn -0.6851 0.3399 0.6443
vn -0.8959 0.4442 0.0000
vn 0.0246 -0.0677 -0.9974
vn -0.5165 0.4288 -0.7412
vn -0.6851 0.3399 -0.6443
vn -0.0785 0.0387 -0.9962
vn 0.6972 -0.7168 0.0000
vn 0.5093 -0.5302 -0.6779
vn 0.6128 -0.3061 -0.7285
vn 0.8944 -0.4472 -0.0000
vn 0.5093 -0.5302 0.6779
vn 0.6128 -0.3061 0.7285
vn 0.0246 -0.0677 0.9974
vn -0.0785 0.0387 0.9962
vn -0.4145 0.5668 -0.7120
vn -0.5613 0.8276 -0.0000
vn 0.2892 -0.6637 0.6898
vn 0.4284 -0.9036 0.0000
vn 0.2892 -0.6637 -0.6898
vn -0.4145 0.5668 0.7120
vn -0.0586 -0.0594 -0.9965
vn -0.0586 -0.0594 0.9965
vn 0.0860 -0.0914 -0.9921
vn -0.1942 0.0738 -0.9782
vn 0.1583 0.8039 0.5733
vn 0.2545 0.5662 0.7840
vn 0.4313 0.2480 0.8674
vn 0.6360 -0.0080 0.7716
vn 0.8162 -0.2079 0.5390
vn 0.9125 -0.3214 0.2530
vn 0.8825 -0.4677 -0.0494
vn 0.7872 -0.4534 -0.4180
vn 0.6854 -0.2559 -0.6818
vn 0.5105 -0.0192 -0.8596
vn 0.3083 0.2575 -0.9158
vn 0.1724 0.5642 -0.8074
vn 0.0776 0.7971 -0.5989
vn 0.8042 -0.0000 -0.5944
vn 0.0000 -0.7071 -0.7071
vn 0.8042 -0.4203 -0.4203
vn 0.8042 -0.5944 0.0000
vn 0.0000 -0.7071 0.7071
vn 0.8042 -0.4203 0.4203
vn 0.8042 0.0000 0.5944
vn 0.0000 0.7071 0.7071
vn 0.8042 0.4203 0.4203
vn 0.8042 0.5944 0.0000
vn 0.6303 0.7764 0.0000
vn 0.6303 0.5490 0.5490
vn -0.0000 0.7071 -0.7071
vn 0.8042 0.4203 -0.4203
vn 0.6303 -0.5490 0.5490
vn 0.6303 -0.7764 0.0000
vn 0.6303 -0.5490 -0.5490
vn 0.6303 -0.0000 -0.7764
vn 0.6303 0.5490 -0.5490
vn 0.6303 0.0000 0.7764
vn -0.6303 0.0000 -0.7764
vn -0.6303 -0.5490 -0.5490
vn -0.6303 -0.7764 0.0000
vn -0.6303 -0.5490 0.5490
vn -0.6303 0.0000 0.7764
vn -0.6303 0.5490 0.5490
vn -0.6303 0.7764 0.0000
vn -0.6303 0.5490 -0.5490
vn -0.9256 0.0000 -0.3786
vn 0.9256 0.0000 -0.3786
vn 0.8660 -0.1987 -0.4589
vn -0.8660 -0.1987 -0.4589
vn 0.7623 -0.6473 -0.0000
vn -0.7623 -0.6473 0.0000
vn 0.8660 -0.1987 0.4589
vn -0.8660 -0.1987 0.4589
vn 0.9256 0.0000 0.3786
vn -0.9256 0.0000 0.3786
vn 0.8660 0.1987 0.4589
vn -0.8660 0.1987 0.4589
vn 0.7623 0.6473 0.0000
vn -0.7623 0.6473 -0.0000
vn 0.8660 0.1987 -0.4589
vn -0.8660 0.1987 -0.4589
vn 0.5201 0.0000 -0.8541
vn 0.6036 -0.3452 -0.7187
vn -0.6036 0.3452 -0.7187
vn -0.7695 0.6387 0.0000
vn -0.5202 0.0000 0.8541
vn -0.6036 -0.3452 0.7187
vn -0.6036 0.3452 0.7187
vn 0.7695 0.6387 -0.0000
vn 0.6035 0.3452 -0.7187
vn 0.6036 -0.3452 0.7187
vn 0.5201 0.0000 0.8541
vn 0.6035 0.3452 0.7187
vn -0.7695 -0.6387 -0.0000
vn -0.6036 -0.3452 -0.7187
vn 0.7695 -0.6387 0.0000
vn -0.5202 0.0000 -0.8541
vn -0.0523 0.9984 -0.0198
vn -0.3106 0.9503 -0.0214
vn -0.1610 0.4662 -0.8699
vn -0.0039 0.4479 -0.8941
vn 0.2891 -0.7270 -0.6228
vn 0.2667 -0.7029 0.6594
vn 0.0124 -0.8761 0.4819
vn 0.0294 -0.8900 -0.4549
vn -0.1913 0.4849 0.8534
vn -0.0352 0.4399 0.8973
vn -0.4002 0.2752 0.8741
vn 0.6242 -0.4241 0.6561
vn 0.7234 -0.1407 0.6760
vn -0.5117 0.0806 0.8554
vn -0.3895 0.2614 -0.8832
vn 0.6305 -0.4312 -0.6454
vn -0.9854 0.1704 0.0000
vn -0.5563 0.0077 0.8310
vn -0.9998 0.0205 0.0000
vn -0.5117 0.0806 -0.8554
vn -0.5563 0.0077 -0.8310
vn -0.7941 0.6077 -0.0102
vn 0.7234 -0.1407 -0.6760
vn 0.7083 -0.0333 -0.7052
vn 0.7083 -0.0333 0.7052
vn 0.0068 -0.0363 -0.9993
vn 0.5287 -0.8488 -0.0051
vn 0.4171 -0.9087 0.0138
vn -0.0523 0.1185 -0.9916
vn 0.0115 -0.0452 0.9989
vn -0.0358 0.0715 0.9968
vn -0.4742 0.8803 0.0159
vn -0.4173 0.9071 0.0552
vn 0.0666 -0.0849 -0.9942
vn -0.7058 0.7084 -0.0000
vn -0.9564 0.2921 0.0000
vn 0.0965 -0.0104 -0.9953
vn 0.0966 -0.0104 0.9953
vn 0.9670 -0.2546 -0.0000
vn 0.9989 -0.0476 -0.0000
vn -0.0653 0.0174 0.9977
vn 0.7874 -0.6164 -0.0000
vn 0.0666 -0.0849 0.9942
vn -0.0653 0.0175 -0.9977
vn -0.9973 0.0740 0.0000
vn -0.4575 0.8880 0.0474
vn -0.1300 0.9901 0.0528
vn -0.1300 0.9608 0.2450
vn -0.4575 0.8617 0.2197
vn -0.1300 0.8945 0.4277
vn -0.4623 0.8001 0.3821
vn -0.4575 0.8801 -0.1268
vn -0.1300 0.9814 -0.1414
vn -0.4575 0.8385 -0.2960
vn -0.1300 0.9350 -0.3301
vn -0.4575 0.7646 -0.4539
vn -0.1300 0.8526 -0.5062
vn -0.4575 0.6614 -0.5944
vn -0.1300 0.7375 -0.6628
vn -0.4575 0.5327 -0.7120
vn -0.1300 0.5940 -0.7939
vn -0.4826 0.4033 -0.7775
vn -0.1300 0.4277 -0.8945
vn -0.5470 0.2379 -0.8026
vn -0.1300 0.2450 -0.9608
vn -0.5416 0.0113 -0.8405
vn -0.1300 0.0528 -0.9901
vn -0.4811 -0.1513 -0.8635
vn -0.1300 -0.1414 -0.9814
vn -0.5016 -0.5889 -0.6337
vn -0.1300 -0.5062 -0.8526
vn -0.1300 -0.3301 -0.9350
vn -0.5295 -0.1783 -0.8294
vn -0.4575 -0.5944 -0.6614
vn -0.1300 -0.6628 -0.7375
vn -0.4575 -0.7120 -0.5327
vn -0.1300 -0.7939 -0.5940
vn -0.4575 -0.8022 -0.3836
vn -0.1300 -0.8945 -0.4277
vn -0.4575 -0.8617 -0.2197
vn -0.1300 -0.9608 -0.2450
vn -0.4575 -0.8880 -0.0474
vn -0.1300 -0.9901 -0.0528
vn -0.4575 -0.8801 0.1268
vn -0.1300 -0.9814 0.1414
vn -0.4575 -0.8385 0.2960
vn -0.1300 -0.9350 0.3301
vn -0.4575 -0.7646 0.4539
vn -0.1300 -0.8526 0.5062
vn -0.4575 -0.6614 0.5944
vn -0.1300 -0.7375 0.6628
vn -0.4575 -0.5327 0.7120
vn -0.1300 -0.5940 0.7939
vn -0.4555 -0.3821 0.8041
vn -0.1300 -0.4277 0.8945
vn -0.4566 -0.2226 0.8613
vn -0.1300 -0.2450 0.9608
vn -0.4647 -0.0311 0.8849
vn -0.1299 -0.0332 0.9910
vn -0.4580 0.1465 0.8768
vn -0.1294 0.1604 0.9785
vn -0.4579 0.2959 0.8383
vn -0.1300 0.3301 0.9350
vn -0.7217 0.1176 0.6822
vn -0.7187 0.2318 0.6556
vn -0.9454 -0.2367 -0.2240
vn -0.9606 -0.0462 -0.2739
vn -0.9607 -0.0468 -0.2738
vn -0.9547 -0.1741 -0.2414
vn -0.5037 -0.1392 -0.8526
vn -0.5185 0.0290 -0.8546
vn -0.1786 0.0331 -0.9834
vn -0.1720 -0.1600 -0.9720
vn -0.9605 -0.0108 -0.2782
vn -0.9608 0.0236 -0.2761
vn -0.5197 -0.6012 -0.6070
vn -0.1888 -0.5889 -0.7858
vn 0.1754 -0.1591 -0.9715
vn 0.1645 -0.6001 -0.7829
vn 0.1761 0.0329 -0.9838
vn -0.1793 0.2435 -0.9532
vn 0.1761 0.2432 -0.9539
vn -0.5297 0.1280 -0.8385
vn -0.5186 0.2108 -0.8286
vn -0.1718 0.4249 -0.8888
vn 0.1761 0.4246 -0.8881
vn -0.5053 0.3722 -0.7785
vn -0.1718 0.5902 -0.7888
vn 0.1761 0.5897 -0.7882
vn -0.5053 0.5170 -0.6910
vn -0.1718 0.7327 -0.6585
vn 0.1761 0.7321 -0.6580
vn -0.5053 0.6418 -0.5768
vn -0.1718 0.8471 -0.5029
vn 0.1761 0.8464 -0.5025
vn -0.5053 0.7420 -0.4405
vn -0.1718 0.9289 -0.3280
vn 0.1761 0.9282 -0.3277
vn -0.5053 0.8137 -0.2873
vn -0.1718 0.9751 -0.1404
vn 0.1761 0.9743 -0.1403
vn -0.5053 0.8541 -0.1230
vn -0.5053 0.8617 0.0460
vn -0.1718 0.9837 0.0525
vn 0.1761 0.9830 0.0524
vn -0.1718 0.9546 0.2434
vn 0.1761 0.9539 0.2432
vn -0.5053 0.8362 0.2132
vn -0.1718 0.8888 0.4249
vn 0.1761 0.8881 0.4246
vn -0.5053 0.7785 0.3722
vn -0.1718 0.7888 0.5902
vn 0.1761 0.7882 0.5897
vn -0.5053 0.6910 0.5170
vn -0.1718 0.6585 0.7327
vn 0.1761 0.6580 0.7321
vn -0.5053 0.5768 0.6418
vn -0.2393 0.4998 0.8324
vn 0.1761 0.5025 0.8464
vn -0.5976 0.4318 0.6756
vn -0.2393 0.3187 0.9171
vn 0.1761 0.3277 0.9282
vn -0.7278 0.2906 0.6211
vn -0.5834 0.2366 0.7769
vn -0.1718 0.1404 0.9751
vn 0.1761 0.1403 0.9743
vn -0.5053 0.1230 0.8541
vn -0.1198 -0.4366 0.8917
vn 0.1583 -0.4768 0.8646
vn -0.4095 -0.4141 0.8129
vn -0.1195 -0.8213 0.5578
vn 0.0890 -0.8846 0.4578
vn -0.2374 -0.7630 0.6012
vn 0.1753 -0.1486 0.9732
vn -0.0884 -0.1503 0.9847
vn -0.1637 -0.1489 0.9752
vn -0.4987 -0.1308 0.8568
vn 0.0393 0.6749 0.7368
vn -0.2078 0.5764 0.7903
vn -0.1505 0.0592 0.9868
vn 0.1408 0.1961 0.9704
vn -0.1656 -0.4665 0.8689
vn 0.1899 -0.4490 0.8731
vn -0.3681 0.4846 0.7935
vn -0.4851 0.0496 0.8730
vn -0.5019 -0.4258 0.7528
vn -0.1718 -0.5902 0.7888
vn 0.1761 -0.5897 0.7882
vn -0.5053 -0.5170 0.6910
vn -0.1718 -0.7327 0.6585
vn 0.1761 -0.7321 0.6580
vn -0.5053 -0.6418 0.5768
vn -0.1718 -0.8471 0.5029
vn 0.1761 -0.8464 0.5025
vn -0.5053 -0.7420 0.4405
vn -0.5053 -0.8137 0.2873
vn -0.1718 -0.9289 0.3280
vn 0.1761 -0.9282 0.3277
vn -0.1718 -0.9751 0.1404
vn 0.1761 -0.9743 0.1403
vn -0.5053 -0.8541 0.1230
vn -0.1718 -0.9837 -0.0525
vn 0.1761 -0.9830 -0.0524
vn -0.5053 -0.8617 -0.0460
vn -0.1718 -0.9546 -0.2434
vn 0.1761 -0.9539 -0.2432
vn -0.5053 -0.8362 -0.2132
vn -0.1718 -0.8888 -0.4249
vn 0.1761 -0.8881 -0.4246
vn -0.5053 -0.7785 -0.3722
vn -0.5035 -0.7392 -0.4473
vn -0.5053 -0.6910 -0.5170
vn -0.1718 -0.7888 -0.5902
vn 0.1761 -0.7882 -0.5897
vn -0.1718 -0.6585 -0.7327
vn 0.1761 -0.6580 -0.7321
vn -0.5053 -0.5768 -0.6418
vn -0.1446 -0.0919 -0.9852
vn 0.1627 0.0526 -0.9853
vn -0.3998 0.0268 -0.9162
vn -0.1405 -0.1860 -0.9725
vn 0.1674 -0.2443 -0.9551
vn -0.4905 -0.3806 -0.7839
vn -0.9613 -0.1841 -0.2049
vn -0.9449 -0.0239 -0.3264
vn -0.9544 -0.0769 -0.2885
vn -0.9000 0.1168 -0.4199
vn -0.4575 0.5944 0.6614
vn -0.4579 0.4539 0.7644
vn -0.7187 0.3550 0.5979
vn -0.7181 0.4652 0.5176
vn -0.7176 0.2951 0.6308
vn -0.9608 -0.2187 -0.1705
vn -0.9608 -0.2191 -0.1700
vn -0.4623 0.7097 0.5315
vn -0.7256 0.5514 0.4117
vn -0.9601 -0.2340 -0.1533
vn -0.7310 0.5838 0.3533
vn -0.7256 0.6206 0.2974
vn -0.3520 -0.8304 -0.4319
vn -0.2019 -0.5410 0.8164
vn -0.8746 0.3668 0.3171
vn -0.8721 0.4184 0.2537
vn -0.9610 -0.2367 -0.1432
vn -0.0883 0.6782 -0.7296
vn -0.9613 -0.2485 -0.1188
vn -0.9612 -0.2564 -0.1021
vn -0.9613 -0.2669 -0.0681
vn -0.7181 0.6744 0.1719
vn -0.7181 0.6950 0.0371
vn -0.9613 -0.2751 -0.0147
vn -0.9613 -0.2726 0.0393
vn -0.7181 0.6888 -0.0992
vn -0.9613 -0.2597 0.0917
vn -0.7181 0.6563 -0.2317
vn -0.7164 0.6320 -0.2956
vn -0.9610 -0.2506 0.1172
vn -0.9610 -0.2229 0.1639
vn -0.9613 -0.2049 0.1841
vn -0.7164 0.5621 -0.4133
vn -0.7181 0.5176 -0.4652
vn -0.7181 0.4169 -0.5573
vn -0.9613 -0.1650 0.2205
vn -0.9687 -0.0660 0.2393
vn -0.9690 -0.0610 0.2395
vn -0.7528 0.3306 -0.5692
vn -0.9573 0.1114 0.2666
vn -0.9538 0.1294 0.2712
vn -0.8396 0.1911 -0.5085
vn -0.8762 0.3588 0.3219
vn -0.9670 -0.0843 -0.2406
vn -0.9218 -0.0683 0.3816
vn -0.9584 -0.2024 0.2015
vn -0.9015 -0.4052 0.1521
vn -0.9687 -0.0064 0.2481
vn -0.9786 -0.0783 -0.1902
vn -0.8782 0.4602 0.1303
vn -0.8446 0.5257 0.1014
vn -0.6922 0.0276 -0.7212
vn -0.5832 0.8102 -0.0588
vn -0.8947 0.1360 -0.4256
vn -0.8477 0.4773 0.2314
vn -0.9081 0.4164 0.0449
vn -0.9047 -0.2243 0.3623
vn -0.6101 -0.6542 0.4469
vn -0.8710 -0.3053 0.3849
vn -0.6501 -0.6869 -0.3250
vn -0.2804 -0.9303 0.2363
vn -0.9613 0.1841 0.2049
vn -0.7181 -0.4652 -0.5176
vn -0.9613 0.2205 0.1650
vn -0.7181 -0.5573 -0.4169
vn -0.7181 -0.6279 -0.3002
vn -0.9613 0.2485 0.1188
vn -0.9613 0.2669 0.0681
vn -0.7181 -0.6744 -0.1719
vn -0.9613 0.2751 0.0147
vn -0.9613 0.2726 -0.0393
vn -0.7181 -0.6950 -0.0371
vn -0.7181 -0.6889 0.0992
vn -0.7181 -0.6563 0.2317
vn -0.9613 0.2369 -0.1406
vn -0.9613 0.2597 -0.0917
vn -0.7181 -0.5984 0.3553
vn -0.9613 0.2049 -0.1841
vn -0.7181 -0.5176 0.4652
vn -0.9613 0.1650 -0.2205
vn -0.7181 -0.4169 0.5572
vn -0.7151 -0.2983 0.6321
vn -0.9615 0.1174 -0.2483
vn -0.9615 0.1175 -0.2483
vn -0.9594 0.0159 -0.2816
vn -0.9614 0.0768 -0.2641
vn -0.9612 0.0566 -0.2700
vn -0.7179 -0.1659 0.6761
vn -0.7264 -0.0171 0.6871
vn -0.2955 0.1534 -0.9429
vn -0.4082 -0.9109 -0.0596
vn -0.9560 -0.1084 -0.2725
vn -0.0863 0.9513 0.2960
vn -0.9593 0.0738 -0.2726
vn -0.1300 0.7939 0.5940
vn -0.1300 0.6628 0.7375
vn -0.1300 0.5062 0.8526
vn -0.5634 -0.3555 -0.7458
vn -0.1306 0.9468 -0.2941
vn -0.8007 -0.2539 -0.5427
vn -0.5367 -0.8157 0.2160
vn -0.8995 -0.4018 -0.1716
vn -0.0015 -0.8452 0.5344
vn -0.0398 -0.8267 0.5612
vn -0.0036 -0.8449 0.5349
vn 0.0221 -0.8577 0.5137
vn 0.0183 -0.8565 0.5159
vn 0.0499 -0.8713 0.4881
vn -0.3543 -0.7817 0.5132
vn -0.4414 -0.7450 0.5002
vn -0.4024 -0.7630 0.5059
vn -0.0059 -0.8480 0.5300
vn -0.0061 -0.8468 0.5319
vn -0.5500 -0.7239 0.4164
vn -0.4814 -0.7619 0.4334
vn -0.7207 -0.5982 0.3504
vn -0.5909 -0.3109 -0.7444
vn -0.0652 0.1414 0.9878
vn -0.6971 -0.6173 0.3647
vn -0.7167 -0.6009 0.3539
vn -0.4811 -0.3674 -0.7960
vn -0.2390 -0.5732 -0.7838
vn -0.2839 -0.8607 0.4226
vn -0.6853 -0.7049 0.1830
vn -0.6367 -0.7387 0.2212
vn 0.4659 -0.7439 0.4791
vn -0.2132 -0.8664 0.4516
vn -0.9960 0.0800 -0.0390
vn -0.9956 0.0799 -0.0484
vn -0.7774 0.5876 -0.2245
vn -0.5387 0.2081 0.8164
vn -0.9953 0.0852 0.0457
vn -0.5684 -0.5433 -0.6179
vn 0.1451 0.8410 -0.5212
vn 0.2752 0.8132 -0.5129
vn 0.1146 0.8453 -0.5218
vn 0.1348 0.8425 -0.5216
vn -0.9998 -0.0084 0.0204
vn -0.8009 -0.0707 0.5946
vn -0.3670 0.7636 -0.5312
vn 0.0956 -0.7569 -0.6465
vn -0.4223 0.7416 -0.5212
vn -0.7264 -0.5408 -0.4241
vn -0.9987 0.0383 -0.0325
vn -0.9985 0.0379 -0.0407
vn -0.6765 -0.6134 0.4074
vn -0.8952 -0.3683 0.2511
vn -0.3733 -0.7757 0.5088
vn -0.2290 0.2106 0.9504
vn -0.1477 0.1497 0.9776
vn -0.2515 0.5662 0.7850
vn -0.2130 -0.6887 -0.6931
vn -0.0523 -0.8089 -0.5857
vn -0.0535 -0.8084 -0.5862
vn -0.0036 -0.8173 -0.5762
vn -0.0300 -0.8197 -0.5720
vn -0.0756 -0.8204 -0.5668
vn -0.0309 -0.8223 -0.5683
vn -0.0356 -0.7946 -0.6061
vn -0.0359 -0.7943 -0.6065
vn -0.0353 -0.7937 -0.6073
vn -0.5895 -0.6115 -0.5278
vn -0.5910 -0.6109 -0.5268
vn -0.5907 -0.6109 -0.5272
vn -0.5755 -0.6810 -0.4529
vn -0.7547 -0.5427 -0.3686
vn -0.4380 -0.7309 -0.5233
vn -0.5909 -0.3773 0.7131
vn -0.2145 0.1793 -0.9601
vn -0.9982 0.0433 0.0417
vn -0.9921 0.0698 0.1037
vn -0.2515 0.6353 -0.7302
vn -0.9942 0.0597 0.0889
vn -0.2740 -0.6668 0.6931
vn -0.1269 -0.1154 -0.9852
vn -0.1276 -0.1161 -0.9850
vn -0.9999 0.0053 0.0145
vn -0.9989 0.0402 0.0220
vn -0.9995 -0.0257 0.0155
vn -0.7264 -0.5772 0.3731
vn -0.3684 0.7116 0.5983
vn 0.2509 0.7679 0.5894
vn -0.4223 0.6911 0.5865
vn 0.1051 -0.8156 0.5690
vn -0.0528 0.7976 0.6008
vn -0.7834 0.0398 -0.6202
vn -0.0623 0.7971 0.6007
vn -0.3551 0.7588 0.5460
vn -0.9958 0.0778 0.0492
vn -0.9951 0.0792 0.0585
vn -0.9997 -0.0065 -0.0221
vn -0.6518 -0.5154 0.5564
vn -0.6001 -0.0475 -0.7985
vn -0.9986 0.0529 0.0065
vn -0.7600 0.5755 0.3020
vn -0.5117 -0.7409 -0.4350
vn -0.6529 -0.6862 -0.3207
vn -0.6872 -0.6670 -0.2877
vn -0.4768 -0.7497 -0.4589
vn -0.2390 -0.6422 0.7284
vn -0.7435 -0.5517 -0.3778
vn -0.7546 -0.5417 -0.3702
vn -0.4811 -0.4383 0.7592
vn 0.2983 -0.7655 -0.5701
vn -0.2130 -0.7489 0.6275
vn -0.0374 -0.7938 -0.6071
vn -0.4876 -0.6635 -0.5675
vn -0.4867 -0.6642 -0.5674
vn -0.9850 -0.0901 -0.1472
vn -0.9850 -0.0906 -0.1471
vn -0.0351 -0.7945 -0.6063
vn -0.0368 -0.7956 -0.6047
vn -0.1282 -0.8305 0.5421
vn -0.1285 -0.8307 0.5417
vn -0.0315 0.8553 0.5172
vn -0.0315 0.8630 0.5043
vn -0.0113 0.9619 0.2732
vn -0.0120 0.9585 0.2848
vn -0.1560 -0.2994 0.9413
vn -0.8084 -0.2000 0.5536
vn 0.5878 -0.2234 0.7776
vn 0.0318 -0.9540 -0.2981
vn 0.0340 -0.8584 -0.5119
vn 0.0339 -0.8647 -0.5012
vn -0.0318 0.9540 0.2981
vn -0.1029 -0.8481 0.5197
vn -0.3271 -0.7727 -0.5440
vn -0.2943 -0.9103 -0.2911
vn -0.2995 -0.8979 -0.3226
vn -0.1443 0.3938 0.9078
vn -0.5868 -0.7736 0.2393
vn -0.6280 0.4627 0.6257
vn -0.6530 0.4941 0.5740
vn -0.6607 0.5039 0.5564
vn 0.0172 -0.9496 -0.3130
vn 0.0179 -0.9457 -0.3246
vn -0.9399 0.2973 0.1681
vn -0.9339 0.1830 0.3070
vn -0.9344 0.3371 0.1154
vn -0.7145 0.6558 0.2437
vn -0.7146 0.6609 0.2292
vn -0.1287 -0.1487 -0.9805
vn -0.7920 -0.1095 -0.6006
vn 0.6100 -0.1008 -0.7860
vn 0.0299 -0.9036 0.4273
vn 0.0300 -0.8974 0.4401
vn 0.0255 -0.9889 0.1466
vn -0.0292 0.8974 -0.4402
vn -0.0290 0.9048 -0.4248
vn -0.0255 0.9889 -0.1466
vn -0.0862 -0.7566 -0.6482
vn -0.2897 -0.8097 0.5104
vn -0.2830 -0.9206 0.2691
vn -0.2771 -0.9413 0.1926
vn -0.1194 0.5307 -0.8391
vn -0.5780 -0.7255 -0.3734
vn -0.6111 0.5559 -0.5634
vn -0.6101 0.5866 -0.5326
vn -0.6104 0.5802 -0.5392
vn 0.0161 -0.9676 0.2520
vn 0.0160 -0.9677 0.2516
vn -0.0107 0.9541 -0.2993
vn -0.0113 0.9514 -0.3077
vn -0.9277 0.3183 -0.1952
vn -0.9238 0.3550 -0.1433
vn -0.9204 0.2191 -0.3238
vn -0.6586 0.6762 -0.3301
vn -0.6738 0.6999 -0.2369
vn 0.3122 0.8524 -0.4196
vn 0.3780 0.8856 -0.2700
vn 0.5158 0.8153 -0.2630
vn 0.4955 0.7215 -0.4838
vn 0.2804 0.6584 -0.6985
vn 0.2119 0.8144 -0.5403
vn 0.3312 0.4596 -0.8240
vn -0.1321 0.4198 -0.8980
vn -0.0991 0.6355 -0.7657
vn 0.3229 0.3338 -0.8856
vn -0.1436 0.2711 -0.9518
vn -0.5248 0.4884 -0.6972
vn -0.4256 0.6641 -0.6147
vn -0.0237 0.8109 -0.5847
vn 0.5773 0.5880 -0.5666
vn 0.5788 0.7407 -0.3410
vn 0.6350 0.6002 -0.4864
vn 0.6537 0.5666 -0.5016
vn 0.5990 0.5065 -0.6202
vn 0.5870 0.5042 -0.6334
vn 0.2701 0.9609 -0.0615
vn 0.3255 0.9361 0.1333
vn 0.4181 0.9079 -0.0301
vn 0.3672 0.9215 -0.1264
vn 0.1111 0.9455 -0.3060
vn -0.3918 0.9189 0.0463
vn 0.0356 0.9764 0.2129
vn 0.0704 0.9974 0.0133
vn -0.2068 0.9720 -0.1115
vn -0.2927 0.8993 -0.3249
vn -0.5647 0.7629 -0.3148
vn -0.5176 0.8341 0.1909
vn -0.0316 0.8983 0.4382
vn 0.0061 0.9380 0.3465
vn -0.4833 0.8631 0.1464
vn 0.3031 0.9120 0.2765
vn 0.4174 0.9085 0.0212
vn 0.3634 0.3351 -0.8693
vn -0.4132 -0.8622 0.2931
vn -0.2425 -0.9005 0.3610
vn -0.0913 -0.9640 0.2499
vn -0.3766 -0.9212 0.0978
vn -0.1251 0.2247 -0.9664
vn 0.2367 0.8808 0.4100
vn 0.2708 0.8922 0.3613
vn -0.5065 0.8307 0.2310
vn -0.7904 -0.0220 0.6122
vn -0.1880 -0.0545 0.9807
vn -0.0721 0.7992 0.5968
vn -0.5362 0.3329 -0.7757
vn -0.5556 0.3777 -0.7407
vn -0.1622 0.8532 -0.4958
vn -0.0276 0.8784 0.4771
vn 0.1790 0.8553 0.4863
vn -0.7329 0.5924 -0.3345
vn -0.7278 0.6029 -0.3267
vn -0.5145 0.8317 0.2088
vn -0.6868 0.6559 -0.3131
vn -0.7233 0.5827 -0.3705
vn -0.9730 -0.2304 -0.0119
vn 0.1814 -0.9810 -0.0694
vn 0.0841 -0.9964 -0.0129
vn 0.2665 -0.5275 -0.8067
vn 0.4041 -0.7560 -0.5149
vn -0.7621 -0.6241 0.1724
vn -0.7401 -0.6559 -0.1485
vn -0.6292 -0.7524 -0.1951
vn -0.6122 -0.7398 -0.2791
vn -0.4987 -0.8601 -0.1078
vn -0.2660 -0.6821 -0.6811
vn -0.2083 -0.9668 0.1483
vn 0.1606 0.2588 -0.9525
vn 0.2966 0.6650 -0.6854
vn -0.1861 -0.9099 0.3707
vn -0.1446 -0.9100 0.3885
vn -0.3213 -0.8913 0.3199
vn -0.4853 -0.7906 0.3734
vn -0.2700 -0.8574 0.4381
vn -0.2565 -0.9018 0.3479
vn -0.2518 -0.8944 0.3697
vn -0.6009 0.2357 -0.7638
vn -0.7305 -0.5151 -0.4483
vn -0.3189 -0.8965 0.3077
vn -0.2948 -0.8733 0.3878
vn -0.1904 -0.8922 0.4095
vn -0.1946 0.0598 -0.9791
vn -0.1418 -0.8255 0.5464
vn -0.4442 -0.6941 0.5666
vn -0.1912 -0.7280 0.6584
vn 0.0046 -0.8070 0.5905
vn -0.1811 -0.8105 0.5570
vn -0.3280 -0.8267 0.4572
vn 0.0511 -0.9685 0.2436
vn 0.0294 -0.9645 0.2623
vn -0.0096 -0.9726 0.2324
vn -0.2067 -0.9466 0.2475
vn -0.2483 -0.8477 0.4688
vn -0.3395 -0.8845 0.3201
vn -0.0456 -0.8085 0.5868
vn -0.0849 -0.8066 0.5850
vn 0.0472 -0.9494 0.3105
vn 0.0644 -0.9346 0.3497
vn 0.0227 -0.9480 0.3175
vn -0.1390 -0.9844 0.1076
vn 0.1154 -0.8599 0.4972
vn 0.0781 -0.8794 0.4697
vn -0.3350 -0.8632 0.3778
vn -0.3584 -0.8560 0.3726
vn 0.0242 -0.8229 0.5677
vn 0.0981 -0.8293 0.5502
vn 0.1203 -0.8422 0.5256
vn 0.0350 -0.8085 0.5875
vn -0.7339 -0.4873 0.4731
vn -0.6727 -0.4492 0.5880
vn -0.8221 -0.5445 0.1663
vn 0.1748 0.7367 0.6532
vn 0.0839 -0.1381 0.9869
vn -0.0894 -0.9123 0.3995
vn -0.2457 -0.7950 0.5547
vn -0.3114 -0.8725 0.3765
vn -0.6411 -0.4439 0.6260
vn -0.5071 -0.5978 0.6209
vn -0.2226 -0.9522 0.2092
vn 0.6251 0.6168 -0.4784
vn 0.3763 -0.3141 0.8717
vn 0.2527 -0.3630 0.8969
vn -0.4465 -0.3788 0.8107
vn -0.4143 -0.4024 0.8163
vn -0.9236 -0.2145 0.3178
vn -0.9211 -0.2519 0.2968
vn 0.1796 -0.3342 0.9253
vn 0.1585 -0.3307 0.9303
vn -0.5300 -0.2828 0.7994
vn -0.4834 -0.3149 0.8168
vn -0.3593 -0.3771 0.8536
vn -0.9271 -0.1238 0.3538
vn -0.9253 -0.1600 0.3439
vn 0.6083 0.5496 0.5727
vn 0.6560 0.3953 0.6430
vn 0.0956 0.2761 0.9564
vn -0.0296 0.4664 0.8841
vn -0.5254 0.0304 0.8503
vn -0.6299 0.1367 0.7646
vn 0.7648 0.1181 0.6333
vn 0.8091 -0.0638 0.5842
vn 0.3551 -0.1535 0.9221
vn 0.1562 0.0069 0.9877
vn -0.1343 0.5398 0.8310
vn -0.4207 -0.1914 0.8868
vn -0.4413 -0.1030 0.8914
vn -0.0732 0.8106 -0.5810
vn -0.0151 0.7814 -0.6238
vn 0.6402 0.7142 -0.2830
vn 0.6675 0.6768 -0.3106
vn 0.9361 0.3046 0.1760
vn 0.9708 0.1771 0.1617
vn 0.0567 0.6702 -0.7400
vn 0.1850 0.4544 -0.8713
vn 0.6687 0.3772 -0.6408
vn 0.6957 0.5671 -0.4409
vn 0.6903 0.6933 -0.2068
vn 0.9965 0.0832 -0.0057
vn 0.9613 0.2510 0.1136
vn 0.0643 0.9662 -0.2496
vn 0.2222 0.9404 -0.2574
vn 0.4593 0.8002 0.3856
vn 0.2435 0.8582 0.4519
vn 0.4911 0.2651 0.8298
vn 0.3235 0.2773 0.9047
vn 0.5286 0.7509 -0.3958
vn 0.7424 0.4352 -0.5093
vn 0.9502 0.2940 -0.1035
vn 0.8449 0.4840 0.2276
vn 0.1266 0.8875 0.4431
vn 0.7823 -0.0940 0.6157
vn 0.6747 0.1034 0.7308
vn -0.6965 0.6482 -0.3078
vn -0.6903 0.5876 -0.4221
vn -0.3069 0.8942 -0.3259
vn -0.3329 0.9354 -0.1189
vn 0.2105 0.9698 -0.1234
vn 0.1134 0.9903 0.0799
vn -0.6839 0.4928 -0.5379
vn -0.6616 0.4082 -0.6291
vn 0.0190 0.5537 -0.8325
vn -0.2289 0.7182 -0.6571
vn -0.3092 0.9505 -0.0301
vn 0.5440 0.4702 -0.6950
vn 0.4407 0.7395 -0.5089
vn -0.8943 0.1973 0.4016
vn -0.9518 0.1761 0.2510
vn -0.7738 0.6154 -0.1501
vn -0.7047 0.7096 -0.0002
vn -0.2972 0.8177 -0.4931
vn -0.1920 0.8954 -0.4017
vn -0.9751 0.1231 0.1842
vn -0.9798 0.0833 0.1817
vn -0.6898 0.4600 -0.5591
vn -0.8398 0.4708 -0.2704
vn -0.6546 0.7490 0.1020
vn -0.2702 0.5241 -0.8077
vn -0.3064 0.6516 -0.6939
vn -0.3750 -0.0810 0.9235
vn -0.4571 -0.1181 0.8815
vn -0.8931 0.0642 0.4452
vn -0.8878 -0.0172 0.4598
vn -0.9727 0.2026 -0.1131
vn -0.9866 0.0761 -0.1441
vn -0.4326 -0.1540 0.8883
vn -0.4025 -0.2034 0.8925
vn -0.9368 0.0577 0.3450
vn -0.8731 0.0727 0.4821
vn -0.9019 0.0167 0.4316
vn -0.9611 0.2193 -0.1680
vn -0.9560 0.2636 -0.1286
vn -0.7725 -0.4021 -0.4914
vn -0.3904 0.1612 -0.9064
vn 0.1648 -0.3644 -0.9165
vn -0.3671 -0.7861 -0.4973
vn 0.6500 -0.6483 -0.3965
vn -0.0137 -0.9930 -0.1176
vn 0.6788 0.6122 -0.4055
vn 0.7714 0.5585 -0.3049
vn 0.5707 0.7135 -0.4065
vn 0.6315 0.3854 -0.6728
vn 0.8853 0.2369 -0.4002
vn 0.5348 0.8304 -0.1561
vn 0.6314 0.7736 -0.0531
vn 0.7952 0.5439 0.2680
vn 0.5041 0.8196 0.2722
vn -0.6897 0.6195 -0.3750
vn 0.5099 0.8048 -0.3038
vn 0.3404 0.6611 -0.6686
vn 0.7404 0.6697 -0.0570
vn -0.5601 0.7435 0.3653
vn -0.9924 -0.0660 -0.1035
vn -0.8980 0.0255 0.4392
vn -0.5446 -0.1814 0.8189
vn -0.0784 0.4619 0.8835
vn -0.1391 -0.5654 0.8130
vn 0.4757 -0.0620 0.8774
vn 0.9531 0.3025 -0.0105
vn 0.2503 0.9682 -0.0004
vn 0.7785 -0.5225 0.3478
vn 0.7972 0.5815 -0.1620
vn 0.1825 0.9025 -0.3901
vn 0.0808 -0.9015 0.4251
vn -0.3480 -0.9360 0.0519
vn -0.2933 -0.8831 0.3662
vn -0.4207 -0.6884 0.5909
vn -0.6555 -0.4660 0.5943
vn -0.6666 -0.7074 0.2352
vn -0.5527 -0.8162 -0.1680
vn -0.7876 -0.5939 -0.1646
vn -0.9149 -0.3991 0.0600
vn -0.8602 -0.3462 0.3744
vn 0.6666 0.7074 -0.2352
vn 0.8111 0.4104 0.4169
vn 0.2661 0.7882 0.5550
vn -0.4322 -0.0747 0.8987
vn 0.2581 -0.2138 0.9422
vn 0.8093 0.4282 -0.4021
vn -0.1033 0.9566 0.2724
vn -0.7994 -0.0260 0.6003
vn -0.7720 -0.3457 0.5335
vn -0.0587 0.9840 0.1684
vn -0.9023 -0.0527 0.4278
vn -0.8615 -0.4108 0.2985
vn -0.5665 -0.7262 0.3896
vn -0.0667 -0.4604 0.8852
vn -0.7103 -0.6936 0.1197
vn -0.7585 -0.6513 -0.0209
vn -0.8726 -0.4750 0.1139
vn -0.9638 -0.0367 0.2641
vn -0.7834 -0.3287 -0.5275
vn -0.7279 -0.1909 -0.6586
vn -0.9863 -0.0800 -0.1439
vn 0.0179 0.6455 -0.7635
vn 0.4487 0.5606 -0.6960
vn -0.2885 0.8869 -0.3608
vn 0.8111 0.5611 -0.1652
vn 0.7956 0.6005 -0.0808
vn -0.2141 0.9694 0.1204
vn 0.7741 0.5534 -0.3075
vn 0.7410 0.6033 -0.2949
vn 0.9106 0.3918 0.1312
vn 0.3083 0.9226 -0.2320
vn 0.6019 0.6965 0.3906
vn 0.5075 0.8598 -0.0567
vn 0.7892 0.5904 -0.1689
vn 0.7290 0.6430 -0.2346
vn 0.8696 0.4900 -0.0611
vn 0.7964 0.4723 -0.3777
vn 0.6740 -0.7012 0.2326
vn 0.6230 -0.7822 0.0013
vn 0.5294 -0.7491 -0.3981
vn 0.5097 -0.4705 0.7203
vn -0.2098 -0.9500 0.2311
vn -0.4084 -0.9128 0.0071
vn 0.2648 -0.7118 -0.6505
vn -0.5548 -0.8217 -0.1301
vn -0.4436 -0.3693 -0.8166
vn 0.2259 -0.6515 -0.7242
vn 0.7232 0.6570 -0.2126
vn 0.6385 0.4579 -0.6186
vn 0.6159 0.7852 0.0641
vn 0.0917 0.6804 -0.7271
vn 0.4545 -0.6992 -0.5519
vn 0.1985 -0.1630 -0.9664
vn 0.8004 -0.2166 -0.5589
vn 0.5021 -0.2137 -0.8380
vn 0.6925 0.6858 0.2239
vn 0.3604 -0.9254 0.1176
vn 0.5643 0.8252 -0.0243
vn 0.5050 -0.2360 -0.8302
vn 0.3289 -0.2762 -0.9031
vn 0.2632 -0.2094 -0.9417
vn 0.2934 -0.8763 -0.3821
vn -0.8913 0.0879 -0.4449
vn 0.4477 -0.4793 0.7549
vn 0.2106 0.4546 -0.8654
vn 0.9102 0.4056 0.0837
vn 0.0424 0.9002 0.4335
vn -0.2038 0.8474 0.4903
vn 0.1751 0.8696 0.4616
vn 0.0957 -0.3824 0.9190
vn 0.9501 -0.2456 0.1920
vn -0.0681 -0.4015 0.9133
vn 0.1782 0.8686 0.4624
vn 0.0590 0.8988 0.4343
vn 0.0543 0.9010 0.4305
vn 0.8808 -0.0623 -0.4694
vn -0.9853 0.1160 -0.1256
vn 0.4631 -0.5337 0.7076
vn 0.0292 0.9738 0.2256
vn 0.4619 -0.5382 0.7049
vn 0.8345 -0.5446 0.0837
vn 0.7863 -0.0489 0.6159
vn 0.8657 -0.3530 0.3549
vn 0.3708 0.9270 0.0557
vn -0.1976 -0.3627 0.9107
vn 0.5512 0.8161 -0.1737
vn 0.8540 -0.3620 0.3736
vn 0.8135 -0.5180 0.2644
vn 0.8325 -0.5287 0.1654
vn 0.1900 -0.6421 0.7427
vn -0.0549 -0.6402 -0.7663
vn -0.5365 0.3301 0.7766
vn 0.9462 -0.0750 -0.3148
vn 0.7204 -0.3945 0.5704
vn 0.7030 -0.7063 -0.0832
vn 0.9864 -0.0752 0.1463
vn 0.8894 -0.4559 0.0342
vn 0.4181 0.7471 -0.5168
vn 0.2887 0.0205 0.9572
vn 0.4388 0.5216 -0.7318
vn 0.8888 -0.4546 0.0580
vn 0.7837 -0.6186 0.0568
vn 0.7462 -0.6653 -0.0250
vn 0.5029 -0.3975 0.7675
vn -0.5067 -0.8063 -0.3051
vn -0.0115 0.7010 0.7131
vn 0.6234 -0.4419 -0.6450
vn -0.3484 0.1839 0.9191
vn 0.3728 0.1176 0.9204
vn -0.0367 0.6745 0.7374
vn 0.1866 0.3956 0.8993
vn 0.2162 0.8782 -0.4266
vn -0.8793 0.0336 0.4751
vn 0.5040 0.8068 -0.3085
vn 0.1625 0.4002 0.9019
vn 0.2223 0.2170 0.9505
vn 0.3181 0.1590 0.9346
vn -0.5372 -0.0230 0.8431
vn 0.5507 -0.8249 0.1276
vn -0.9272 0.2700 -0.2597
vn 0.7972 0.3311 0.5049
vn -0.1769 0.8794 -0.4420
vn 0.8549 0.3341 -0.3969
vn 0.6062 -0.7939 0.0478
vn 0.5704 0.5073 0.6460
vn -0.2880 0.6731 0.6812
vn -0.2598 -0.3868 0.8848
vn -0.7391 -0.6458 0.1915
vn -0.8808 -0.4534 -0.1362
vn -0.0359 -0.9849 0.1695
vn -0.9524 -0.1106 -0.2841
vn 0.6631 -0.3166 -0.6783
vn -0.1430 0.8371 0.5280
vn -0.7619 -0.3896 -0.5174
vn -0.8975 -0.4407 -0.0144
vn -0.0064 0.8106 0.5856
vn 0.9167 -0.3435 -0.2042
vn -0.3766 0.1708 -0.9105
vn -0.1406 0.3782 -0.9150
vn 0.3713 -0.1066 -0.9224
vn 0.1771 -0.3536 -0.9185
vn -0.6147 -0.1064 -0.7815
vn -0.0848 -0.6083 -0.7892
vn -0.6769 0.6300 -0.3807
vn -0.4182 0.8027 -0.4252
vn -0.9021 0.3329 -0.2746
vn -0.5479 0.7548 0.3605
vn -0.2990 0.9181 0.2601
vn -0.7787 0.4524 0.4347
vn -0.0652 0.4723 0.8790
vn 0.1473 0.6570 0.7394
vn -0.3168 0.1821 0.9309
vn 0.4885 -0.0521 0.8710
vn 0.6592 0.1721 0.7320
vn 0.2131 -0.3198 0.9232
vn 0.7888 -0.5112 0.3412
vn 0.9368 -0.2523 0.2422
vn 0.5005 -0.7591 0.4163
vn 0.6598 -0.6361 -0.4000
vn 0.8176 -0.3678 -0.4430
vn 0.3771 -0.8786 -0.2930
vn 0.2286 -0.9461 -0.2294
vn 0.3433 -0.8350 0.4300
vn -0.2008 -0.6948 -0.6906
vn -0.6933 -0.2283 -0.6835
vn -0.9605 0.1801 -0.2122
vn -0.4164 0.0399 0.9083
vn -0.8458 0.2912 0.4471
vn 0.0762 -0.4266 0.9012
vn 0.8871 -0.1200 -0.4458
vn 0.9895 -0.0208 0.1430
vn 0.5036 0.1044 -0.8576
vn 0.0639 0.5209 -0.8512
vn 0.6415 0.4163 -0.6444
vn 0.8772 0.2783 -0.3912
vn 0.3710 0.6724 -0.6405
vn -0.1747 0.8856 -0.4304
vn 0.2244 0.8966 -0.3817
vn -0.0723 0.9847 0.1583
vn 0.2874 0.9576 -0.0197
vn 0.3112 0.7604 0.5701
vn 0.5231 0.8196 0.2335
vn 0.7510 0.3438 0.5638
vn 0.7935 0.5635 0.2296
vn 0.9402 0.3393 -0.0291
vn -0.6218 0.1677 -0.7650
vn -0.3123 0.0251 -0.9497
vn -0.4292 -0.3296 -0.8409
vn -0.7136 -0.1837 -0.6760
vn -0.0251 -0.0940 -0.9953
vn -0.1548 -0.4175 -0.8954
vn 0.0595 0.6600 -0.7489
vn 0.3186 0.4930 -0.8096
vn -0.2660 0.7753 -0.5729
vn 0.4380 0.8898 -0.1279
vn 0.6685 0.7054 -0.2356
vn 0.0962 0.9951 0.0213
vn 0.6016 0.5798 0.5494
vn 0.8197 0.4188 0.3906
vn 0.2527 0.6985 0.6695
vn 0.4544 -0.0883 0.8864
vn 0.6836 -0.1989 0.7022
vn 0.1119 0.0591 0.9920
vn 0.2795 -0.4344 0.8562
vn 0.5074 -0.5155 0.6905
vn -0.0313 -0.2847 0.9581
vn -0.9914 0.0859 0.0988
vn -0.9470 -0.1142 -0.3002
vn -0.8827 -0.3147 0.3491
vn -0.9229 -0.0440 0.3826
vn -0.4590 -0.1864 0.8687
vn -0.7642 0.0522 0.6428
vn -0.9297 0.3659 -0.0424
vn -0.8162 0.2718 -0.5099
vn -0.7739 0.6319 0.0417
vn -0.5180 0.7810 -0.3489
vn -0.6153 0.7282 0.3019
vn -0.2144 0.9653 0.1492
vn -0.5467 0.5983 0.5858
vn -0.0832 0.7167 0.6924
vn -0.6084 0.3183 0.7270
vn -0.2013 0.1808 0.9627
vn 0.2128 -0.1850 -0.9594
vn 0.1635 -0.5974 -0.7851
vn 0.5522 -0.3012 -0.7774
vn 0.4803 -0.6275 -0.6128
vn 0.5602 -0.7789 -0.2820
vn 0.4295 -0.8724 -0.2332
vn 0.5081 0.3193 -0.7999
vn 0.7337 0.0089 -0.6794
vn 0.8088 0.5018 -0.3067
vn 0.9186 0.1211 -0.3761
vn 0.9387 0.2555 0.2313
vn 0.9985 -0.0303 -0.0453
vn 0.8218 -0.2752 0.4989
vn 0.9266 -0.3566 0.1193
vn 0.6454 -0.6687 0.3691
vn 0.7450 -0.6667 0.0212
vn 0.8464 -0.3765 -0.3767
vn -0.8464 0.3765 0.3767
vn 0.3094 -0.8605 -0.4047
vn 0.3958 -0.9098 0.1249
vn -0.1921 -0.9572 0.2165
vn -0.2788 -0.9079 -0.3130
vn 0.6950 0.4381 0.5701
vn 0.3586 0.8592 0.3649
vn -0.3590 0.8022 0.4771
vn -0.5497 0.3385 0.7637
vn -0.4674 0.8643 -0.1857
vn -0.7524 0.4547 -0.4765
vn -0.5825 0.0217 0.8126
vn 0.7847 0.0798 0.6147
vn 0.8184 0.0832 0.5685
vn -0.5903 0.0217 0.8069
vn 0.4920 0.5545 -0.6712
vn 0.2503 0.9213 -0.2975
vn 0.5387 0.4272 -0.7262
vn 0.5700 0.2526 -0.7818
vn 0.7953 0.1235 0.5935
vn 0.7526 0.3036 0.5843
vn -0.7933 0.3197 -0.5181
vn -0.8118 0.1415 -0.5665
vn -0.5786 0.1962 0.7916
vn -0.5872 0.0122 0.8094
vn 0.5647 0.2781 -0.7770
vn 0.7891 0.1488 0.5960
vn -0.8097 0.1669 -0.5626
vn -0.5849 0.0376 0.8102
vn 0.7968 0.0822 0.5986
vn -0.5808 -0.0293 0.8135
vn -0.8084 0.1021 -0.5797
vn 0.5686 0.2136 -0.7944
vn 0.5359 -0.3976 -0.7448
vn 0.7320 -0.5093 0.4525
vn -0.6669 -0.4947 -0.5572
vn -0.4714 -0.6064 0.6403
vn 0.6043 0.7762 0.1795
vn 0.3137 0.6402 -0.7013
vn 0.3877 0.8934 0.2269
vn 0.5558 0.8232 -0.1163
vn 0.4984 0.6115 0.6146
vn 0.1982 -0.8176 -0.5406
vn 0.4618 -0.8774 0.1302
vn 0.3319 -0.9339 -0.1328
vn 0.2264 -0.9404 0.2540
vn 0.1406 -0.9896 0.0311
vn -0.8337 0.0537 -0.5496
vn -0.7880 0.0564 -0.6130
vn 0.5709 0.1146 -0.8130
vn 0.5955 0.1153 -0.7950
vn -0.8219 0.1011 -0.5606
vn -0.5989 -0.0250 0.8004
vn -0.5718 -0.0265 0.8200
vn -0.8016 0.1039 -0.5887
vn 0.5850 0.1624 -0.7946
vn 0.5746 0.1627 -0.8021
vn 0.9965 -0.0639 -0.0533
vn 0.6812 -0.2276 0.6958
vn 0.6091 -0.7927 0.0241
vn 0.6269 0.1437 -0.7657
vn 0.5976 -0.5236 -0.6073
vn 0.7381 0.5041 -0.4484
vn 0.9896 -0.1426 0.0175
vn 0.6001 -0.2220 -0.7685
vn 0.7204 0.4391 0.5369
vn 0.6990 0.7089 -0.0940
vn 0.4625 0.8412 0.2803
vn 0.8245 0.4094 0.3907
vn 0.0990 0.3757 -0.9214
vn 0.0635 0.9621 -0.2651
vn 0.8108 0.0347 0.5843
vn 0.8025 0.0332 0.5957
vn -0.6950 0.4236 0.5811
vn -0.7352 -0.1796 -0.6537
vn -0.6025 -0.6438 -0.4717
vn -0.6201 -0.4160 0.6652
vn -0.4961 -0.3166 0.8085
vn -0.5511 -0.1113 0.8270
vn -0.3101 0.9133 -0.2641
vn -0.8301 0.5009 -0.2451
vn 0.7326 0.3135 0.6042
vn 0.3452 -0.7039 0.6208
vn 0.4241 -0.7661 -0.4830
vn 0.7593 -0.1582 -0.6313
vn -0.7871 0.0239 -0.6164
vn 0.5780 0.0095 -0.8160
vn 0.5320 -0.8280 0.1773
vn 0.9147 -0.2473 0.3195
vn -0.4414 -0.7361 0.5132
vn 0.5671 0.7406 0.3604
vn -0.1837 0.8408 0.5092
vn -0.8105 -0.3069 -0.4989
vn 0.5132 0.4391 -0.7374
vn 0.1105 -0.5694 -0.8146
vn 0.8061 -0.1212 0.5792
vn 0.4459 0.8100 -0.3808
vn -0.9112 -0.0488 -0.4092
vn -0.7500 0.6609 -0.0268
vn -0.6547 0.7174 -0.2383
vn -0.9593 -0.2298 0.1641
vn 0.4186 -0.0280 0.9077
vn -0.0125 0.5852 0.8108
vn -0.0068 0.4601 0.8878
vn -0.0112 0.9434 0.3315
vn 0.0899 -0.2228 0.9707
vn -0.2769 0.7446 -0.6074
vn -0.1046 0.1060 -0.9889
vn 0.3637 0.6634 -0.6539
vn 0.5890 0.8023 -0.0967
vn 0.7343 0.0761 0.6746
vn 0.1014 0.8784 0.4671
vn -0.0197 0.7988 0.6013
vn 0.8676 0.2637 -0.4215
vn 0.5430 0.0132 0.8397
vn -0.5648 0.0546 -0.8235
vn -0.0514 -0.8336 -0.5499
vn -0.1440 -0.5561 -0.8186
vn 0.3227 -0.8902 -0.3217
vn 0.2943 -0.8818 -0.3686
vn 0.0577 0.8053 -0.5901
vn 0.0817 0.9965 -0.0170
vn 0.3728 0.8212 -0.4320
vn -0.0433 -0.9630 -0.2658
vn 0.1499 -0.9660 -0.2108
vn -0.0903 0.4893 -0.8675
vn 0.4697 0.7526 -0.4614
vn 0.4958 0.8678 -0.0340
vn 0.4421 -0.8947 0.0640
vn 0.2791 -0.9591 0.0479
vn 0.6844 0.7113 0.1601
vn 0.6847 -0.6786 0.2659
vn 0.3009 -0.8183 0.4897
vn 0.1677 -0.9334 0.3173
vn 0.8784 0.1447 0.4555
vn 0.6472 0.1850 0.7395
vn 0.5327 -0.4914 0.6890
vn 0.3403 0.8813 0.3278
vn 0.5132 0.6792 0.5248
vn 0.0594 0.8831 0.4654
vn 0.0425 0.6869 0.7255
vn -0.0187 -0.3726 0.9278
vn -0.0453 -0.7524 0.6572
vn 0.0254 0.2454 0.9691
vn -0.0301 -0.9255 0.3775
vn -0.6245 -0.3036 0.7196
vn -0.4108 -0.7614 0.5015
vn -0.4617 0.6840 0.5648
vn -0.6014 0.2799 0.7483
vn -0.2346 0.9057 0.3531
vn -0.2028 -0.9376 0.2825
vn -0.4089 0.9123 -0.0249
vn -0.5971 -0.8007 0.0478
vn -0.2889 -0.9560 0.0515
vn -0.9694 0.2450 0.0155
vn -0.9516 -0.3074 0.0078
vn -0.7848 0.6183 -0.0423
vn -0.4111 -0.8192 -0.3998
vn -0.2077 -0.9622 -0.1760
vn -0.6386 0.1177 -0.7605
vn -0.6236 -0.3592 -0.6943
vn -0.2681 0.8554 -0.4433
vn -0.5378 0.4793 -0.6935
vn -0.3039 0.0512 -0.9513
vn -0.0580 -0.9960 0.0681
vn -0.0565 -0.9959 0.0703
vn -0.0590 -0.9959 0.0692
vn -0.0578 -0.9956 0.0734
vn -0.0592 -0.9955 0.0739
vn -0.0559 -0.9958 0.0719
vn -0.0605 -0.9957 0.0703
vn -0.0603 -0.9956 0.0713
vn 0.1630 -0.9785 0.1262
vn 0.3095 -0.9353 0.1716
vn 0.2045 -0.9406 0.2710
vn 0.1854 -0.9555 0.2293
vn 0.7276 -0.6095 0.3148
vn 0.8923 0.3175 0.3208
vn 0.6944 0.3564 0.6251
vn 0.5533 -0.5957 0.5823
vn 0.5866 0.7894 0.1810
vn 0.4555 0.8797 0.1367
vn 0.3519 0.9046 0.2407
vn 0.4476 0.8330 0.3252
vn 0.0051 0.9987 0.0517
vn 0.0624 0.9314 0.3586
vn 0.0496 0.8727 0.4856
vn -0.0400 -0.5192 0.8537
vn -0.0370 -0.9327 0.3586
vn 0.0399 0.4353 0.8994
vn -0.0293 -0.9530 0.3017
vn -0.6555 -0.4598 0.5991
vn -0.2791 -0.9236 0.2627
vn -0.3866 0.8481 0.3623
vn -0.6239 0.4698 0.6245
vn -0.2467 0.9330 0.2620
vn -0.2159 -0.9555 0.2010
vn -0.3997 0.9164 -0.0209
vn -0.3754 -0.9259 0.0410
vn -0.2761 -0.9604 0.0381
vn -0.9042 0.4272 0.0023
vn -0.8922 -0.4515 0.0122
vn -0.6343 0.7722 -0.0355
vn -0.2774 -0.9448 -0.1743
vn -0.2194 -0.9681 -0.1207
vn -0.6681 0.3469 -0.6582
vn -0.6542 -0.4968 -0.5703
vn -0.2844 0.8962 -0.3404
vn -0.4841 0.7057 -0.5173
vn -0.3901 -0.4459 -0.8056
vn -0.1726 -0.9504 -0.2588
vn -0.2766 0.6417 -0.7154
vn -0.3797 0.2843 -0.8804
vn -0.1476 0.8642 -0.4810
vn -0.1318 -0.9827 -0.1302
vn -0.0581 -0.9971 0.0486
vn -0.0568 -0.9971 0.0499
vn -0.0589 -0.9970 0.0493
vn -0.0580 -0.9969 0.0525
vn -0.0593 -0.9968 0.0527
vn -0.0560 -0.9971 0.0513
vn -0.0605 -0.9969 0.0501
vn -0.0603 -0.9969 0.0509
vn -0.0602 -0.9969 0.0510
vn 0.2435 -0.9483 0.2037
vn 0.3115 -0.8877 0.3391
vn 0.1266 -0.8684 0.4793
vn 0.1087 -0.9119 0.3958
vn 0.5926 -0.6061 0.5305
vn 0.7931 0.0321 0.6082
vn 0.4891 0.0941 0.8671
vn 0.3349 -0.5668 0.7527
vn 0.6729 0.5804 0.4587
vn 0.4595 0.8428 0.2804
vn 0.3244 0.8710 0.3690
vn 0.4602 0.6210 0.6345
vn 0.0489 0.9842 0.1701
vn 0.0146 0.9071 0.4207
vn -0.1037 0.6975 0.7090
vn -0.3041 -0.4150 0.8575
vn -0.2744 -0.7878 0.5514
vn -0.2231 0.2240 0.9487
vn -0.2240 -0.8767 0.4258
vn -0.8371 -0.2765 0.4721
vn -0.6022 -0.7379 0.3049
vn -0.5837 0.7074 0.3985
vn -0.7918 0.3004 0.5318
vn -0.2443 0.9372 0.2490
vn -0.4528 -0.8642 0.2193
vn -0.3117 0.9455 -0.0945
vn -0.6569 -0.7434 -0.1256
vn -0.4798 -0.8733 -0.0848
vn -0.9382 0.2717 -0.2145
vn -0.9417 -0.2397 -0.2361
vn -0.7368 0.6382 -0.2230
vn -0.3844 -0.7940 -0.4710
vn -0.3018 -0.8907 -0.3399
vn -0.7672 0.1955 -0.6109
vn -0.6167 -0.4486 -0.6468
vn -0.2644 0.9238 -0.2768
vn -0.6273 0.5717 -0.5288
vn -0.1558 -0.7785 -0.6079
vn -0.1579 -0.8081 -0.5674
vn -0.1079 -0.9167 -0.3847
vn -0.4098 -0.9102 -0.0609
vn -0.3863 -0.9075 0.1647
vn -0.2721 -0.9298 -0.2480
vn 0.0110 -0.9633 0.2683
vn 0.1570 -0.9852 0.0682
vn -0.2170 -0.9284 0.3016
vn -0.0546 -0.9557 -0.2894
vn 0.1251 -0.9791 -0.1603
vn 0.1224 -0.9787 -0.1646
vn -0.2923 -0.5729 0.7658
vn 0.1952 -0.9713 -0.1362
vn 0.7623 -0.6231 -0.1752
vn 0.1356 -0.1109 0.9845
vn 0.5032 0.4004 0.7658
vn 0.9907 0.0020 -0.1362
vn 0.6328 0.7743 0.0000
vn -0.6328 -0.7743 0.0000
vn -0.5032 -0.4004 -0.7658
vn -0.1356 0.1109 -0.9845
vn 0.2923 0.5729 -0.7658
vn -0.1952 0.9713 0.1362
vn -0.9907 -0.0020 0.1362
vn -0.7623 0.6231 0.1752
vn -0.8027 0.3007 -0.5150
vn -0.6266 0.1568 0.7634
vn -0.4235 0.2737 0.8636
vn -0.6303 0.4427 -0.6377
vn 0.6981 -0.2758 0.6608
vn 0.7152 -0.4981 0.4902
vn 0.4877 -0.1038 -0.8668
vn 0.5430 -0.3574 -0.7599
vn 0.6806 0.0517 -0.7308
vn -0.7428 0.1000 -0.6620
vn 0.8523 -0.0886 0.5155
vn -0.5357 -0.0692 0.8416
vn -0.7871 0.3474 -0.5097
vn -0.5504 -0.6612 -0.5097
vn -0.8310 -0.4870 -0.2689
vn -0.9609 0.0666 -0.2689
vn 0.0435 -0.7075 -0.7054
vn -0.2757 0.6530 -0.7054
vn 0.4100 0.6990 -0.5859
vn 0.6837 -0.4414 -0.5812
vn 0.4100 0.6990 0.5859
vn 0.6837 -0.4414 0.5812
vn 0.9621 -0.0526 0.2675
vn 0.8275 0.4950 0.2649
vn 0.0435 -0.7075 0.7054
vn -0.2757 0.6530 0.7054
vn -0.7871 0.3474 0.5097
vn -0.5504 -0.6612 0.5097
vn -0.8310 -0.4870 0.2689
vn -0.9609 0.0666 0.2689
vn 0.9621 -0.0526 -0.2675
vn 0.8275 0.4950 -0.2649
vn -0.7647 -0.0866 0.6385
vn -0.7667 0.5108 0.3889
vn -0.7667 0.5107 -0.3889
vn -0.7647 -0.0866 -0.6385
vn -0.0221 0.1206 -0.9925
vn -0.1902 0.8462 -0.4978
vn 0.4688 0.7942 -0.3866
vn 0.7389 0.2401 -0.6297
vn 0.4688 0.7942 0.3866
vn 0.7389 0.2401 0.6297
vn -0.0221 0.1206 0.9925
vn -0.1902 0.8462 0.4978
vn 0.7932 -0.0806 -0.6036
vn 0.7932 -0.0806 0.6036
vn 0.7640 -0.3376 0.5499
vn 0.7640 -0.3376 -0.5499
vn 0.0368 -0.1147 0.9927
vn -0.5212 0.0142 0.8533
vn 0.0368 -0.1147 -0.9927
vn -0.5135 0.0239 -0.8577
vn 0.2317 -0.3836 -0.8940
vn 0.2317 -0.3836 0.8940
vn -0.1582 0.0154 0.9873
vn -0.6781 0.4867 0.5507
vn -0.7987 0.0799 0.5964
vn -0.6602 0.4867 -0.5721
vn -0.7842 0.0819 -0.6150
vn -0.1280 0.0153 -0.9917
vn 0.1436 -0.6119 -0.7778
vn 0.9736 0.2284 0.0000
vn 0.9008 -0.4342 0.0000
vn -0.1436 0.6119 -0.7778
vn -0.2284 0.9736 0.0000
vn 0.6137 0.7896 0.0000
vn 0.2284 -0.9736 0.0000
vn 0.1436 -0.6119 0.7778
vn -0.1436 0.6119 0.7778
vn -0.9008 0.4342 -0.0000
vn -0.6137 -0.7896 0.0000
vn -0.9736 -0.2284 -0.0000
vn -0.6275 -0.4299 0.6492
vn -0.6148 -0.2018 0.7624
vn -0.6148 -0.2018 -0.7624
vn -0.6275 -0.4299 -0.6492
vn 0.7341 0.2410 -0.6348
vn 0.5206 0.3566 -0.7758
vn 0.7341 0.2410 0.6348
vn 0.5206 0.3566 0.7758
vn 0.4909 0.5987 0.6329
vn -0.4094 -0.4993 0.7636
vn 0.4909 0.5987 -0.6329
vn -0.4094 -0.4993 -0.7636
vn -0.4356 -0.6851 0.5839
vn -0.1434 -0.8017 0.5803
vn 0.4680 0.4633 0.7526
vn 0.1213 0.6586 0.7427
vn -0.5059 0.4216 0.7526
vn 0.8117 -0.0662 0.5803
vn 0.4808 0.6912 0.5395
vn 0.7236 -0.3682 0.5839
vn -0.6672 0.0578 0.7427
vn -0.4827 -0.0878 0.8714
vn 0.5156 -0.4546 0.7263
vn 0.5674 -0.2762 -0.7757
vn 0.6164 -0.0218 -0.7871
vn 0.2018 0.8146 -0.5438
vn -0.7206 0.5208 -0.4577
vn 0.3411 -0.2985 -0.8914
vn -0.6997 -0.0498 -0.7127
vn -0.8628 0.1299 -0.4885
vn -0.0690 -0.7036 -0.7072
vn -0.5211 -0.4675 -0.7140
vn 0.1955 0.1831 -0.9635
vn 0.0841 0.2243 -0.9709
vn 0.6422 -0.5446 0.5395
vn -0.0413 0.4889 0.8714
vn -0.5017 -0.4698 0.7263
vn -0.3291 -0.5385 -0.7757
vn -0.0805 -0.6115 -0.7871
vn 0.7916 -0.2787 -0.5438
vn 0.5873 0.6676 -0.4576
vn -0.3297 -0.3110 -0.8914
vn 0.0172 0.7013 -0.7127
vn 0.2117 0.8465 -0.4885
vn -0.2137 0.1768 -0.9608
vn -0.7435 -0.1695 -0.6469
vn -0.7964 0.4408 -0.4141
vn -0.5680 0.4753 -0.6719
vn -0.0137 0.0112 -0.9998
vn 0.4589 0.5350 -0.7093
vn 0.6486 0.3207 -0.6903
vn 0.1869 -0.1477 -0.9712
vn -0.1063 -0.7622 0.6386
vn -0.1063 -0.7622 -0.6386
vn 0.2603 -0.7824 -0.5658
vn 0.2603 -0.7824 0.5658
vn -0.0137 0.0112 0.9998
vn 0.4589 0.5350 0.7093
vn 0.1817 0.7305 0.6583
vn -0.2093 0.1718 0.9626
vn -0.5144 -0.5188 -0.6829
vn -0.5144 -0.5188 0.6829
vn 0.1745 0.7314 -0.6593
vn 0.6486 0.3207 0.6903
vn -0.7431 -0.1745 0.6460
vn 0.1869 -0.1477 0.9712
vn 0.3210 -0.1861 0.9286
vn 0.7678 -0.4512 0.4548
vn 0.8292 0.0582 0.5559
vn 0.7163 0.2371 0.6563
vn 0.7163 0.2371 -0.6563
vn 0.3210 -0.1861 -0.9286
vn 0.8292 0.0582 -0.5559
vn 0.8269 0.3874 -0.4076
vn 0.8269 0.3874 0.4076
vn 0.7678 -0.4512 -0.4548
vn -0.5535 0.4642 0.6915
vn -0.4922 0.7725 0.4013
vn -0.4919 0.7704 -0.4056
vn -0.7991 0.4415 0.4081
vn -0.5904 0.4445 0.6737
vn -0.2822 0.6757 0.6810
vn -0.2835 0.6931 -0.6628
vn -0.5807 0.4591 -0.6723
vn -0.0511 -0.0807 -0.9954
vn 0.1873 0.6952 -0.6940
vn 0.4952 0.5474 -0.6746
vn -0.0596 -0.0486 -0.9970
vn 0.6872 0.2249 0.6907
vn -0.0792 -0.0586 0.9951
vn 0.4729 -0.5682 0.6734
vn 0.7014 -0.2678 0.6606
vn -0.0485 -0.1098 0.9928
vn 0.1904 0.6832 0.7049
vn 0.4640 -0.5734 -0.6752
vn 0.6856 -0.2600 -0.6800
vn 0.6795 0.2345 -0.6952
vn -0.1016 -0.0450 -0.9938
vn 0.5003 0.5370 0.6792
vn -0.0506 -0.0683 0.9964
vn 0.7724 -0.1825 0.6083
vn 0.4632 -0.4812 0.7443
vn 0.4720 -0.5170 -0.7141
vn 0.7569 -0.2156 -0.6169
vn -0.5425 -0.4524 0.7078
vn -0.0841 -0.6823 0.7263
vn 0.1402 0.2047 0.9687
vn -0.5911 0.5200 0.6166
vn -0.6954 0.1202 0.7085
vn 0.0559 0.2805 0.9582
vn -0.5760 0.5375 -0.6159
vn -0.6575 0.1164 -0.7444
vn -0.0770 -0.8956 0.4381
vn 0.4816 -0.4466 0.7541
vn -0.1529 -0.5740 0.8044
vn 0.5563 0.0556 0.8291
vn 0.4845 0.5432 0.6857
vn -0.1492 0.6800 0.7179
vn -0.1942 0.0682 0.9786
vn -0.0717 0.9478 0.3108
vn -0.7200 0.5303 0.4476
vn -0.7229 -0.4596 0.5159
vn -0.8310 0.0407 0.5548
vn 0.3194 0.5630 0.7622
vn 0.4408 0.7586 -0.4798
vn 0.1107 0.8408 -0.5299
vn 0.0335 0.6495 0.7596
vn 0.5008 0.3878 0.7738
vn -0.0689 -0.8008 0.5949
vn -0.4839 -0.6301 0.6073
vn 0.6639 0.5694 -0.4848
vn -0.0192 -0.5994 -0.8002
vn -0.1632 -0.6034 -0.7806
vn -0.3688 -0.4943 -0.7872
vn -0.2572 -0.7693 0.5848
vn -0.1209 -0.8956 -0.4281
vn -0.2335 -0.5740 -0.7849
vn 0.4028 -0.4466 -0.7989
vn 0.4696 0.0556 -0.8811
vn -0.2922 0.0681 -0.9539
vn -0.2211 0.6800 -0.6991
vn 0.4126 0.5432 -0.7312
vn -0.1027 0.9478 -0.3020
vn -0.7616 0.5303 -0.3724
vn -0.7714 -0.4596 -0.4401
vn -0.8828 0.0407 -0.4679
vn -0.3141 -0.3194 -0.8940
vn 0.4800 -0.2874 -0.8289
vn 0.5085 -0.3039 -0.8056
vn -0.1846 -0.3112 -0.9322
vn 0.9521 -0.0952 -0.2907
vn 0.9498 -0.1370 -0.2813
vn -0.1156 -0.3580 -0.9266
vn 0.5365 -0.3583 -0.7641
vn 0.5780 -0.3745 -0.7250
vn -0.0951 -0.3658 -0.9258
vn 0.4227 -0.3262 -0.8455
vn 0.9446 -0.1948 -0.2643
vn 0.9416 -0.2283 -0.2476
vn -0.6668 -0.7347 -0.1245
vn -0.0180 -0.9388 -0.3439
vn -0.1149 -0.8359 -0.5367
vn -0.6918 -0.6640 -0.2839
vn 0.6193 -0.6691 -0.4109
vn 0.5318 -0.6390 -0.5558
vn -0.7621 -0.4436 -0.4716
vn -0.1377 -0.6532 -0.7446
vn -0.3141 -0.4734 -0.8230
vn -0.7822 -0.2727 -0.5602
vn 0.0748 -0.9666 -0.2450
vn 0.4674 -0.5608 -0.6835
vn 0.4589 -0.4907 -0.7407
vn -0.0482 -0.2144 0.9756
vn -0.7589 -0.2312 0.6088
vn -0.7364 -0.2797 0.6160
vn -0.1026 -0.1590 0.9819
vn -0.9828 -0.1526 -0.1041
vn -0.9655 -0.2592 -0.0267
vn -0.1608 0.0072 0.9870
vn -0.7743 -0.0606 0.6299
vn -0.7253 0.2110 0.6553
vn -0.2609 0.2656 0.9281
vn -0.7818 -0.3109 0.5405
vn -0.9843 -0.1757 -0.0186
vn -0.9985 0.0310 -0.0448
vn -0.1996 -0.5389 0.8184
vn -0.3497 -0.9136 0.2076
vn -0.5568 -0.8072 0.1959
vn -0.3526 -0.5007 0.7905
vn -0.3417 -0.7819 -0.5214
vn -0.5075 -0.7078 -0.4914
vn -0.6329 -0.2410 0.7357
vn -0.8986 -0.4341 0.0634
vn -0.9830 -0.0629 0.1722
vn -0.8039 0.0867 0.5885
vn -0.2380 -0.9397 0.2457
vn -0.6691 -0.5061 -0.5443
vn -0.7509 -0.2739 -0.6009
vn 0.5962 -0.3332 0.7304
vn 0.2004 -0.6391 0.7426
vn 0.1765 -0.4677 0.8661
vn 0.5963 -0.2114 0.7745
vn -0.2455 -0.7732 0.5847
vn -0.3426 -0.6131 0.7118
vn 0.6007 -0.0633 0.7970
vn 0.1171 -0.1091 0.9871
vn -0.1093 0.1517 0.9824
vn 0.5884 0.0621 0.8062
vn 0.1765 -0.7076 0.6842
vn -0.5464 -0.1647 0.8212
vn -0.6154 0.1677 0.7701
vn 0.8663 -0.4940 -0.0738
vn 0.6015 -0.5853 0.5437
vn 0.6801 -0.4216 0.5998
vn 0.9234 -0.3826 0.0299
vn 0.0611 -0.4076 0.9111
vn 0.1742 -0.2984 0.9384
vn 0.9525 -0.3008 0.0468
vn 0.7629 -0.2402 0.6002
vn 0.6106 -0.0255 0.7915
vn 0.9625 -0.2702 0.0228
vn 0.5485 -0.6784 0.4888
vn 0.2023 -0.0423 0.9784
vn 0.1817 0.1312 0.9746
vn 0.3993 -0.5926 -0.6996
vn 0.8901 -0.3744 -0.2597
vn 0.8841 -0.4250 -0.1944
vn 0.4849 -0.5444 -0.6845
vn 0.9643 -0.0471 0.2604
vn 0.9339 -0.1598 0.3198
vn 0.4656 -0.5203 -0.7158
vn 0.8638 -0.4542 -0.2183
vn 0.9264 -0.3570 -0.1198
vn 0.4426 -0.4841 -0.7549
vn 0.8990 -0.3817 -0.2149
vn 0.9088 -0.1929 0.3700
vn 0.9191 -0.1344 0.3703
vn 0.8761 -0.3331 -0.3486
vn 0.7437 -0.6116 -0.2700
vn 0.8640 -0.4782 -0.1573
vn 0.9166 -0.1653 -0.3642
vn 0.8014 -0.5966 0.0423
vn 0.8069 -0.5521 0.2099
vn 0.9469 -0.3198 -0.0347
vn 0.8832 -0.1796 -0.4333
vn 0.7600 -0.6144 0.2121
vn -0.5137 0.7538 0.4098
vn -0.3625 0.8036 0.4721
vn 0.1476 0.9321 -0.3307
vn -0.1053 0.0399 0.9936
vn -0.8069 0.5496 0.2162
vn -0.3163 -0.2344 0.9192
vn -0.9749 0.2195 -0.0382
vn -0.4179 -0.6372 0.6476
vn -0.2202 -0.7889 -0.5736
vn -0.1215 0.4087 -0.9046
vn 0.6688 -0.6694 -0.3233
vn -0.0248 0.7941 -0.6073
vn 0.6172 -0.3751 -0.6916
vn 0.6990 -0.5619 -0.4423
vn 0.7668 -0.3792 -0.5179
vn 0.5340 -0.2678 -0.8019
vn 0.8863 -0.3253 -0.3298
vn 0.9520 -0.1904 -0.2398
vn 0.8014 -0.1758 -0.5717
vn 0.4889 -0.3483 -0.7998
vn 0.9470 -0.2635 -0.1836
vn -0.5369 0.7922 0.2900
vn -0.4354 0.8771 0.2027
vn -0.5381 0.5190 -0.6642
vn 0.4011 0.6931 0.5990
vn -0.7353 0.4774 0.4810
vn 0.3686 0.4009 0.8387
vn -0.8042 0.0328 0.5934
vn 0.3684 -0.1091 0.9232
vn -0.0406 -0.9853 0.1658
vn -0.7500 -0.3162 -0.5810
vn 0.6439 -0.6595 -0.3879
vn -0.7363 0.1963 -0.6475
vn 0.2753 -0.6793 -0.6802
vn 0.5546 -0.6452 -0.5255
vn 0.4671 -0.5514 -0.6912
vn 0.1073 -0.6770 -0.7282
vn 0.6180 -0.3767 -0.6901
vn 0.6348 -0.2113 -0.7433
vn 0.3566 -0.4308 -0.8290
vn 0.1157 -0.7387 -0.6640
vn 0.6971 -0.2254 -0.6806
vn -0.6401 0.7324 0.2321
vn -0.6591 0.7485 0.0732
vn -0.9757 -0.1021 -0.1937
vn 0.2152 0.9496 -0.2279
vn -0.5157 0.6038 0.6078
vn 0.4626 0.8854 0.0461
vn -0.2747 0.3403 0.8993
vn 0.7717 0.5622 0.2975
vn 0.5748 -0.6342 0.5171
vn -0.6432 -0.6871 0.3380
vn 0.5943 -0.6867 -0.4186
vn -0.9337 -0.3475 0.0861
vn 0.2058 -0.9290 -0.3076
vn 0.4573 -0.7755 -0.4352
vn 0.2649 -0.8224 -0.5035
vn 0.0651 -0.9745 -0.2146
vn 0.2773 -0.6768 -0.6820
vn 0.1751 -0.5861 -0.7911
vn 0.0565 -0.8329 -0.5505
vn 0.1355 -0.9779 -0.1595
vn 0.2568 -0.5497 -0.7949
vn -0.7089 0.6402 0.2960
vn -0.8101 0.5462 0.2133
vn -0.7141 -0.2958 0.6345
vn -0.4653 0.5815 -0.6673
vn -0.3676 0.8023 0.4704
vn -0.1246 0.7366 -0.6648
vn 0.0826 0.8191 0.5677
vn 0.3838 0.6888 -0.6150
vn 0.9877 -0.0810 0.1340
vn 0.0885 -0.3531 0.9314
vn 0.5601 -0.7327 -0.3867
vn -0.4160 -0.2917 0.8613
vn 0.4793 -0.8760 0.0527
vn 0.5045 -0.8228 -0.2618
vn 0.3623 -0.9211 -0.1425
vn 0.4504 -0.8641 0.2247
vn 0.2064 -0.9266 -0.3144
vn 0.0336 -0.9413 -0.3360
vn 0.2007 -0.9796 -0.0143
vn 0.5262 -0.8239 0.2105
vn 0.0642 -0.9095 -0.4108
vn -0.6748 0.6081 0.4183
vn -0.7371 0.4727 0.4830
vn -0.0128 0.1296 0.9915
vn -0.9587 -0.0452 -0.2810
vn -0.4392 0.8744 0.2062
vn -0.8059 0.1036 -0.5829
vn -0.0920 0.9934 -0.0683
vn -0.4100 0.1474 -0.9001
vn 0.7893 0.1163 -0.6029
vn 0.7108 0.3550 0.6073
vn 0.5751 -0.7511 -0.3242
vn 0.2989 0.3082 0.9031
vn 0.8182 -0.5740 0.0333
vn 0.6482 -0.7400 -0.1793
vn 0.6621 -0.7488 0.0309
vn 0.8764 -0.4577 0.1498
vn 0.4697 -0.8818 0.0432
vn 0.3507 -0.9219 0.1649
vn 0.6514 -0.7312 0.2027
vn 0.8941 -0.4340 0.1107
vn 0.3237 -0.9376 0.1270
vn -0.5754 0.6670 0.4734
vn -0.5134 0.6013 0.6123
vn 0.4228 0.7492 0.5098
vn -0.7789 -0.3117 0.5441
vn -0.6585 0.7484 0.0798
vn -0.9007 -0.3807 0.2093
vn -0.6334 0.7072 -0.3142
vn -0.8114 -0.5548 -0.1837
vn -0.5350 0.5862 -0.6084
vn 0.1429 -0.1933 -0.9707
vn -0.5588 -0.5820 -0.5909
vn 0.6271 0.4651 -0.6248
vn 0.6445 0.7306 -0.2254
vn 0.4954 0.8520 0.1693
vn 0.2529 -0.9603 -0.1178
vn 0.6316 -0.7243 -0.2767
vn 0.9175 -0.3735 -0.1369
vn -0.7751 0.4980 0.3888
vn -0.6265 0.6196 0.4728
vn -0.6881 0.6935 0.2135
vn -0.8574 0.4754 0.1973
vn -0.8250 0.5650 0.0105
vn -0.6971 0.7143 -0.0621
vn -0.5484 0.8359 0.0220
vn -0.4662 0.8585 0.2135
vn -0.4985 0.7690 0.4002
vn 0.2089 0.9225 0.3246
vn 0.4044 0.8752 0.2654
vn 0.2502 0.9666 0.0548
vn -0.1423 0.9713 0.1907
vn -0.3175 0.9231 -0.2172
vn -0.6341 0.6640 -0.3963
vn -0.9066 0.3460 -0.2416
vn -0.4837 0.4624 0.7431
vn -0.2111 0.7805 0.5884
vn -0.9755 0.1552 0.1562
vn -0.8003 0.2034 0.5641
vn 0.2338 -0.8839 -0.4050
vn 0.4050 -0.8839 -0.2338
vn 0.4750 -0.3120 -0.8228
vn 0.8228 -0.3120 -0.4750
vn 0.6627 -0.6438 -0.3826
vn 0.3826 -0.6438 -0.6627
vn 0.0000 -0.8839 -0.4676
vn -0.0000 -0.6438 -0.7652
vn -0.0000 -0.3120 -0.9501
vn -0.0000 -0.1305 -0.9914
vn 0.4957 -0.1305 -0.8586
vn 0.9501 -0.3120 -0.0000
vn 0.7652 -0.6438 -0.0000
vn 0.8586 -0.1305 -0.4957
vn 0.4676 -0.8839 -0.0000
vn 0.8228 -0.3120 0.4750
vn 0.6627 -0.6438 0.3826
vn 0.4050 -0.8839 0.2338
vn 0.9914 -0.1305 0.0000
vn 0.8586 -0.1305 0.4957
vn 0.2338 -0.8839 0.4050
vn 0.4750 -0.3120 0.8228
vn 0.3826 -0.6438 0.6627
vn 0.0000 -0.3120 0.9501
vn -0.0000 -0.6438 0.7652
vn 0.4957 -0.1305 0.8586
vn -0.0000 -0.8839 0.4676
vn -0.2338 -0.8839 0.4050
vn -0.4750 -0.3120 0.8228
vn -0.3826 -0.6438 0.6627
vn 0.0000 -0.1305 0.9914
vn -0.4957 -0.1305 0.8586
vn -0.4050 -0.8839 0.2338
vn -0.8228 -0.3120 0.4750
vn -0.6627 -0.6438 0.3826
vn -0.4676 -0.8839 -0.0000
vn -0.9501 -0.3120 -0.0000
vn -0.7652 -0.6438 -0.0000
vn -0.8586 -0.1305 0.4957
vn -0.4050 -0.8839 -0.2338
vn -0.8228 -0.3120 -0.4750
vn -0.6627 -0.6438 -0.3826
vn -0.9914 -0.1305 -0.0000
vn -0.8586 -0.1305 -0.4957
vn -0.2338 -0.8839 -0.4050
vn -0.4750 -0.3120 -0.8228
vn -0.3826 -0.6438 -0.6627
vn -0.4957 -0.1305 -0.8586
vn -0.8653 0.0413 -0.4996
vn -0.9991 0.0413 -0.0000
vn -0.7922 0.6102 -0.0000
vn -0.6861 0.6102 -0.3961
vn 0.4996 0.0413 0.8653
vn 0.8653 0.0413 0.4996
vn 0.6861 0.6102 0.3961
vn 0.3961 0.6102 0.6861
vn -0.4996 0.0413 0.8653
vn 0.0000 0.0413 0.9991
vn 0.0000 0.6102 0.7922
vn -0.3961 0.6102 0.6861
vn 0.8653 0.0413 -0.4996
vn 0.4996 0.0413 -0.8653
vn 0.3961 0.6102 -0.6861
vn 0.6861 0.6102 -0.3961
vn -0.4996 0.0413 -0.8653
vn -0.3961 0.6102 -0.6861
vn -0.8653 0.0413 0.4996
vn -0.6861 0.6102 0.3961
vn 0.9991 0.0413 0.0000
vn 0.7922 0.6102 0.0000
vn -0.0000 0.0413 -0.9991
vn -0.0000 0.6102 -0.7922
vn -0.2552 0.5596 -0.7885
vn -0.0749 0.7180 -0.6920
vn 0.6176 -0.4564 -0.6406
vn 0.1901 -0.6265 -0.7559
vn -0.3235 0.9445 -0.0567
vn -0.5877 0.8082 -0.0387
vn 0.2105 0.9746 -0.0771
vn 0.9843 0.1762 -0.0041
vn 0.6320 -0.7742 0.0338
vn 0.3050 -0.9505 0.0589
vn 0.5949 -0.3513 0.7230
vn 0.1904 -0.5235 0.8305
vn -0.5796 -0.6416 -0.5024
vn -0.7523 -0.6387 0.1616
vn -0.7731 0.6307 0.0670
vn -0.5573 0.6840 0.4706
vn -0.2834 0.6778 0.6784
vn -0.4575 -0.5487 0.6998
vn -0.6452 0.5813 -0.4958
vn -0.1151 0.7863 0.6070
vn 0.7058 0.5597 -0.4343
vn 0.6547 0.7180 -0.2364
vn 0.7684 -0.4564 0.4487
vn 0.7794 -0.6265 0.0060
vn -0.0214 0.9445 -0.3277
vn -0.1013 0.8082 -0.5802
vn 0.1247 0.9746 0.1863
vn 0.2366 0.1762 0.9555
vn 0.1165 -0.7742 0.6221
vn 0.0149 -0.9505 0.3103
vn -0.5619 -0.3513 0.7489
vn -0.7619 -0.5235 0.3813
vn 0.3512 -0.6416 -0.6819
vn -0.3348 -0.6387 -0.6928
vn -0.2479 0.6307 -0.7354
vn -0.5890 0.6840 -0.4303
vn -0.7262 0.6778 -0.1150
vn -0.7881 -0.5487 -0.2791
vn 0.3293 0.5813 -0.7441
vn -0.6170 0.7863 0.0316
vn -0.5594 -0.8243 0.0869
vn -0.7222 -0.6916 0.0008
vn 0.2079 0.0062 0.9781
vn 0.1933 -0.1250 0.9731
vn -0.3183 0.1492 -0.9362
vn -0.0908 0.1448 -0.9853
vn 0.4849 0.8702 0.0873
vn 0.6665 0.7375 -0.1086
vn 0.8577 0.5140 0.0086
vn 0.0556 -0.0155 0.9983
vn -0.8162 -0.5570 0.1533
vn -0.0925 -0.0698 -0.9933
vn 0.2904 0.0739 -0.9540
vn 0.5487 0.0040 -0.8360
vn -0.8064 -0.2951 -0.5125
vn -0.8161 -0.5217 -0.2488
vn 0.6723 0.5836 0.4555
vn 0.8619 0.3080 0.4028
vn -0.5839 -0.1729 0.7932
vn -0.3494 0.1091 0.9306
vn -0.5536 0.1360 0.8216
vn -0.8609 -0.0885 -0.5010
vn 0.4270 -0.2051 -0.8807
vn 0.8859 0.0223 0.4634
vn 0.8456 -0.5237 -0.1032
vn 0.9370 -0.3479 -0.0298
vn -0.2251 -0.1194 -0.9670
vn -0.1602 -0.2208 -0.9621
vn 0.2626 0.2932 0.9193
vn 0.0666 0.2067 0.9761
vn -0.8031 0.5911 -0.0746
vn -0.9036 0.4099 0.1243
vn -0.9902 0.1360 0.0329
vn -0.0986 -0.0885 -0.9912
vn 0.9639 -0.2051 -0.1701
vn 0.1437 0.0223 0.9894
vn 0.7144 0.5596 0.4200
vn 0.5156 0.7180 0.4676
vn -0.0363 -0.4564 0.8890
vn 0.3599 -0.6265 0.6914
vn 0.2795 0.9445 -0.1724
vn 0.4651 0.8082 -0.3614
vn -0.1061 0.9746 0.1974
vn -0.7332 0.1762 0.6567
vn -0.4950 -0.7742 0.3944
vn -0.2671 -0.9505 0.1586
vn -0.9249 -0.3513 -0.1455
vn -0.6939 -0.5235 -0.4944
vn 0.7670 -0.6416 -0.0093
vn 0.4552 -0.6387 -0.6204
vn 0.5335 0.6307 -0.5635
vn 0.1042 0.6840 -0.7220
vn -0.2387 0.6778 -0.6954
vn -0.1227 -0.5487 -0.8270
vn 0.8116 0.5813 -0.0578
vn -0.3171 0.7863 -0.5303
vn -0.3851 0.5596 0.7338
vn -0.4422 0.7180 0.5376
vn -0.8898 -0.4564 0.0066
vn -0.6732 -0.6265 0.3928
vn 0.1857 0.9445 0.2709
vn 0.3834 0.8082 0.4471
vn -0.2023 0.9746 -0.0965
vn -0.6913 0.1762 -0.7007
vn -0.4179 -0.7742 -0.4754
vn -0.1713 -0.9505 -0.2592
vn 0.1007 -0.3513 -0.9308
vn 0.4604 -0.5235 -0.7169
vn 0.0463 -0.6416 0.7657
vn 0.6416 -0.6387 0.4247
vn 0.5886 0.6307 0.5057
vn 0.7262 0.6840 0.0692
vn 0.6831 0.6778 -0.2720
vn 0.8201 -0.5487 -0.1625
vn 0.0969 0.5813 0.8079
vn 0.5144 0.7863 -0.3423
vn -0.8134 0.5597 -0.1587
vn -0.6417 0.7180 -0.2697
vn -0.2613 -0.4564 -0.8506
vn -0.5693 -0.6265 -0.5324
vn -0.2063 0.9445 0.2555
vn -0.3185 0.8082 0.4954
vn 0.0345 0.9746 -0.2215
vn 0.4733 0.1762 -0.8631
vn 0.3358 -0.7742 -0.5366
vn 0.1992 -0.9505 -0.2384
vn 0.9207 -0.3513 -0.1702
vn 0.8188 -0.5235 0.2357
vn -0.7203 -0.6416 0.2637
vn -0.2230 -0.6387 0.7364
vn -0.3159 0.6307 0.7088
vn 0.1418 0.6840 0.7156
vn 0.4563 0.6778 0.5765
vn 0.3906 -0.5487 0.7392
vn -0.7463 0.5813 0.3243
vn 0.4753 0.7863 0.3947
vn -0.2035 0.9741 0.0988
vn 0.1066 0.9799 0.1687
vn -0.0633 0.9540 0.2929
vn -0.3680 0.9272 0.0694
vn 0.0818 0.8792 0.4693
vn 0.0510 0.7880 0.6136
vn -0.2340 0.8833 0.4063
vn -0.3423 0.9396 -0.0033
vn 0.1288 0.7830 0.6085
vn -0.3407 -0.9399 0.0217
vn -0.4593 -0.8789 0.1286
vn -0.8860 -0.2110 -0.4130
vn 0.0807 -0.5324 0.8426
vn -0.0239 -0.9728 -0.2306
vn 0.4202 -0.5207 0.7432
vn 0.3294 -0.8223 -0.4641
vn 0.7986 -0.2769 0.5343
vn 0.7502 0.4800 -0.4548
vn -0.3343 0.0997 -0.9372
vn 0.1922 0.9761 0.1019
vn -0.6941 -0.1504 -0.7040
vn -0.0510 0.9511 -0.3046
vn 0.0782 0.9969 -0.0132
vn -0.1166 0.9893 -0.0882
vn -0.1041 0.8834 -0.4568
vn -0.2147 0.9695 0.1184
vn -0.3582 0.9120 0.1999
vn -0.3102 0.9370 -0.1608
vn -0.0119 0.8890 -0.4578
vn -0.2905 0.9203 0.2620
vn -0.3681 -0.9241 -0.1022
vn -0.4992 -0.8523 -0.1560
vn -0.1926 -0.3720 -0.9080
vn -0.7637 -0.3077 0.5675
vn 0.0148 -0.9987 0.0492
vn -0.4852 -0.2907 0.8246
vn 0.4339 -0.8771 0.2060
vn -0.0489 -0.0729 0.9961
vn 0.8645 0.3897 0.3175
vn 0.6311 -0.1494 -0.7612
vn 0.1932 0.9806 0.0321
vn 0.1865 -0.3663 -0.9116
vn 0.3883 0.8424 -0.3735
vn 0.2203 0.9668 -0.1297
vn 0.1778 0.9268 -0.3309
vn 0.4726 0.7365 -0.4839
vn -0.0498 0.9518 -0.3025
vn -0.2019 0.9049 -0.3746
vn 0.1262 0.8440 -0.5213
vn 0.5242 0.7457 -0.4114
vn -0.2193 0.9313 -0.2909
vn -0.2660 -0.9462 -0.1842
vn -0.2791 -0.8989 -0.3379
vn 0.5926 -0.5943 -0.5437
vn -0.9306 -0.2140 -0.2971
vn -0.2012 -0.9529 0.2268
vn -0.9914 -0.1166 0.0597
vn -0.0891 -0.7682 0.6340
vn -0.8673 0.1664 0.4692
vn 0.2618 0.5212 0.8123
vn 0.9421 -0.2853 0.1760
vn 0.2407 0.9706 -0.0100
vn 0.7943 -0.5624 -0.2297
vn 0.6584 0.7524 -0.0197
vn 0.3875 0.9197 -0.0630
vn 0.5252 0.8290 -0.1922
vn 0.7769 0.6294 0.0161
vn 0.3848 0.8433 -0.3751
vn 0.3561 0.7693 -0.5304
vn 0.6420 0.6988 -0.3154
vn 0.7456 0.6597 0.0942
vn 0.2818 0.8139 -0.5081
vn -0.1475 -0.9795 -0.1369
vn -0.0185 -0.9721 -0.2339
vn 0.6664 -0.6633 0.3405
vn -0.2838 -0.3476 -0.8937
vn -0.4556 -0.8813 0.1252
vn -0.5959 -0.1711 -0.7846
vn -0.7030 -0.5954 0.3889
vn -0.8223 0.2113 -0.5284
vn -0.4476 0.7209 0.5291
vn 0.3064 -0.1639 0.9377
vn 0.2996 0.9540 0.0135
vn 0.5181 -0.5414 0.6622
vn 0.4895 0.7734 0.4028
vn 0.4126 0.9029 0.1205
vn 0.5783 0.7936 0.1892
vn 0.5049 0.6707 0.5433
vn 0.6556 0.7547 -0.0263
vn 0.7583 0.6422 -0.1116
vn 0.7210 0.6459 0.2509
vn 0.4299 0.7135 0.5532
vn 0.7107 0.6819 -0.1726
vn -0.1318 -0.9913 -0.0078
vn 0.0190 -0.9985 0.0504
vn -0.0449 -0.5074 0.8606
vn 0.5303 -0.5718 -0.6260
vn -0.4942 -0.8556 -0.1540
vn 0.3057 -0.4002 -0.8639
vn -0.7952 -0.5355 -0.2844
vn 0.0399 0.0126 -0.9991
vn -0.5526 0.7956 -0.2484
vn -0.6415 0.0892 0.7619
vn 0.3108 0.9472 0.0791
vn -0.3661 -0.3247 0.8721
vn 0.0534 0.8844 0.4636
vn 0.2713 0.9331 0.2362
vn 0.2837 0.8560 0.4321
vn -0.0692 0.8190 0.5697
vn 0.4990 0.7731 0.3914
vn 0.6032 0.6511 0.4607
vn 0.2846 0.7642 0.5788
vn -0.1009 0.8374 0.5371
vn 0.6285 0.6553 0.4189
vn -0.2311 -0.9704 0.0709
vn -0.2007 -0.9515 0.2334
vn -0.8279 -0.2806 0.4857
vn 0.7087 -0.6646 0.2368
vn -0.2787 -0.9014 -0.3312
vn 0.8122 -0.5749 -0.0997
vn -0.2804 -0.6901 -0.6672
vn 0.8889 -0.2495 -0.3843
vn -0.2476 -0.4276 -0.8694
vn 0.0305 0.6272 -0.7782
vn 0.7538 0.1308 -0.6440
vn -0.7628 0.5094 -0.3982
vn -0.9730 0.2154 -0.0826
vn -0.9733 -0.1291 0.1896
vn 0.6709 0.7206 0.1752
vn 0.2610 0.9552 0.1392
vn -0.1790 0.9328 0.3129
vn 0.0320 0.9739 0.2246
vn -0.0226 0.9995 0.0238
vn 0.0769 0.9841 -0.1600
vn 0.2723 0.9369 -0.2193
vn 0.4492 0.8854 -0.1193
vn 0.5039 0.8599 0.0815
vn 0.7640 0.6365 0.1059
vn 0.6475 0.6908 -0.3217
vn 0.2707 0.8004 -0.5348
vn -0.1456 0.9010 -0.4086
vn 0.1357 0.7698 0.6237
vn 0.5520 0.6691 0.4975
vn -0.3576 0.9337 -0.0169
vn -0.2411 0.8793 0.4107
vn 0.2813 -0.9440 -0.1726
vn -0.0234 -0.9950 -0.0972
vn 0.1504 -0.9883 0.0240
vn 0.4399 -0.8770 -0.1934
vn 0.0097 -0.9758 0.2185
vn 0.0410 -0.9237 0.3809
vn 0.3211 -0.9356 0.1469
vn 0.4114 -0.8718 -0.2659
vn -0.0371 -0.9243 0.3798
vn 0.2695 0.9265 0.2626
vn 0.3977 0.8500 0.3454
vn 0.8444 0.3890 -0.3684
vn -0.0759 0.2812 0.9567
vn -0.0617 0.9974 0.0383
vn -0.4182 0.2668 0.8683
vn -0.4145 0.8841 -0.2159
vn -0.7878 0.0551 0.6135
vn -0.7350 -0.4056 -0.5434
vn 0.2908 0.1814 -0.9394
vn -0.1125 -0.9810 -0.1579
vn 0.6425 0.3911 -0.6590
vn 0.1063 -0.8283 -0.5501
vn -0.0035 -0.9606 -0.2778
vn 0.1860 -0.9166 -0.3540
vn 0.1459 -0.7184 -0.6802
vn 0.2930 -0.9438 -0.1529
vn 0.4359 -0.8978 -0.0634
vn 0.3710 -0.8303 -0.4159
vn 0.0546 -0.7315 -0.6797
vn 0.3724 -0.9281 -0.0037
vn 0.2913 0.9466 0.1382
vn 0.4240 0.9035 0.0630
vn 0.1155 0.6144 -0.7805
vn 0.7672 0.2114 0.6056
vn -0.0873 0.9448 0.3158
vn 0.5050 0.1029 0.8570
vn -0.4872 0.7501 0.4472
vn 0.0960 -0.1896 0.9772
vn -0.8146 -0.5333 0.2279
vn -0.6800 0.2904 -0.6733
vn -0.1168 -0.9670 -0.2263
vn -0.2617 0.5771 -0.7737
vn -0.3430 -0.7438 -0.5737
vn -0.1535 -0.9132 -0.3775
vn -0.1248 -0.8178 -0.5618
vn -0.4408 -0.6201 -0.6490
vn 0.1052 -0.8297 -0.5482
vn 0.2493 -0.7523 -0.6098
vn -0.0898 -0.6834 -0.7245
vn -0.4876 -0.6526 -0.5800
vn 0.2731 -0.7983 -0.5368
vn 0.1839 0.9805 0.0688
vn 0.1922 0.9771 -0.0910
vn -0.6638 0.6634 -0.3454
vn 0.8950 0.3647 -0.2570
vn 0.1406 0.8725 0.4679
vn 0.9816 0.1821 0.0580
vn 0.0644 0.5775 0.8138
vn 0.9010 -0.2089 0.3802
vn -0.1783 -0.7384 0.6503
vn -0.9503 0.1457 0.2751
vn -0.1671 -0.9503 -0.2627
vn -0.8455 0.5321 -0.0456
vn -0.5998 -0.7745 -0.2007
vn -0.3199 -0.9002 -0.2956
vn -0.4708 -0.7908 -0.3913
vn -0.7253 -0.6761 -0.1294
vn -0.3397 -0.7441 -0.5753
vn -0.3248 -0.6292 -0.7061
vn -0.6033 -0.6433 -0.4714
vn -0.6878 -0.7232 -0.0632
vn -0.2463 -0.6715 -0.6989
vn 0.0661 0.9898 0.1265
vn -0.0666 0.9972 0.0353
vn -0.6954 0.4890 0.5266
vn 0.2093 0.5953 -0.7758
vn 0.3940 0.8527 0.3430
vn 0.5389 0.4239 -0.7280
vn 0.6758 0.5297 0.5125
vn 0.8067 0.0083 -0.5909
vn 0.5281 -0.7936 0.3022
vn -0.2678 -0.1176 0.9563
vn -0.2258 -0.9457 -0.2338
vn -0.5215 0.2996 0.7989
vn -0.4079 -0.8919 0.1954
vn -0.3365 -0.9348 -0.1136
vn -0.5060 -0.8624 -0.0129
vn -0.4235 -0.8319 0.3587
vn -0.5973 -0.7747 -0.2075
vn -0.7127 -0.6530 -0.2564
vn -0.6560 -0.7493 0.0905
vn -0.3450 -0.8691 0.3545
vn -0.6655 -0.6708 -0.3272
vn 0.0557 0.9654 0.2548
vn -0.0928 0.9434 0.3183
vn 0.0518 0.2629 0.9634
vn -0.6046 0.6689 -0.4325
vn 0.4195 0.9053 0.0660
vn -0.3803 0.5867 -0.7150
vn 0.7364 0.6586 -0.1547
vn -0.0917 0.2491 -0.9641
vn 0.5970 -0.6503 -0.4698
vn 0.6859 -0.2318 0.6898
vn -0.2340 -0.9575 -0.1684
vn 0.3863 0.1125 0.9155
vn 0.0381 -0.9768 0.2107
vn -0.1873 -0.9822 -0.0146
vn -0.1952 -0.9612 0.1951
vn 0.1607 -0.9314 0.3266
vn -0.4179 -0.8895 0.1848
vn -0.5272 -0.7996 0.2875
vn -0.1951 -0.9119 0.3610
vn 0.1920 -0.9378 0.2893
vn -0.5543 -0.7948 0.2470
vn 0.1606 0.9333 0.3211
vn 0.1398 0.8701 0.4726
vn 0.8290 0.2129 0.5172
vn -0.7435 0.5139 0.4279
vn 0.1921 0.9776 -0.0856
vn -0.8573 0.5081 0.0834
vn 0.1919 0.8638 -0.4658
vn -0.9242 0.2643 -0.2755
vn 0.1683 0.6624 -0.7300
vn -0.0244 -0.3989 -0.9167
vn -0.7749 -0.0204 -0.6318
vn 0.7768 -0.3176 -0.5438
vn 0.9807 -0.1006 -0.1674
vn 0.9695 0.1582 0.1871
vn -0.6044 -0.7966 -0.0040
vn -0.1806 -0.9769 -0.1142
vn 0.2650 -0.9632 0.0454
vn -0.0910 0.9719 0.2170
vn 0.0920 0.9444 0.3156
vn 0.1247 0.9912 0.0450
vn -0.1504 0.9885 0.0166
vn -0.0514 0.9844 -0.1681
vn 0.1479 0.9621 -0.2291
vn 0.3308 0.9346 -0.1305
vn 0.3903 0.9180 0.0699
vn 0.2913 0.9221 0.2546
vn 0.6771 0.7300 0.0932
vn 0.5505 0.7653 -0.3335
vn 0.1608 0.8238 -0.5435
vn -0.2637 0.8714 -0.4137
vn 0.0417 0.7862 0.6166
vn 0.4663 0.7387 0.4867
vn -0.4745 0.8800 -0.0202
vn -0.3480 0.8448 0.4066
vn 0.9868 -0.1580 0.0351
vn -0.1117 -0.1244 0.9859
vn -0.0777 -0.1301 0.9885
vn 0.9791 -0.1682 0.1143
vn -0.9791 0.1682 -0.1143
vn -0.9868 0.1580 -0.0351
vn 0.0777 0.1301 -0.9885
vn 0.1117 0.1244 -0.9859
vn 0.9883 0.0845 0.1272
vn -0.0833 -0.1483 0.9854
vn -0.1409 -0.1532 0.9781
vn 0.9886 0.0848 0.1247
vn -0.9886 -0.0848 -0.1247
vn -0.9883 -0.0844 -0.1272
vn 0.1409 0.1532 -0.9781
vn 0.0833 0.1483 -0.9854
vn 0.9552 0.2952 0.0211
vn 0.6527 0.3498 0.6721
vn -0.1623 -0.8549 -0.4928
vn -0.0225 -0.8539 -0.5199
vn -0.0537 -0.8556 -0.5148
vn 0.1747 0.8427 0.5092
vn 0.0444 0.8444 0.5339
vn 0.0068 0.8421 0.5392
vn 0.9475 0.3171 0.0421
vn 0.0526 -0.6628 0.7470
vn 0.8014 0.5434 0.2499
vn 0.8509 -0.3768 0.3660
vn 0.6446 0.3781 0.6645
vn -0.1803 0.8273 0.5321
vn -0.1294 0.8322 0.5392
vn 0.0400 -0.0638 0.9972
vn -0.8387 0.4600 0.2914
vn -0.5410 0.3903 0.7450
vn 0.1065 -0.8469 -0.5210
vn 0.3015 -0.8188 -0.4885
vn 0.1618 -0.8424 -0.5140
vn -0.3129 0.8037 0.5061
vn -0.9618 -0.2647 -0.0699
vn -0.6381 0.6555 0.4038
vn -0.7499 -0.4824 0.4527
vn -0.5197 0.4399 0.7324
vn 0.0011 0.4848 0.8747
vn -0.0259 0.9904 0.1358
vn 0.6964 -0.0806 0.7131
vn 0.9996 0.0223 0.0174
vn 0.5823 -0.6378 0.5041
vn -0.5719 -0.6631 0.4828
vn -0.4293 0.8955 0.1169
vn -0.2766 0.9526 0.1270
vn -0.2767 0.9525 0.1270
vn -0.7172 -0.1120 0.6878
vn -0.4976 -0.8583 -0.1252
vn -0.1804 -0.7735 0.6075
vn 0.5212 0.8444 0.1236
vn 0.4320 0.6400 0.6355
vn -0.2996 0.3814 0.8745
vn -0.9181 -0.3907 -0.0669
vn 0.0628 0.9886 0.1368
vn 0.2279 0.9642 0.1358
vn 0.2291 0.9639 0.1358
vn -0.7165 0.6924 0.0849
vn -0.6282 0.7719 0.0971
vn -0.0102 -0.1361 0.9906
vn 0.2124 -0.1276 0.9688
vn 0.2107 -0.1272 0.9692
vn -0.7918 0.6065 0.0720
vn -0.7610 -0.6412 -0.0991
vn -0.6815 -0.7236 -0.1093
vn 0.7208 0.6852 0.1046
vn 0.7209 0.6851 0.1046
vn 0.6249 0.7722 0.1151
vn -0.9592 -0.2779 -0.0520
vn -0.9996 -0.0223 -0.0175
vn -0.5395 0.8352 0.1070
vn 0.8050 0.5465 0.2308
vn 0.2096 0.2532 0.9444
vn 0.8026 0.5893 0.0926
vn 0.5624 -0.8202 -0.1047
vn -0.2750 -0.6166 0.7377
vn 0.4667 -0.7656 0.4427
vn 0.9592 0.2779 0.0520
vn 0.9996 0.0223 0.0175
vn 0.0231 -0.9905 -0.1358
vn 0.1625 0.0754 0.9838
vn 0.0597 0.3395 -0.9387
vn -0.5249 0.0858 0.8469
vn -0.8611 0.1279 0.4921
vn -0.9767 0.1825 -0.1133
vn -0.1143 0.9844 0.1337
vn -0.6561 0.4578 0.5999
vn 0.8595 -0.5078 -0.0574
vn 0.9345 -0.3542 -0.0352
vn 0.6194 -0.2468 0.7453
vn 0.8622 -0.5038 0.0534
vn -0.9677 0.0106 -0.2521
vn 0.5132 0.1290 -0.8485
vn -0.2378 -0.1382 0.9614
vn 0.0259 -0.1351 0.9905
vn -0.1771 -0.1380 0.9745
vn 0.2985 -0.1224 0.9465
vn -0.3310 -0.1362 0.9337
vn 0.1542 -0.1305 0.9794
vn 0.2107 -0.1277 0.9692
vn -0.0120 -0.1361 0.9906
vn -0.0548 -0.1370 0.9891
vn -0.0142 -0.1362 0.9906
vn 0.3025 -0.1221 0.9453
vn -0.2362 -0.1116 0.9653
vn 0.0297 -0.1007 0.9945
vn 0.8033 -0.0190 0.5952
vn -0.0143 -0.1362 0.9906
vn -0.3246 -0.1364 0.9360
vn 0.2290 0.9639 0.1358
vn 0.3867 0.9128 0.1311
vn 0.0104 -0.1356 0.9907
vn -0.9719 0.2348 0.0183
vn -0.5894 -0.7991 -0.1183
vn -0.9996 -0.0223 -0.0174
vn 0.4314 -0.8946 -0.1168
vn 0.2764 -0.9526 -0.1270
vn 0.9719 -0.2348 -0.0183
vn -0.3711 -0.9191 -0.1323
vn -0.3940 -0.9097 -0.1307
vn 0.0143 0.1362 -0.9906
vn -0.2122 -0.9679 -0.1346
vn -0.2281 -0.9639 -0.1377
vn -0.0660 -0.9884 -0.1365
vn 0.7206 -0.6882 -0.0842
vn 0.6624 -0.7434 -0.0927
vn 0.1116 -0.9847 -0.1338
vn -0.5605 -0.1261 0.8185
vn -0.2383 -0.1377 0.9614
vn -0.7731 -0.1049 0.6255
vn -0.3149 -0.3688 0.8745
vn -0.4956 -0.1300 0.8588
vn -0.2436 -0.1361 0.9603
vn -0.2428 -0.1363 0.9605
vn 0.9838 -0.0586 0.1696
vn -0.0791 0.2102 0.9745
vn -0.9906 -0.0423 0.1301
vn -0.2179 -0.1379 0.9662
vn -0.0211 0.9974 -0.0687
vn 0.6883 0.7195 -0.0923
vn 0.6909 0.7170 -0.0926
vn 0.9832 0.0485 -0.1761
vn 0.9181 -0.0315 0.3952
vn 0.7375 -0.0738 0.6713
vn 0.5379 -0.5909 0.6013
vn 0.6691 -0.6752 0.3104
vn 0.7218 -0.6339 -0.2779
vn 0.7243 -0.6312 -0.2775
vn 0.0086 -0.8248 0.5654
vn 0.0168 -0.9630 0.2689
vn -0.5316 -0.6148 0.5826
vn -0.6488 -0.7046 0.2874
vn 0.0269 -0.9420 -0.3346
vn -0.7564 -0.1072 0.6453
vn -0.9290 -0.0727 0.3629
vn -0.6826 -0.6652 -0.3024
vn -0.6853 -0.6627 -0.3021
vn -0.9776 0.0047 -0.2104
vn -0.5569 0.4088 0.7230
vn -0.6803 0.5690 0.4621
vn -0.0277 0.6417 0.7665
vn -0.0281 0.8548 0.5182
vn -0.7161 0.6881 -0.1169
vn -0.7186 0.6855 -0.1172
vn 0.5126 0.4327 0.7416
vn 0.6377 0.5984 0.4851
vn -0.0031 0.6995 -0.7146
vn 0.4324 0.5372 -0.7242
vn 0.6189 0.6777 -0.3971
vn -0.0140 0.9247 -0.3805
vn -0.6014 0.0939 -0.7934
vn -0.4304 0.5179 -0.7393
vn -0.6343 0.6497 -0.4189
vn -0.8663 0.0468 -0.4974
vn 0.6239 0.1213 -0.7721
vn 0.8801 0.0858 -0.4669
vn 0.4531 -0.3009 -0.8391
vn 0.6484 -0.5151 -0.5606
vn 0.0260 -0.4808 -0.8764
vn -0.4097 -0.3202 -0.8542
vn -0.6048 -0.5431 -0.5825
vn 0.0283 -0.7878 -0.6153
vn 0.7007 0.7053 0.1070
vn -0.0245 0.9904 0.1358
vn -0.7348 0.6733 0.0820
vn -0.7008 -0.7053 -0.1070
vn 0.0245 -0.9904 -0.1358
vn 0.7348 -0.6733 -0.0820
vn 0.9832 -0.1826 0.0065
vn 0.9291 -0.3692 -0.0200
vn 0.8444 -0.5340 -0.0438
vn 0.7238 -0.6868 -0.0666
vn 0.9138 0.3972 0.0852
vn 0.9752 0.2127 0.0607
vn -0.5320 -0.8462 0.0305
vn -0.5323 -0.8329 -0.1516
vn -0.4491 -0.8803 -0.1531
vn -0.4436 -0.8959 0.0245
vn 0.9081 -0.4145 0.0596
vn 0.9289 -0.3506 -0.1191
vn 0.9807 -0.1621 -0.1092
vn 0.9926 -0.1209 0.0146
vn 0.5754 -0.8133 -0.0861
vn 0.9992 0.0200 0.0345
vn -0.9808 0.1577 0.1150
vn -0.9770 0.1873 -0.1018
vn -0.9936 -0.0146 -0.1122
vn -0.9935 -0.0385 0.1068
vn 0.4049 -0.9087 -0.1017
vn 0.8356 -0.5427 0.0857
vn 0.8412 -0.5253 -0.1286
vn 0.3590 0.9214 0.1491
vn 0.3575 0.9322 -0.0557
vn 0.1709 0.9838 -0.0541
vn 0.1708 0.9735 0.1520
vn 0.2188 -0.9693 -0.1127
vn 0.0242 -0.9926 -0.1187
vn -0.6868 -0.7256 0.0430
vn -0.6861 -0.7127 -0.1463
vn 0.5334 0.8338 0.1422
vn 0.5307 0.8455 -0.0593
vn -0.1712 -0.9780 -0.1195
vn 0.7165 -0.6943 0.0674
vn 0.7209 -0.6793 -0.1371
vn -0.3601 -0.9258 -0.1150
vn -0.8123 -0.5802 0.0589
vn -0.8135 -0.5647 -0.1394
vn -0.5351 -0.8381 -0.1055
vn 0.6880 0.7135 0.1323
vn 0.6840 0.7267 -0.0647
vn -0.6896 -0.7184 -0.0913
vn 0.5684 -0.8212 0.0518
vn 0.5729 -0.8068 -0.1444
vn -0.8177 -0.5711 -0.0729
vn -0.9078 -0.4128 0.0748
vn -0.9095 -0.3945 -0.1312
vn -0.7299 0.6778 0.0884
vn -0.7157 0.6944 -0.0740
vn -0.8365 0.5417 -0.0826
vn -0.8514 0.5166 0.0908
vn -0.9142 -0.4019 -0.0510
vn 0.8155 0.5662 0.1197
vn 0.8114 0.5801 -0.0716
vn -0.9757 -0.2174 -0.0265
vn 0.4850 -0.8735 0.0425
vn 0.4930 -0.8575 -0.1469
vn 0.4727 0.6887 0.5498
vn 0.4731 0.6885 0.5497
vn 0.6138 0.5809 0.5346
vn 0.6137 0.5810 0.5346
vn -0.8173 0.2704 0.5089
vn -0.8171 0.2712 0.5088
vn -0.7566 0.4158 0.5046
vn -0.7561 0.4167 0.5047
vn -0.1580 -0.9349 0.3178
vn -0.3309 -0.8866 0.3232
vn -0.3317 -0.8863 0.3232
vn -0.1642 -0.9337 0.3181
vn -0.7443 -0.5698 0.3484
vn -0.8291 -0.4213 0.3674
vn -0.8290 -0.4218 0.3674
vn -0.7446 -0.5694 0.3484
vn -0.3645 0.7536 0.5471
vn -0.3653 0.7532 0.5470
vn -0.2025 0.8084 0.5527
vn -0.2024 0.8084 0.5527
vn 0.6251 -0.6398 0.4471
vn 0.6216 -0.6432 0.4471
vn 0.4654 -0.7825 0.4136
vn 0.4672 -0.7811 0.4143
vn 0.3146 0.7691 0.5563
vn 0.3144 0.7692 0.5563
vn 0.0145 -0.9487 0.3159
vn 0.0137 -0.9487 0.3159
vn 0.8200 -0.3815 0.4267
vn 0.8208 -0.3793 0.4270
vn 0.7510 -0.4996 0.4317
vn 0.7489 -0.5023 0.4323
vn 0.7938 -0.4427 0.4170
vn -0.8642 0.0814 0.4964
vn -0.8658 0.0743 0.4949
vn -0.5183 0.6645 0.5384
vn -0.5187 0.6642 0.5384
vn 0.8127 0.2982 0.5006
vn 0.8678 0.1323 0.4789
vn -0.6284 -0.7014 0.3365
vn -0.6289 -0.7009 0.3366
vn -0.8921 -0.1055 0.4392
vn -0.8921 -0.1050 0.4395
vn 0.1488 0.8152 0.5597
vn 0.1485 0.8153 0.5597
vn 0.1849 -0.9268 0.3270
vn 0.1875 -0.9261 0.3273
vn 0.7261 0.4517 0.5184
vn 0.7259 0.4520 0.5185
vn -0.6534 0.5487 0.5215
vn -0.6536 0.5486 0.5214
vn -0.4879 -0.8088 0.3283
vn 0.8886 -0.0393 0.4571
vn 0.8886 -0.0389 0.4571
vn 0.8689 -0.2228 0.4420
vn 0.8699 -0.2185 0.4423
vn -0.0297 0.8286 0.5590
vn -0.0300 0.8286 0.5590
vn -0.8814 -0.2580 0.3957
vn -0.8812 -0.2591 0.3955
vn 0.3319 -0.8727 0.3581
vn 0.3330 -0.8721 0.3585
vn 0.8440 -0.3137 0.4350
vn -0.0094 0.1356 -0.9907
vn -0.0089 0.1310 -0.9913
vn 0.0183 0.1593 -0.9871
vn 0.0137 0.1596 -0.9871
vn 0.0194 0.1132 -0.9934
vn 0.0238 0.1147 -0.9931
vn -0.0021 0.1192 -0.9929
vn 0.0016 0.1163 -0.9932
vn 0.0006 0.1554 -0.9879
vn -0.0029 0.1524 -0.9883
vn 0.0359 0.1456 -0.9887
vn 0.0336 0.1496 -0.9882
vn 0.0148 0.1127 -0.9935
vn -0.0091 0.1402 -0.9901
vn 0.0228 0.1580 -0.9872
vn 0.0314 0.1199 -0.9923
vn 0.0343 0.1235 -0.9917
vn -0.0051 0.1227 -0.9924
vn 0.0046 0.1576 -0.9875
vn 0.0374 0.1412 -0.9893
vn 0.0102 0.1130 -0.9935
vn 0.0269 0.1559 -0.9874
vn -0.0079 0.1446 -0.9895
vn 0.0279 0.1169 -0.9928
vn -0.0074 0.1267 -0.9919
vn 0.0379 0.1367 -0.9899
vn 0.0091 0.1591 -0.9872
vn -0.0058 0.1487 -0.9889
vn 0.0375 0.1319 -0.9906
vn 0.0057 0.1142 -0.9934
vn 0.0306 0.1531 -0.9877
vn -0.9997 -0.0247 -0.0004
vn -0.0220 0.9983 -0.0544
vn -0.0246 0.9882 0.1514
vn 0.0363 0.1275 -0.9912
vn 0.0363 0.1274 -0.9912
vn 0.8172 0.5664 0.1070
vn 0.1383 -0.2074 0.9684
vn 0.1326 -0.2055 0.9696
vn 0.1384 -0.2075 0.9684
vn 0.6892 0.7137 0.1254
vn 0.9945 0.0328 -0.0990
vn 0.9975 0.0205 0.0683
vn 0.5347 0.8334 0.1397
vn -0.2142 0.9751 -0.0566
vn -0.2184 0.9647 0.1474
vn 0.3596 0.9211 0.1492
vn 0.1707 0.9733 0.1537
vn -0.3985 0.9152 -0.0608
vn -0.3942 0.9095 0.1322
vn 0.9699 0.2264 -0.0892
vn 0.9736 0.2108 0.0875
vn -0.0247 0.9879 0.1529
vn -0.2192 0.9646 0.1469
vn 0.9080 0.4112 -0.0799
vn 0.9120 0.3967 0.1043
vn -0.4053 0.9040 0.1359
vn -0.5759 0.8086 0.1203
vn -0.5678 0.8205 -0.0666
vn -0.5648 0.8185 0.1049
vn -0.9703 -0.2087 -0.1220
vn -0.9691 -0.2293 0.0913
vn -0.7243 0.6821 0.1008
vn -0.8449 0.5293 0.0780
vn -0.9330 0.3560 0.0529
vn -0.9853 0.1690 0.0265
vn -0.5496 0.7893 0.2736
vn -0.7306 0.6359 0.2485
vn -0.7744 -0.2536 0.5796
vn -0.7270 -0.3977 0.5597
vn 0.8883 0.3598 0.2853
vn 0.7941 0.5247 0.3069
vn -0.7942 -0.1073 0.5981
vn -0.3795 0.8680 0.3204
vn 0.9483 0.1791 0.2619
vn 0.9722 -0.0028 0.2342
vn -0.2168 0.9130 0.3457
vn -0.0272 0.9359 0.3512
vn 0.9129 -0.3104 0.2652
vn 0.1638 0.9216 0.3520
vn 0.3128 -0.7222 0.6169
vn 0.4419 -0.7158 0.5407
vn 0.6695 0.6682 0.3245
vn -0.8452 0.4660 0.2617
vn -0.6543 -0.5291 0.5403
vn 0.5600 -0.6157 0.5544
vn 0.5185 0.7853 0.3384
vn -0.7897 0.0994 0.6054
vn -0.7880 0.0273 0.6151
vn -0.5221 -0.0625 0.8506
vn -0.4955 -0.0375 0.8678
vn -0.5566 -0.6455 0.5230
vn 0.6683 -0.4853 0.5638
vn -0.9312 0.3523 0.0937
vn -0.8788 0.3920 0.2723
vn 0.3478 0.8706 0.3480
vn -0.4317 -0.7454 0.5080
vn 0.6231 -0.4756 0.6209
vn 0.9648 -0.2607 -0.0343
vn -0.2931 -0.7455 0.5986
vn -0.1744 -0.1533 0.9727
vn -0.1274 -0.1753 0.9762
vn -0.1737 -0.1536 0.9728
vn -0.1006 -0.6432 0.7591
vn -0.0010 -0.6530 0.7574
vn -0.0009 -0.6530 0.7574
vn 0.0111 -0.2507 0.9680
vn 0.0305 -0.2548 0.9665
vn 0.0304 -0.2546 0.9666
vn 0.0121 -0.2506 0.9680
vn -0.0977 -0.2200 0.9706
vn -0.0897 -0.2463 0.9650
vn 0.3771 -0.4742 0.7956
vn 0.2909 -0.5354 0.7929
vn -0.4565 -0.4184 0.7852
vn -0.5031 -0.3287 0.7993
vn -0.0140 -0.2567 0.9664
vn -0.0142 -0.2568 0.9664
vn -0.2390 -0.1415 0.9607
vn -0.0917 -0.2589 0.9615
vn -0.2006 -0.6151 0.7625
vn 0.1105 -0.2400 0.9645
vn 0.1154 -0.2355 0.9650
vn -0.0919 -0.1841 0.9786
vn 0.2111 -0.5965 0.7743
vn -0.5340 -0.2305 0.8134
vn -0.0315 -0.2578 0.9657
vn -0.0330 -0.2573 0.9658
vn -0.2998 -0.5643 0.7692
vn -0.0267 -0.3349 0.9419
vn 0.3947 -0.3941 0.8300
vn 0.0570 -0.2631 0.9631
vn -0.1035 -0.1766 0.9788
vn -0.5465 -0.1331 0.8268
vn 0.1083 -0.6417 0.7593
vn 0.4876 -0.3874 0.7824
vn -0.0582 -0.2538 0.9655
vn -0.0588 -0.2538 0.9655
vn -0.3890 -0.4976 0.7753
vn -0.9223 0.3755 -0.0916
vn 0.5197 0.5191 0.6786
vn -0.6956 0.6006 0.3942
vn -0.9460 0.0904 0.3112
vn -0.9500 0.0668 0.3051
vn -0.8846 -0.4491 0.1258
vn -0.8957 0.3631 0.2567
vn -0.3547 -0.9161 0.1867
vn 0.8968 -0.3150 0.3108
vn 0.1696 -0.9698 0.1751
vn 0.7101 -0.6330 0.3083
vn 0.6912 0.1296 0.7109
vn 0.9246 -0.3543 0.1397
vn 0.7287 -0.2913 0.6198
vn 0.2794 0.8714 0.4031
vn 0.2778 0.8718 0.4035
vn 0.1487 0.9059 0.3965
vn 0.1661 0.9027 0.3969
vn 0.9642 -0.2543 0.0755
vn 0.5649 -0.4550 0.6884
vn 0.8141 0.0883 -0.5740
vn -0.2147 -0.8822 -0.4190
vn -0.2405 -0.8868 -0.3946
vn -0.2402 -0.8868 -0.3950
vn 0.2147 0.8822 0.4190
vn 0.6047 -0.7688 -0.2080
vn -0.2441 -0.8967 0.3693
vn -0.1409 -0.9178 0.3712
vn -0.1278 -0.9197 0.3711
vn 0.8700 0.3669 0.3293
vn 0.3055 -0.9194 0.2479
vn 0.5789 0.2223 0.7845
vn 0.4237 0.2739 0.8634
vn 0.3591 0.2917 0.8866
vn -0.1092 -0.9200 -0.3763
vn -0.1258 -0.9174 -0.3776
vn -0.0412 -0.3867 0.9213
vn -0.0504 -0.3955 0.9171
vn -0.0422 -0.3877 0.9208
vn 0.1697 0.5590 -0.8116
vn 0.2756 0.4852 -0.8298
vn 0.1493 0.5719 -0.8066
vn 0.0927 0.3653 0.9263
vn 0.0968 0.3639 0.9264
vn -0.9662 -0.2578 0.0058
vn -0.2066 0.5410 -0.8153
vn -0.0541 0.6026 -0.7962
vn -0.1062 0.5834 -0.8052
vn -0.6139 -0.4562 0.6441
vn -0.7702 0.0852 -0.6320
vn 0.2614 -0.8861 -0.3827
vn 0.2618 -0.8862 -0.3823
vn 0.2433 -0.8823 -0.4030
vn -0.2724 0.8790 0.3914
vn -0.2714 0.8791 0.3918
vn -0.2433 0.8823 0.4030
vn -0.5880 -0.7692 -0.2504
vn 0.2098 -0.9161 0.3416
vn 0.1151 -0.9278 0.3549
vn 0.0707 -0.9303 0.3600
vn -0.8926 0.3639 0.2662
vn -0.3247 -0.9187 0.2247
vn -0.6349 0.2199 0.7406
vn -0.3979 0.3209 0.8595
vn -0.4755 0.2921 0.8298
vn 0.1324 -0.9188 -0.3718
vn 0.1378 -0.9179 -0.3720
vn -0.1360 0.9098 0.3921
vn -0.1350 0.9099 0.3921
vn -0.0217 -0.3917 0.9198
vn -0.0265 -0.3863 0.9220
vn -0.0148 -0.3995 0.9166
vn -0.1356 0.3851 0.9129
vn -0.0977 0.3892 0.9160
vn -0.2940 -0.8406 -0.4549
vn -0.3000 -0.8393 -0.4535
vn -0.3002 -0.8392 -0.4534
vn 0.2715 0.8507 0.4501
vn 0.2848 0.8463 0.4502
vn 0.2845 0.8464 0.4502
vn -0.1584 -0.4386 0.8846
vn 0.9570 -0.2895 0.0201
vn 0.1665 0.4496 -0.8776
vn -0.9955 -0.0605 0.0725
vn -0.9459 -0.1388 0.2934
vn -0.9565 -0.1279 0.2622
vn 0.5516 -0.5434 0.6328
vn 0.6770 0.1692 -0.7163
vn 0.7712 0.0707 -0.6327
vn 0.7821 0.0576 -0.6204
vn -0.3134 -0.8361 -0.4502
vn 0.3134 0.8361 0.4502
vn 0.3191 -0.8763 -0.3608
vn -0.3158 -0.9059 0.2822
vn 0.0852 0.3063 0.9481
vn 0.9251 0.2649 0.2721
vn 0.2221 -0.9573 0.1853
vn 0.6391 0.1235 0.7592
vn 0.8250 0.0013 -0.5651
vn -0.7881 -0.2335 0.5695
vn -0.3203 -0.9332 -0.1628
vn -0.2514 -0.9566 -0.1472
vn -0.2566 -0.9550 -0.1484
vn 0.3203 0.9332 0.1628
vn 0.2566 0.9550 0.1484
vn 0.2514 0.9566 0.1472
vn -0.1587 -0.1075 0.9814
vn 0.9314 -0.3362 0.1395
vn 0.1587 0.1075 -0.9815
vn -0.9188 0.3416 -0.1981
vn -0.9333 0.2764 0.2292
vn -0.8875 0.2334 0.3974
vn 0.4515 -0.2902 0.8437
vn 0.7957 -0.1725 -0.5805
vn 0.7281 -0.1348 -0.6721
vn 0.7324 -0.1370 -0.6670
vn -0.1365 -0.9833 -0.1202
vn 0.1365 0.9833 0.1202
vn 0.5018 -0.8649 0.0137
vn -0.3030 -0.5872 0.7506
vn 0.1759 0.7072 0.6848
vn 0.9180 0.3376 0.2081
vn 0.2158 -0.8454 0.4886
vn 0.4781 0.4077 0.7780
vn 0.6936 -0.1168 -0.7108
vn -0.4799 0.0176 0.8771
vn -0.6097 -0.7656 -0.2053
vn -0.5088 -0.8429 -0.1752
vn -0.5113 -0.8412 -0.1759
vn 0.6097 0.7656 0.2053
vn 0.5113 0.8412 0.1759
vn 0.5088 0.8429 0.1752
vn -0.3087 -0.0216 0.9509
vn 0.7773 -0.5876 0.2247
vn 0.3087 0.0216 -0.9509
vn -0.7611 0.5884 -0.2729
vn -0.8325 0.5350 0.1443
vn -0.8325 0.5357 0.1415
vn 0.3812 -0.4581 0.8030
vn 0.7647 -0.4000 -0.5052
vn 0.7759 -0.4151 -0.4751
vn 0.7749 -0.4138 -0.4778
vn -0.2664 -0.9585 -0.1014
vn 0.2664 0.9585 0.1014
vn 0.2181 -0.9746 0.0501
vn -0.6433 -0.5467 0.5360
vn 0.2295 0.5419 0.8085
vn 0.9521 0.0671 0.2984
vn 0.0538 -0.9106 0.4097
vn 0.5614 0.2302 0.7948
vn 0.7805 -0.4216 -0.4616
vn -0.6634 0.2849 0.6919
vn -0.8602 -0.4656 -0.2082
vn -0.7922 -0.5754 -0.2031
vn -0.7948 -0.5717 -0.2034
vn 0.8602 0.4656 0.2082
vn 0.7948 0.5717 0.2034
vn 0.7922 0.5754 0.2031
vn -0.2022 -0.0807 0.9760
vn 0.5286 -0.8483 0.0327
vn 0.2022 0.0807 -0.9760
vn -0.5177 0.8516 -0.0826
vn -0.5646 0.7544 0.3349
vn -0.5646 0.7554 0.3326
vn 0.2615 -0.6898 0.6752
vn 0.5155 -0.5422 -0.6635
vn 0.5234 -0.5654 -0.6375
vn 0.5227 -0.5633 -0.6399
vn -0.6070 -0.7737 -0.1813
vn 0.6070 0.7737 0.1813
vn -0.1549 -0.9821 -0.1069
vn -0.7443 -0.3825 0.5474
vn 0.4895 0.2848 0.8242
vn 0.9379 -0.3062 0.1632
vn -0.2481 -0.9283 0.2771
vn 0.6803 -0.1096 0.7247
vn 0.5267 -0.5755 -0.6256
vn -0.4448 0.3677 0.8167
vn 0.3682 -0.8219 -0.4347
vn 0.3737 -0.8203 -0.4329
vn 0.3738 -0.8203 -0.4328
vn -0.3479 0.8327 0.4307
vn -0.3604 0.8277 0.4302
vn -0.3600 0.8278 0.4303
vn 0.1086 -0.4278 0.8973
vn -0.9113 -0.4080 -0.0551
vn -0.1172 0.4382 -0.8912
vn 0.9861 0.0255 0.1639
vn 0.9282 -0.0533 0.3683
vn 0.9163 -0.0641 0.3953
vn -0.5066 -0.6085 0.6108
vn -0.5846 0.1200 -0.8024
vn -0.6904 -0.0044 -0.7234
vn -0.6832 0.0050 -0.7302
vn 0.3853 -0.8170 -0.4290
vn -0.3853 0.8170 0.4290
vn -0.1838 -0.9052 -0.3833
vn 0.3362 -0.8888 0.3116
vn -0.1731 0.2953 0.9396
vn -0.9527 0.2058 0.2238
vn -0.1322 -0.9762 0.1720
vn -0.6640 0.0704 0.7444
vn -0.7375 -0.0707 -0.6716
vn 0.7192 -0.1806 0.6710
vn 0.4124 -0.9011 -0.1341
vn 0.3500 -0.9284 -0.1247
vn 0.3446 -0.9306 -0.1239
vn -0.4124 0.9011 0.1341
vn -0.3446 0.9306 0.1239
vn -0.3500 0.9284 0.1247
vn 0.0877 -0.0966 0.9915
vn -0.9062 -0.4175 0.0673
vn -0.4907 -0.3317 0.8057
vn -0.7290 -0.2404 -0.6410
vn -0.6621 -0.1991 -0.7225
vn -0.6577 -0.1964 -0.7272
vn 0.2307 -0.9673 -0.1058
vn -0.2307 0.9673 0.1058
vn -0.4240 -0.9054 -0.0227
vn 0.2915 -0.5613 0.7746
vn -0.2913 0.6863 0.6664
vn -0.9577 0.2544 0.1344
vn -0.1802 -0.8625 0.4728
vn -0.5726 0.3608 0.7362
vn -0.6219 -0.1754 -0.7632
vn 0.4046 0.0569 0.9127
vn 0.6888 -0.7083 -0.1544
vn 0.5955 -0.7923 -0.1326
vn 0.5928 -0.7944 -0.1320
vn -0.6888 0.7083 0.1544
vn -0.5928 0.7944 0.1320
vn -0.5955 0.7923 0.1326
vn 0.2318 0.0023 0.9728
vn -0.7381 -0.6542 0.1650
vn -0.2318 -0.0023 -0.9728
vn -0.4032 -0.4924 0.7713
vn -0.6841 -0.4645 -0.5624
vn -0.6952 -0.4792 -0.5357
vn -0.6963 -0.4806 -0.5331
vn 0.3561 -0.9313 -0.0770
vn -0.3561 0.9313 0.0769
vn -0.1360 -0.9901 0.0362
vn 0.6439 -0.4903 0.5874
vn -0.3401 0.5164 0.7859
vn -0.9747 -0.0185 0.2226
vn -0.0074 -0.9133 0.4073
vn -0.6411 0.1767 0.7469
vn -0.7014 -0.4875 -0.5200
vn 0.5786 0.3403 0.7412
vn 0.9116 -0.3870 -0.1387
vn 0.8557 -0.4985 -0.1386
vn 0.8533 -0.5027 -0.1386
vn -0.9116 0.3870 0.1387
vn -0.8533 0.5027 0.1386
vn -0.8557 0.4985 0.1386
vn 0.1290 -0.0660 0.9894
vn -0.4535 -0.8912 -0.0059
vn -0.1290 0.0660 -0.9894
vn 0.4465 0.8937 -0.0447
vn 0.4681 0.8013 0.3725
vn 0.4679 0.7996 0.3764
vn -0.2541 -0.7121 0.6544
vn -0.4114 -0.5836 -0.7001
vn -0.4186 -0.6053 -0.6770
vn -0.4193 -0.6074 -0.6747
vn 0.6849 -0.7168 -0.1307
vn -0.6849 0.7168 0.1307
vn 0.2478 -0.9645 -0.0911
vn 0.7292 -0.3176 0.6061
vn -0.5769 0.2372 0.7816
vn -0.9171 -0.3882 0.0902
vn 0.3047 -0.9043 0.2990
vn -0.7235 -0.1717 0.6686
vn -0.4226 -0.6178 -0.6631
vn 0.3440 0.4030 0.8481
vn -0.2255 0.9654 0.1310
vn -0.2257 0.9653 0.1310
vn -0.0582 0.9890 0.1358
vn -0.8654 0.4974 0.0604
vn -0.9483 0.3154 0.0345
vn -0.5621 0.8200 0.1078
vn -0.7421 0.6649 0.0847
vn -0.5618 0.8202 0.1078
vn -0.9766 0.2140 0.0203
vn 0.2642 0.9551 0.1342
vn 0.1086 0.9846 0.1368
vn 0.6502 0.7518 0.1098
vn 0.7970 0.5973 0.0899
vn 0.4518 0.8832 0.1260
vn -0.3812 0.9163 0.1228
vn 0.9034 0.4236 0.0669
vn 0.9438 0.3262 0.0539
vn 0.0581 -0.9890 -0.1358
vn 0.2259 -0.9653 -0.1310
vn 0.2256 -0.9654 -0.1310
vn 0.9487 -0.3143 -0.0344
vn 0.8655 -0.4973 -0.0604
vn 0.7425 -0.6644 -0.0846
vn 0.5614 -0.8205 -0.1079
vn 0.5611 -0.8207 -0.1079
vn 0.9772 -0.2114 -0.0199
vn -0.1088 -0.9846 -0.1368
vn -0.2632 -0.9554 -0.1342
vn -0.7971 -0.5972 -0.0899
vn -0.6506 -0.7515 -0.1098
vn -0.4509 -0.8836 -0.1261
vn 0.3058 -0.9436 -0.1272
vn 0.3802 -0.9167 -0.1228
vn -0.9446 -0.3237 -0.0535
vn -0.9039 -0.4225 -0.0668
vn 0.0093 0.1366 -0.9906
vn -0.0405 -0.4158 0.9085
vn -0.0857 -0.4081 0.9089
vn -0.0853 -0.4082 0.9089
vn -0.0403 -0.4158 0.9085
vn -0.0093 -0.1366 0.9906
vn -0.2289 -0.9640 -0.1351
vn -0.1999 -0.3503 0.9150
vn -0.2441 -0.3061 0.9202
vn -0.2435 -0.3069 0.9201
vn -0.1990 -0.3511 0.9150
vn -0.1407 -0.3874 0.9111
vn -0.1398 -0.3878 0.9111
vn 0.0829 -0.3961 0.9144
vn 0.0580 -0.4058 0.9121
vn 0.0577 -0.4059 0.9121
vn 0.0079 -0.4169 0.9089
vn -0.2760 -0.2551 0.9267
vn -0.2895 -0.2269 0.9299
vn -0.2757 -0.2558 0.9266
vn 0.3441 -0.9305 -0.1251
vn -0.9055 -0.3830 0.1830
vn 0.9009 0.3168 0.2965
vn -0.0534 0.7430 0.6672
vn -0.1890 0.7193 0.6685
vn -0.1896 0.7191 0.6685
vn -0.7264 0.3399 0.5973
vn -0.7963 0.1883 0.5749
vn -0.7966 0.1872 0.5747
vn -0.7271 0.3387 0.5971
vn -0.4705 0.5995 0.6475
vn -0.6221 0.4781 0.6200
vn -0.6234 0.4768 0.6198
vn -0.4718 0.5987 0.6473
vn -0.8217 0.1038 0.5604
vn 0.2136 0.7162 0.6644
vn 0.0846 0.7396 0.6677
vn 0.0850 0.7396 0.6677
vn 0.2143 0.7160 0.6644
vn 0.6589 0.4231 0.6219
vn 0.5351 0.5503 0.6409
vn 0.5366 0.5491 0.6408
vn 0.6598 0.4219 0.6218
vn 0.3690 0.6573 0.6571
vn 0.3706 0.6565 0.6570
vn -0.2535 0.6980 0.6697
vn 0.7840 0.1976 0.5885
vn 0.7484 0.2786 0.6019
vn 0.7489 0.2775 0.6017
vn -0.3812 0.6476 0.6598
vn 0.7866 -0.3370 0.5174
vn 0.7169 -0.4894 0.4965
vn 0.7161 -0.4907 0.4964
vn 0.7862 -0.3382 0.5172
vn 0.6133 -0.6280 0.4791
vn 0.4587 -0.7544 0.4696
vn 0.4569 -0.7554 0.4696
vn 0.6120 -0.6294 0.4789
vn 0.8119 -0.2519 0.5267
vn 0.3644 -0.8061 0.4662
vn -0.6800 -0.3552 0.6414
vn 0.6671 0.1666 0.7261
vn -0.4543 0.8831 0.1175
vn -0.3057 0.9436 0.1272
vn 0.4523 -0.8841 -0.1177
vn 0.5355 -0.1326 0.8341
vn 0.0384 -0.9560 0.2908
vn 0.0890 0.1586 0.9833
vn -0.6291 -0.6336 0.4503
vn 0.2765 -0.9526 -0.1270
vn -0.3876 -0.9121 -0.1335
vn -0.3846 -0.9137 -0.1311
vn -0.2912 0.9567 0.0000
vn -0.2403 0.9089 -0.3410
vn -0.4676 0.8524 -0.2339
vn 0.4384 0.7305 -0.5236
vn -0.0871 0.7046 -0.7043
vn -0.1607 0.8180 -0.5522
vn 0.2477 0.8773 -0.4111
vn 0.9151 0.4032 0.0000
vn 0.6466 0.4204 -0.6366
vn 0.5568 0.5898 -0.5850
vn 0.8085 0.5885 0.0000
vn -0.5262 0.7668 -0.3677
vn 0.0006 0.9688 -0.2478
vn -0.6447 0.4433 0.6228
vn -0.0034 0.4463 0.8949
vn -0.0329 0.5957 0.8026
vn -0.5806 0.6067 0.5429
vn 0.6688 0.7434 0.0000
vn 0.4278 0.9039 -0.0000
vn 0.1039 0.9946 -0.0000
vn -0.0034 0.4463 -0.8949
vn -0.0329 0.5957 -0.8026
vn 0.4384 0.7305 0.5236
vn 0.2477 0.8773 0.4111
vn -0.0871 0.7046 0.7043
vn -0.5560 0.6876 0.4669
vn 0.0006 0.9688 0.2478
vn -0.1607 0.8180 0.5523
vn -0.5262 0.7668 0.3677
vn -0.2403 0.9089 0.3410
vn -0.6447 0.4433 -0.6228
vn -0.5806 0.6067 -0.5429
vn -0.4676 0.8524 0.2339
vn -0.9010 0.4339 0.0000
vn -0.7900 0.6131 0.0000
vn -0.7298 0.6837 0.0000
vn -0.6636 0.7481 -0.0000
vn -0.5560 0.6876 -0.4669
vn 0.6466 0.4204 0.6366
vn 0.5568 0.5898 0.5850
vn -0.8146 -0.5800 -0.0000
vn -0.8904 0.4552 -0.0000
vn -0.6171 0.3901 0.6834
vn -0.5828 -0.6083 0.5388
vn -0.5576 0.8301 -0.0000
vn -0.0017 -0.7365 -0.6765
vn 0.0109 -0.2063 -0.9784
vn 0.6990 -0.2053 -0.6851
vn 0.4908 -0.7056 -0.5112
vn -0.6759 -0.2604 0.6895
vn 0.0109 -0.2063 0.9784
vn -0.4078 -0.8081 0.4251
vn -0.0017 -0.7365 0.6765
vn 0.7060 -0.7082 0.0000
vn 0.9755 -0.2198 0.0000
vn -0.9542 -0.2991 -0.0000
vn -0.5305 -0.8477 0.0000
vn -0.6759 -0.2604 -0.6895
vn -0.4078 -0.8081 -0.4251
vn 0.6990 -0.2053 0.6851
vn 0.4908 -0.7056 0.5112
vn -0.0297 -0.6698 0.7419
vn 0.4842 -0.7176 0.5005
vn 0.0759 -0.9893 0.1244
vn -0.0519 -0.9859 0.1590
vn -0.1559 -0.9826 0.1011
vn -0.1559 -0.9826 -0.1011
vn -0.0519 -0.9859 -0.1590
vn -0.0297 -0.6698 -0.7419
vn -0.5828 -0.6083 -0.5388
vn 0.1363 -0.9907 -0.0000
vn 0.1133 -0.9936 -0.0000
vn 0.0615 -0.9927 0.1036
vn 0.0759 -0.9893 -0.1244
vn 0.4842 -0.7176 -0.5005
vn 0.6801 -0.7331 0.0000
vn -0.1925 -0.9813 -0.0000
vn -0.0435 -0.9907 0.1290
vn -0.1514 -0.9885 -0.0000
vn -0.1246 -0.9890 -0.0798
vn -0.0435 -0.9907 -0.1290
vn 0.0615 -0.9927 -0.1036
vn -0.1246 -0.9890 0.0798
vn 0.9998 -0.0188 0.0000
vn 0.7393 0.0494 -0.6715
vn 0.0685 0.2212 0.9728
vn 0.7393 0.0494 0.6715
vn -0.6171 0.3901 -0.6834
vn 0.0685 0.2212 -0.9728
vn 0.1279 0.3028 0.9444
vn 0.7537 0.0471 0.6555
vn -0.5073 0.5530 -0.6609
vn 0.1279 0.3028 -0.9444
vn 0.9985 -0.0553 0.0000
vn 0.7537 0.0471 -0.6555
vn -0.5073 0.5530 0.6609
vn -0.7601 0.6498 -0.0000
vn -0.4727 0.5765 -0.6665
vn -0.7142 0.7000 0.0000
vn -0.5439 0.4717 -0.6940
vn -0.7879 0.6158 0.0000
vn -0.4727 0.5765 0.6665
vn -0.5439 0.4717 0.6940
vn 0.1376 0.2603 0.9557
vn 0.7439 -0.0601 0.6655
vn 0.0702 0.1068 0.9918
vn 0.6778 -0.2576 0.6886
vn 0.9822 -0.1879 0.0000
vn 0.7439 -0.0601 -0.6655
vn 0.9159 -0.4014 0.0000
vn 0.6778 -0.2576 -0.6886
vn 0.1376 0.2603 -0.9557
vn 0.0702 0.1068 -0.9918
vn -0.5985 0.3844 0.7029
vn 0.0165 0.0009 0.9999
vn 0.6185 -0.3763 0.6898
vn 0.8523 -0.5231 0.0000
vn 0.6185 -0.3763 -0.6898
vn 0.0165 0.0009 -0.9999
vn -0.5985 0.3844 -0.7029
vn -0.8438 0.5367 0.0000
vn 0.1178 0.9209 0.3717
vn 0.1450 0.9834 0.1092
vn -0.0424 0.9990 0.0128
vn -0.1272 0.9822 0.1382
vn -0.1270 0.9702 -0.2061
vn -0.3922 0.9124 -0.1174
vn 0.1561 0.9650 -0.2109
vn 0.1572 0.9096 -0.3845
vn -0.1952 0.9051 -0.3778
vn -0.5023 0.8243 -0.2613
vn 0.3311 0.9366 -0.1144
vn 0.3172 0.9468 0.0546
vn 0.3589 0.9146 0.1862
vn 0.4884 0.8696 0.0722
vn 0.3273 0.8798 -0.3448
vn 0.5586 0.8086 0.1845
vn 0.4745 0.8454 0.2453
vn 0.4343 0.8248 0.3621
vn 0.5869 0.7346 0.3405
vn 0.3248 0.7776 0.5383
vn 0.4559 0.6070 0.6509
vn 0.5332 0.6627 0.5260
vn 0.4537 0.7593 0.4665
vn -0.2231 0.5813 0.7825
vn -0.3144 0.4211 0.8508
vn 0.0304 0.4004 0.9158
vn 0.0544 0.5584 0.8278
vn -0.3028 0.3630 0.8812
vn 0.0336 0.3439 0.9384
vn -0.7859 0.5963 0.1640
vn -0.8282 0.5429 0.1389
vn -0.7832 0.4527 0.4262
vn -0.7495 0.5122 0.4193
vn -0.5964 0.6646 0.4502
vn -0.3299 0.8318 0.4464
vn -0.2790 0.9021 0.3291
vn -0.6363 0.7357 0.2321
vn 0.2596 0.7147 0.6495
vn 0.2876 0.5640 0.7741
vn 0.4250 0.5301 0.7337
vn 0.5407 0.6105 0.5788
vn 0.2955 0.3335 0.8952
vn 0.3012 0.4031 0.8642
vn 0.0963 0.7885 0.6074
vn 0.3878 0.4245 0.8182
vn -0.1054 0.7458 0.6577
vn -0.1669 0.8226 0.5436
vn -0.4647 0.6135 0.6385
vn -0.5904 0.4577 0.6647
vn 0.3346 0.8496 -0.4077
vn 0.1664 0.8832 -0.4385
vn -0.1753 0.8822 -0.4370
vn -0.5568 0.8300 0.0331
vn -0.3056 0.9331 0.1895
vn 0.3966 0.3333 0.8553
vn -0.5982 0.3976 0.6957
vn -0.7038 0.7068 -0.0711
vn -0.7319 0.6703 -0.1221
vn -0.5007 0.8019 -0.3258
vn -0.2078 -0.9730 -0.0999
vn -0.5933 -0.8019 0.0703
vn -0.5484 -0.8251 0.1360
vn -0.4004 -0.9162 0.0182
vn -0.1691 -0.9852 -0.0282
vn -0.0374 -0.8785 -0.4763
vn -0.1318 -0.8707 -0.4737
vn -0.1049 -0.8738 -0.4749
vn -0.2322 -0.9227 -0.3077
vn -0.2239 -0.8906 -0.3959
vn -0.1982 -0.8881 -0.4147
vn -0.2405 -0.9099 -0.3379
vn -0.1247 -0.9566 -0.2633
vn -0.1527 -0.9517 -0.2664
vn -0.1414 -0.8940 -0.4251
vn -0.1029 -0.9230 -0.3709
vn -0.1029 -0.9228 -0.3713
vn -0.1272 -0.8990 -0.4191
vn -0.1521 -0.9357 -0.3184
vn -0.2283 -0.9086 -0.3498
vn -0.2064 -0.9208 -0.3308
vn -0.1363 -0.9361 -0.3241
vn -0.2198 -0.8726 -0.4361
vn -0.2336 -0.8827 -0.4077
vn -0.6197 -0.7700 -0.1519
vn -0.5713 -0.8071 -0.1489
vn -0.3901 -0.8744 -0.2886
vn -0.3770 -0.8597 -0.3447
vn -0.1499 -0.7995 -0.5816
vn -0.2917 -0.7960 -0.5304
vn -0.3749 -0.8148 -0.4421
vn -0.3183 -0.7940 -0.5179
vn -0.3727 -0.8423 -0.3894
vn -0.3906 -0.8110 -0.4357
vn -0.6253 -0.7790 -0.0474
vn -0.3243 -0.9248 -0.1991
vn -0.0416 -0.7994 -0.5994
vn -0.2544 -0.7834 -0.5671
vn -0.6834 -0.6568 -0.3186
vn -0.6587 -0.7161 -0.2307
vn -0.3757 -0.8530 -0.3623
vn -0.3739 -0.8517 -0.3672
vn -0.3748 -0.8493 -0.3719
vn -0.6398 -0.6445 -0.4187
vn -0.5352 -0.6631 -0.5233
vn -0.5845 -0.6350 -0.5052
vn -0.1914 -0.9711 -0.1429
vn -0.0008 -0.9953 -0.0963
vn 0.0937 -0.9926 -0.0766
vn -0.4017 -0.8315 -0.3838
vn -0.4054 -0.8462 -0.3459
vn -0.4019 -0.8398 -0.3650
vn -0.4043 -0.8665 -0.2928
vn -0.3477 -0.9136 -0.2107
vn -0.6078 -0.4404 -0.6608
vn -0.5763 -0.5705 -0.5852
vn -0.0125 -0.9604 -0.2783
vn -0.0183 -0.9611 -0.2755
vn 0.0276 -0.9543 -0.2974
vn -0.7612 -0.6144 0.2076
vn -0.7683 -0.6169 0.1711
vn -0.8293 -0.5545 0.0687
vn -0.7637 -0.5763 -0.2910
vn -0.5835 -0.7372 -0.3407
vn -0.5888 -0.7756 -0.2275
vn -0.7094 -0.7045 0.0191
vn -0.6689 -0.3088 -0.6762
vn -0.6949 -0.2989 -0.6540
vn -0.5803 -0.3291 -0.7450
vn -0.6573 -0.4647 -0.5933
vn -0.8712 -0.2917 -0.3949
vn -0.8938 -0.3848 -0.2304
vn -0.7711 -0.3182 -0.5515
vn -0.9040 -0.4253 -0.0432
vn -0.7421 -0.6441 0.1855
vn -0.5699 -0.6885 -0.4486
vn -0.6790 -0.2751 -0.6806
vn 0.0000 0.9973 0.0738
vn 0.1720 0.9827 0.0684
vn 0.2501 0.9462 -0.2053
vn 0.1370 0.9532 -0.2696
vn 0.3672 0.8843 -0.2884
vn 0.2407 0.7881 -0.5665
vn 0.3470 0.8563 0.3825
vn 0.2244 0.9335 0.2795
vn 0.1173 0.9358 0.3326
vn 0.2288 0.7875 0.5723
vn 0.4172 0.9063 0.0671
vn 0.5311 0.8376 0.1282
vn 0.4530 0.8420 -0.2928
vn 0.2757 0.7674 -0.5789
vn 0.3137 0.6767 0.6661
vn 0.4493 0.7456 0.4921
vn 0.1196 0.7588 0.6402
vn 0.0642 0.8880 0.4553
vn -0.0001 0.9054 0.4245
vn -0.0006 0.7451 0.6670
vn -0.0017 0.6755 0.7374
vn -0.0028 0.6308 0.7759
vn 0.2209 0.6128 0.7588
vn 0.1697 0.6698 0.7229
vn -0.0006 0.6112 0.7915
vn 0.2737 0.5840 0.7642
vn 0.4095 0.5677 0.7141
vn 0.3721 0.5958 0.7118
vn -0.1175 0.9356 0.3329
vn -0.2307 0.7844 0.5758
vn -0.1211 0.7571 0.6419
vn -0.0644 0.8879 0.4555
vn -0.2759 0.7674 -0.5788
vn -0.3554 0.8177 -0.4529
vn -0.5006 0.8428 -0.1975
vn -0.4553 0.8419 -0.2896
vn -0.4052 0.8595 -0.3117
vn -0.5385 0.8353 -0.1115
vn -0.6042 0.7412 0.2925
vn -0.5932 0.7718 0.2290
vn -0.5354 0.8326 0.1418
vn -0.2246 0.9332 0.2805
vn -0.3489 0.8530 0.3882
vn -0.3178 0.6646 0.6762
vn -0.1739 0.6631 0.7280
vn 0.5008 0.6587 0.5615
vn 0.5249 0.6400 0.5612
vn 0.6002 0.7536 0.2680
vn 0.5884 0.7821 0.2051
vn -0.1721 0.9827 0.0688
vn -0.2502 0.9462 -0.2051
vn -0.3678 0.8843 -0.2875
vn -0.4190 0.9051 0.0716
vn -0.4522 0.7333 0.5077
vn -0.1370 0.9532 -0.2696
vn -0.1149 0.7136 -0.6911
vn -0.0711 0.8891 -0.4521
vn 0.0000 0.9147 -0.4042
vn 0.0000 0.6790 -0.7342
vn -0.2407 0.7881 -0.5665
vn 0.4968 0.8435 -0.2041
vn 0.5340 0.8368 -0.1209
vn 0.4041 0.8597 -0.3123
vn 0.3547 0.8177 -0.4534
vn 0.0000 0.6449 -0.7643
vn -0.1456 0.6940 -0.7051
vn 0.1149 0.7136 -0.6911
vn 0.0711 0.8891 -0.4521
vn -0.5012 0.6357 0.5871
vn -0.5230 0.6127 0.5925
vn -0.4099 0.5406 0.7347
vn -0.3762 0.5737 0.7276
vn 0.1737 0.7334 -0.6572
vn 0.1456 0.6940 -0.7051
vn -0.2272 0.6000 0.7671
vn -0.2775 0.5672 0.7754
vn -0.1737 0.7334 -0.6572
vn 0.0226 -0.9032 0.4286
vn 0.3095 -0.9365 0.1650
vn 0.7653 -0.3456 0.5430
vn 0.3800 -0.3730 0.8465
vn 0.4442 -0.8480 -0.2892
vn 0.9914 -0.1289 0.0242
vn 0.6481 0.7129 0.2679
vn 0.5555 0.5107 0.6562
vn 0.4017 0.4202 0.8137
vn -0.6499 0.6966 0.3039
vn -0.3015 0.9440 0.1339
vn -0.9026 0.0979 -0.4191
vn -0.9880 -0.1410 0.0631
vn -0.0944 0.9827 0.1591
vn -0.4526 0.8620 -0.2283
vn -0.3489 -0.7632 -0.5438
vn -0.3824 -0.7710 -0.5093
vn -0.4514 -0.8517 -0.2663
vn 0.0071 -0.9152 0.4030
vn -0.0942 -0.8941 0.4378
vn 0.1503 -0.3093 0.9390
vn 0.0017 -0.2831 0.9591
vn 0.2236 0.4127 0.8830
vn -0.0050 0.4123 0.9110
vn -0.2322 0.3976 0.8877
vn -0.1442 -0.3270 0.9340
vn -0.4049 0.3932 0.8255
vn -0.3626 -0.3919 0.8455
vn -0.0216 -0.9076 0.4193
vn 0.1050 -0.8984 0.4265
vn 0.0944 0.9829 0.1582
vn 0.2972 0.9465 0.1258
vn 0.8936 0.1001 -0.4377
vn 0.4521 0.8616 -0.2306
vn 0.3794 -0.7698 -0.5133
vn 0.3482 -0.7632 -0.5443
vn 0.1532 -0.9562 0.2496
vn 0.0734 -0.9965 0.0392
vn 0.1039 -0.9931 -0.0552
vn 0.1405 -0.9798 0.1422
vn 0.0027 -0.9861 0.1664
vn 0.0004 -0.9923 -0.1241
vn -0.0823 -0.9929 -0.0862
vn -0.1354 -0.9793 0.1504
vn 0.0379 -0.8921 -0.4503
vn -0.0258 -0.8940 -0.4473
vn -0.1324 -0.8269 -0.5465
vn 0.0111 -0.8909 -0.4541
vn 0.0306 -0.9310 -0.3638
vn -0.2441 -0.8587 -0.4505
vn -0.0995 -0.9941 -0.0441
vn -0.0246 -0.9575 -0.2874
vn 0.0211 -0.9680 -0.2502
vn -0.0656 -0.9965 0.0509
vn 0.0037 -0.9012 -0.4333
vn -0.0374 -0.8922 -0.4500
vn -0.0304 -0.9310 -0.3637
vn -0.0302 -0.9163 -0.3994
vn -0.0191 -0.9655 -0.2598
vn 0.0266 -0.9554 -0.2942
vn -0.0328 -0.9135 -0.4056
vn -0.0102 -0.8919 -0.4521
vn 0.0343 -0.9156 -0.4007
vn 0.0014 -0.9645 0.2640
vn -0.0028 -0.9008 -0.4342
vn 0.0305 -0.9161 -0.3997
vn 0.1313 -0.8266 -0.5472
vn 0.0240 -0.8941 -0.4473
vn 0.0827 -0.9927 -0.0881
vn -0.1445 -0.9535 0.2644
vn 0.0288 -0.9427 -0.3325
vn 0.0335 -0.8648 -0.5010
vn -0.0354 -0.8645 -0.5013
vn -0.0291 -0.9430 -0.3317
vn 0.2405 -0.8596 -0.4509
vn -0.5482 0.4777 0.6865
vn -0.7393 -0.3597 0.5692
vn -0.3117 -0.9325 0.1824
vn -0.0024 -0.9034 -0.4288
vn 0.0114 -0.2562 0.9666
vn 0.0039 0.3071 0.9517
vn -0.4670 0.5174 0.7171
vn -0.6802 -0.1382 0.7199
vn 0.6841 0.2926 -0.6681
vn 0.5010 0.8230 -0.2677
vn 0.8165 0.5636 0.1250
vn 0.9978 0.0553 -0.0370
vn 0.6733 -0.1763 0.7180
vn 0.4761 0.5074 0.7183
vn 0.0318 -0.9271 -0.3735
vn 0.4669 -0.5174 -0.7171
vn 0.7879 -0.5617 -0.2523
vn 0.5299 -0.8308 0.1702
vn -0.0318 0.9271 0.3735
vn 0.0797 0.9623 0.2600
vn 0.5646 0.5353 0.6282
vn -0.5010 -0.8230 0.2677
vn -0.0797 -0.9623 -0.2600
vn 0.4414 -0.8587 0.2602
vn -0.0246 -0.8182 0.5744
vn 0.7791 -0.1430 0.6104
vn 0.7753 -0.2894 0.5613
vn 0.6696 -0.3228 0.6689
vn 0.9947 -0.0673 -0.0781
vn 0.0083 -0.3787 0.9255
vn 0.6802 0.1382 -0.7199
vn -0.6841 -0.2926 0.6681
vn -0.4669 0.5174 0.7171
vn 0.7287 -0.2343 0.6435
vn 0.0266 0.3590 0.9330
vn 0.1160 -0.7174 0.6869
vn 0.1160 -0.7175 0.6869
vn 0.7246 -0.0958 0.6825
vn 0.8743 -0.4781 -0.0845
vn 0.7848 0.5984 0.1616
vn 0.8742 -0.4781 -0.0845
vn -0.7039 0.0700 -0.7068
vn -0.5607 0.4666 -0.6840
vn -0.1602 0.5989 -0.7847
vn -0.8654 0.3899 0.3148
vn 0.4567 -0.1369 0.8790
vn 0.3943 0.8482 0.3536
vn -0.4346 0.1998 0.8782
vn 0.2214 0.9726 -0.0705
vn -0.0027 0.5443 -0.8389
vn 0.3547 -0.4067 -0.8419
vn 0.9407 0.3391 -0.0026
vn 0.8577 0.4522 0.2448
vn 0.7466 0.5027 0.4358
vn 0.7586 -0.0582 0.6489
vn 0.6194 0.5146 0.5930
vn 0.5479 0.5647 0.6171
vn 0.9822 -0.1311 -0.1343
vn 0.2996 -0.1613 0.9403
vn -0.2181 -0.2959 -0.9300
vn 0.4771 0.6040 0.6384
vn 0.0520 0.5359 -0.8427
vn -0.2497 0.6083 -0.7534
vn -0.0819 0.8696 -0.4870
vn 0.2730 0.6710 -0.6893
vn -0.6561 0.5858 -0.4758
vn -0.5156 0.8473 -0.1273
vn 0.1507 0.9635 -0.2211
vn 0.4905 0.7293 -0.4770
vn -0.2839 0.9404 0.1874
vn -0.8779 0.4667 -0.1068
vn -0.9189 0.3665 0.1462
vn -0.8172 0.4421 0.3698
vn -0.7359 0.6488 0.1938
vn -0.6263 0.4721 0.6204
vn -0.5309 0.7035 0.4725
vn -0.3030 0.3842 0.8721
vn -0.1012 0.5136 0.8520
vn -0.3152 0.6551 0.6867
vn -0.4223 0.4407 0.7921
vn 0.2496 0.6871 0.6823
vn -0.0345 0.8909 0.4528
vn 0.6121 0.7342 0.2936
vn 0.7799 0.6226 -0.0644
vn 0.6532 0.7050 -0.2761
vn 0.3704 0.9283 0.0331
vn 0.0306 0.0186 -0.9994
vn -0.2868 -0.1442 -0.9471
vn -0.2891 -0.0118 -0.9572
vn 0.0245 0.1485 -0.9886
vn -0.7083 -0.2231 -0.6697
vn -0.6390 -0.0824 -0.7648
vn -0.9679 0.0598 -0.2440
vn -0.9371 0.2928 0.1900
vn -0.9555 0.2788 0.0963
vn -0.9307 0.0399 -0.3636
vn -0.9213 0.2300 -0.3136
vn -0.9468 0.3042 0.1051
vn -0.6585 0.2345 -0.7151
vn 0.0449 0.3635 -0.9305
vn -0.2717 0.2720 -0.9232
vn -0.8005 0.3337 0.4978
vn -0.8209 0.3510 0.4504
vn -0.6693 0.3129 0.6739
vn -0.6607 0.3380 0.6702
vn -0.5207 0.3428 0.7819
vn -0.3108 0.3449 0.8857
vn -0.2326 0.3290 0.9152
vn -0.4722 0.3642 0.8027
vn -0.4347 0.3619 0.8247
vn -0.2650 0.3366 0.9036
vn -0.6523 0.3598 0.6671
vn -0.8415 0.3491 0.4124
vn 0.0462 0.1617 0.9858
vn 0.1504 0.1215 0.9811
vn 0.5182 -0.1492 0.8421
vn 0.5772 0.0085 0.8166
vn 0.8623 -0.0797 0.5001
vn 0.9877 0.1420 0.0658
vn 0.9656 0.2447 0.0885
vn 0.8630 0.0674 0.5006
vn 0.8093 0.3899 0.4393
vn 0.8933 0.4494 0.0054
vn 0.4894 0.3478 0.7997
vn 0.0693 0.3059 0.9495
vn 0.9106 0.2165 -0.3521
vn 0.8793 0.3517 -0.3212
vn 0.7296 0.1795 -0.6598
vn 0.7033 0.3402 -0.6242
vn 0.4144 0.1133 -0.9030
vn 0.3949 0.2683 -0.8787
vn 0.3647 0.4915 -0.7909
vn 0.6232 0.5583 -0.5477
vn 0.7819 0.5359 -0.3184
vn -0.9683 0.0616 -0.2423
vn 0.2218 -0.1616 -0.9616
vn 0.9669 -0.0481 0.2506
vn -0.3458 0.1742 0.9220
vn -0.6931 0.4867 0.5317
vn 0.7245 0.6085 0.3238
vn 0.3957 0.0745 0.9154
vn -0.3569 -0.0981 -0.9290
vn 0.4889 0.6623 -0.5678
vn -0.6089 0.7116 -0.3505
vn 0.9455 -0.1290 -0.2988
vn -0.8696 0.1733 0.4623
vn 0.0000 -0.0099 1.0000
vn 0.0000 -0.1556 0.9878
vn 0.0000 -0.1557 0.9878
vn -0.7842 -0.0945 0.6133
vn -0.7839 -0.0065 0.6209
vn -0.9955 -0.0005 0.0948
vn -0.9996 -0.0181 -0.0223
vn -0.7824 -0.1485 0.6047
vn -0.9996 -0.0229 -0.0137
vn 0.0000 -0.2525 0.9676
vn 0.9998 0.0026 -0.0175
vn 1.0000 0.0005 -0.0007
vn 0.9999 0.0001 -0.0104
vn 0.9998 0.0002 -0.0176
vn 0.9998 0.0043 -0.0180
vn 1.0000 0.0002 -0.0008
vn 0.0000 -0.3906 0.9206
vn 0.9998 0.0075 -0.0179
vn 1.0000 0.0006 -0.0012
vn 0.9998 -0.0037 0.0178
vn 0.9999 0.0017 0.0133
vn 0.9998 -0.0072 0.0179
vn 0.9998 0.0100 -0.0169
vn 1.0000 0.0003 -0.0004
vn 0.9998 -0.0098 0.0168
vn 1.0000 0.0008 -0.0010
vn 0.9998 -0.0120 0.0153
vn 0.9998 0.0121 -0.0154
vn 1.0000 0.0003 -0.0003
vn 0.9998 -0.0139 0.0136
vn 0.9998 0.0140 -0.0138
vn 1.0000 0.0010 -0.0008
vn 0.9998 -0.0155 0.0117
vn 0.9998 0.0156 -0.0118
vn 0.9998 0.0171 -0.0096
vn 1.0000 0.0004 -0.0003
vn 0.9998 -0.0170 0.0095
vn 1.0000 0.0013 -0.0006
vn 0.9998 -0.0180 0.0068
vn 0.9998 0.0180 -0.0071
vn 1.0000 0.0013 -0.0002
vn 0.9998 -0.0184 0.0029
vn 0.9998 0.0188 -0.0036
vn 0.9999 0.0101 0.0002
vn 0.9999 -0.0145 -0.0019
vn 0.9998 0.0190 0.0002
vn 0.9998 0.0187 0.0040
vn 1.0000 0.0012 0.0002
vn 0.9979 0.0155 -0.0634
vn 0.9996 0.0274 -0.0002
vn 0.9998 -0.0183 -0.0032
vn 0.9999 -0.0146 0.0016
vn 0.9979 0.0128 0.0634
vn 0.2619 0.5929 -0.7615
vn 0.0951 0.0892 -0.9915
vn 0.4799 0.4005 -0.7806
vn 0.6808 0.6958 -0.2287
vn 0.9947 0.0006 0.1032
vn 1.0000 0.0014 -0.0004
vn -0.0003 0.0165 -0.9999
vn 0.2910 0.0558 -0.9551
vn -0.5553 -0.1312 -0.8212
vn -0.2915 0.0567 -0.9549
vn -0.9989 -0.0464 0.0016
vn -0.0305 0.9802 0.1956
vn 0.6901 0.7084 0.1482
vn -1.0000 -0.0011 0.0019
vn -0.0332 0.9304 0.3650
vn 0.6941 0.6704 0.2623
vn -0.0306 0.8637 0.5031
vn 0.6933 0.6230 0.3623
vn -0.9999 -0.0096 -0.0094
vn -0.9999 0.0146 0.0070
vn -0.0312 0.7870 0.6161
vn 0.6950 0.5661 0.4433
vn -0.0302 0.6998 0.7137
vn 0.6935 0.5044 0.5144
vn -0.9999 -0.0081 -0.0063
vn -0.9999 0.0120 0.0122
vn -0.0311 0.6007 0.7989
vn 0.6952 0.4320 0.5746
vn -0.0303 0.4882 0.8722
vn 0.6937 0.3515 0.6287
vn -0.9999 -0.0062 -0.0082
vn -0.9999 0.0074 0.0148
vn -0.0322 0.3577 0.9333
vn 0.6949 0.2567 0.6717
vn -0.0309 0.1656 0.9857
vn 0.6919 0.1364 0.7090
vn -0.9999 -0.0071 -0.0098
vn -0.9995 -0.0277 0.0131
vn -0.0004 -0.3459 0.9383
vn 0.6698 -0.1398 0.7292
vn -0.0037 -0.9519 0.3064
vn 0.4480 -0.6939 0.5637
vn -0.4287 -0.7084 0.5607
vn -0.7741 -0.1438 0.6165
vn -0.0198 -0.9995 0.0229
vn -0.0684 -0.9975 0.0195
vn 0.0293 -0.9990 0.0349
vn 0.0760 -0.9872 -0.1404
vn -0.0111 -0.9877 -0.1560
vn -0.1000 -0.9859 -0.1339
vn 0.0001 -0.5196 -0.8544
vn -0.0004 -0.4850 -0.8745
vn 0.0006 -0.4885 -0.8726
vn -0.1818 0.1026 -0.9780
vn 0.0006 0.1257 -0.9921
vn 0.1823 0.1023 -0.9779
vn 1.0000 -0.0002 0.0054
vn 0.9953 -0.0081 0.0969
vn 0.9982 0.0370 0.0472
vn 0.9996 0.0283 -0.0062
vn 0.9952 0.0145 -0.0971
vn 0.9979 0.0502 -0.0411
vn 0.9946 0.0036 -0.1035
vn 0.0005 -0.2609 0.9654
vn -0.0002 -0.0160 0.9999
vn 0.1959 0.0201 0.9804
vn 0.1271 -0.2139 0.9686
vn 0.1015 0.0604 0.9930
vn 0.4670 0.4302 0.7726
vn -0.1268 -0.2162 0.9681
vn -0.1962 0.0207 0.9803
vn -0.5414 -0.1386 0.8293
vn 0.0008 -0.8018 0.5975
vn -0.0015 -0.7469 0.6650
vn 0.0015 -0.7483 0.6634
vn 0.0657 -0.9916 0.1115
vn -0.0130 -0.9916 0.1288
vn -0.0947 -0.9901 0.1035
vn -0.0223 -0.9992 -0.0319
vn -0.0816 -0.9965 -0.0203
vn 0.0363 -0.9987 -0.0353
vn -0.4129 -0.7172 -0.5614
vn -0.0036 -0.9520 -0.3062
vn 0.4343 -0.7029 -0.5633
vn -0.7772 -0.1262 -0.6165
vn 0.0011 -0.3276 -0.9448
vn 0.6693 -0.1215 -0.7330
vn -0.9993 -0.0335 0.0190
vn -0.0313 0.1906 -0.9812
vn 0.6894 0.1551 -0.7075
vn -0.0332 0.3724 -0.9275
vn 0.6928 0.2681 -0.6694
vn -0.0311 0.5046 -0.8628
vn 0.6917 0.3642 -0.6236
vn -0.9999 -0.0078 0.0091
vn -0.9999 0.0078 -0.0151
vn -0.0318 0.6161 -0.7870
vn 0.6934 0.4443 -0.5673
vn -1.0000 -0.0060 0.0077
vn -0.0307 0.7136 -0.6998
vn 0.6919 0.5155 -0.5054
vn -0.0317 0.7988 -0.6007
vn 0.6937 0.5758 -0.4328
vn -0.9998 0.0126 -0.0124
vn -1.0000 -0.0078 0.0059
vn -0.0309 0.8729 -0.4870
vn 0.6922 0.6305 -0.3511
vn -0.9999 0.0151 -0.0072
vn -0.0332 0.9355 -0.3517
vn 0.6934 0.6748 -0.2526
vn -0.0300 0.9830 -0.1813
vn 0.6902 0.7103 -0.1385
vn -0.9999 -0.0095 0.0082
vn 0.2705 0.6406 0.7186
vn 0.6771 0.7045 0.2126
vn -0.9996 0.0184 -0.0213
vn -0.9997 0.0228 -0.0122
vn -0.0310 -0.1752 -0.9840
vn 0.0005 0.3523 -0.9359
vn -0.7770 0.1386 -0.6140
vn -0.7794 -0.6131 -0.1289
vn -0.7770 -0.6294 -0.0065
vn -0.7786 -0.6165 0.1175
vn -1.0000 -0.0025 -0.0023
vn -0.9639 0.2664 0.0045
vn -0.7798 -0.5778 -0.2410
vn -0.7759 -0.5437 -0.3200
vn -0.7766 -0.4960 -0.3884
vn -0.7753 -0.4422 -0.4509
vn -0.7766 -0.3786 -0.5035
vn -0.7757 -0.3098 -0.5499
vn -0.7785 -0.2321 -0.5832
vn -0.7825 -0.1399 -0.6068
vn -0.7798 -0.0918 -0.6192
vn -0.7757 0.0070 -0.6310
vn -0.9948 -0.0004 -0.1022
vn -0.9440 -0.1714 0.2818
vn -0.7749 0.1293 0.6187
vn -0.9992 0.0334 0.0198
vn -0.9446 0.1649 0.2839
vn -0.9656 -0.0024 0.2602
vn -0.7812 0.1029 -0.6158
vn -0.9956 -0.0934 0.0074
vn -1.0000 -0.0005 0.0067
vn -0.9955 0.0939 0.0086
vn -0.9960 -0.0882 -0.0172
vn -0.9999 0.0021 -0.0150
vn -0.9960 0.0889 -0.0127
vn 0.0244 0.9983 0.0538
vn 0.0739 0.9925 -0.0970
vn -0.0120 0.9945 -0.1040
vn -0.0215 0.9990 0.0389
vn -0.4335 0.6883 0.5816
vn -0.0035 0.9390 0.3438
vn -0.1003 0.9909 -0.0902
vn -0.0668 0.9971 0.0367
vn 0.4537 0.6736 0.5835
vn 0.0001 0.3209 0.9471
vn 0.6704 0.1232 0.7317
vn -0.0312 -0.1812 0.9830
vn 0.6914 -0.1474 0.7073
vn -0.9995 0.0278 0.0148
vn -0.0325 -0.3725 0.9274
vn 0.6948 -0.2673 0.6677
vn -0.0304 -0.5046 0.8628
vn 0.6935 -0.3633 0.6221
vn -0.9999 0.0080 -0.0097
vn -0.9999 -0.0075 0.0146
vn -0.0312 -0.6163 0.7869
vn 0.6950 -0.4432 0.5661
vn -0.9999 0.0063 -0.0081
vn -0.0303 -0.7137 0.6998
vn 0.6933 -0.5145 0.5046
vn -0.0313 -0.7989 0.6006
vn 0.6948 -0.5748 0.4323
vn -0.9999 -0.0123 0.0121
vn -0.9999 0.0082 -0.0061
vn -0.0306 -0.8729 0.4869
vn 0.6931 -0.6298 0.3508
vn -0.0330 -0.9356 0.3514
vn 0.6940 -0.6742 0.2526
vn -0.9999 -0.0149 0.0070
vn -0.9999 0.0096 -0.0082
vn -0.0293 -0.9749 0.2209
vn 0.6906 -0.7006 0.1799
vn -0.0113 -0.8608 -0.5089
vn 0.6924 -0.6939 -0.1977
vn -0.9996 -0.0238 -0.0163
vn -0.4640 -0.3865 -0.7971
vn -0.7777 -0.6141 -0.1341
vn -0.0005 -0.2196 -0.9756
vn 0.4654 -0.3877 -0.7957
vn -0.0003 -0.0025 -1.0000
vn 0.2724 -0.0405 -0.9613
vn -0.2728 -0.0413 -0.9612
vn -0.1677 -0.0475 -0.9847
vn 0.0005 -0.0642 -0.9979
vn 0.1681 -0.0474 -0.9846
vn 0.0002 0.6042 -0.7968
vn -0.0069 0.5802 -0.8145
vn 0.0069 0.5823 -0.8129
vn -0.9997 -0.0012 -0.0247
vn -0.9982 0.0405 -0.0432
vn -1.0000 -0.0000 0.0004
vn -0.9996 0.0267 0.0042
vn -0.9997 0.0260 -0.0023
vn -0.9951 0.0200 -0.0966
vn -0.9997 0.0008 0.0246
vn -0.9979 0.0465 0.0449
vn -0.9948 0.0315 0.0970
vn -0.9996 -0.0283 0.0062
vn -0.9979 -0.0502 0.0411
vn -0.9982 -0.0370 -0.0472
vn -0.9948 -0.0315 0.0966
vn -0.9998 -0.0196 -0.0056
vn -0.9952 -0.0106 -0.0969
vn -1.0000 0.0056 0.0005
vn -0.9946 0.0081 -0.1038
vn -0.9945 0.0049 0.1044
vn -1.0000 -0.0013 -0.0010
vn -0.9960 0.0890 0.0023
vn -0.9960 -0.0892 -0.0020
vn -1.0000 -0.0003 0.0005
vn -0.9956 0.0935 0.0019
vn -0.9956 -0.0942 0.0009
vn -0.9730 0.0029 -0.2308
vn -0.9525 0.1705 -0.2524
vn -0.9528 -0.1647 -0.2549
vn 0.0301 0.9992 -0.0275
vn -0.4116 0.7296 -0.5462
vn -0.0040 0.9558 -0.2939
vn -0.0208 0.9995 -0.0248
vn 0.0733 0.9893 0.1261
vn -0.0116 0.9892 0.1460
vn 0.4315 0.7157 -0.5492
vn -0.0723 0.9973 -0.0141
vn -0.0998 0.9879 0.1185
vn 0.0563 0.6450 0.7621
vn 0.0005 0.6482 0.7614
vn -0.0564 0.6434 0.7635
vn 0.0002 0.0697 0.9976
vn 0.1051 0.0685 0.9921
vn -0.1048 0.0686 0.9921
vn -0.2114 -0.0248 0.9771
vn -0.0002 0.0209 0.9998
vn 0.2110 -0.0241 0.9772
vn -0.4673 -0.4294 0.7728
vn -0.0004 -0.2356 0.9719
vn 0.4687 -0.4306 0.7713
vn -0.0116 -0.8949 0.4461
vn 0.6901 -0.7051 0.1630
vn -0.7767 -0.6192 0.1150
vn -0.0301 -0.9716 -0.2346
vn 0.6895 -0.6990 -0.1899
vn -0.9996 -0.0292 -0.0047
vn -0.0336 -0.9303 -0.3653
vn 0.6930 -0.6714 -0.2625
vn -0.9995 -0.0259 0.0166
vn -0.9995 -0.0304 0.0042
vn -0.9999 0.0093 0.0093
vn -0.0311 -0.8637 -0.5031
vn 0.6920 -0.6241 -0.3628
vn -0.0318 -0.7869 -0.6163
vn 0.6935 -0.5673 -0.4441
vn -0.9999 -0.0150 -0.0072
vn -1.0000 0.0077 0.0060
vn -0.0308 -0.6998 -0.7137
vn 0.6918 -0.5056 -0.5156
vn -0.0318 -0.6006 -0.7989
vn 0.6933 -0.4331 -0.5760
vn -0.9998 -0.0124 -0.0127
vn -1.0000 0.0058 0.0078
vn -0.0311 -0.4882 -0.8722
vn 0.6916 -0.3525 -0.6304
vn -0.0330 -0.3576 -0.9333
vn 0.6928 -0.2575 -0.6736
vn -0.9999 -0.0077 -0.0154
vn -0.9999 0.0069 0.0092
vn 0.6898 -0.1441 -0.7095
vn 0.6688 0.1383 -0.7304
vn 0.9999 -0.0044 0.0108
vn 1.0000 -0.0009 -0.0023
vn 0.9984 -0.0560 0.0038
vn 0.9998 -0.0021 -0.0177
vn 1.0000 -0.0010 0.0009
vn 0.9998 0.0144 -0.0132
vn 0.9998 0.0139 -0.0136
vn 1.0000 -0.0003 0.0003
vn 0.9998 -0.0145 0.0133
vn 0.9998 -0.0140 0.0138
vn 0.9998 0.0120 -0.0153
vn 1.0000 -0.0008 0.0010
vn 0.9998 -0.0121 0.0154
vn 1.0000 -0.0003 0.0004
vn 0.9998 -0.0100 0.0169
vn 0.9998 0.0098 -0.0168
vn 0.9998 0.0072 -0.0179
vn 1.0000 -0.0006 0.0012
vn 0.9998 -0.0075 0.0179
vn 1.0000 -0.0003 0.0008
vn 0.9998 -0.0043 0.0180
vn 0.9998 0.0036 -0.0178
vn 0.9996 -0.0148 -0.0235
vn 0.9999 -0.0122 0.0039
vn 0.9996 -0.0105 0.0262
vn 0.9999 0.0005 0.0127
vn 0.9993 -0.0006 0.0370
vn 0.0000 0.0099 -1.0000
vn 0.0000 0.1595 -0.9872
vn 0.0000 0.2596 -0.9657
vn 0.0000 0.2597 -0.9657
vn -0.7832 0.1508 -0.6032
vn 0.0000 0.3906 -0.9206
vn -0.7789 0.2427 -0.5783
vn -0.7757 0.3203 -0.5437
vn -0.7767 0.3884 -0.4960
vn -0.7753 0.4509 -0.4422
vn -0.7767 0.5035 -0.3786
vn -0.7758 0.5499 -0.3095
vn -0.7792 0.5827 -0.2307
vn -0.7868 0.5984 -0.1513
vn -0.7925 0.6029 -0.0921
vn -0.7901 0.6130 0.0065
vn -0.9968 0.0795 0.0003
vn -0.9419 -0.2889 -0.1713
vn -0.9663 -0.2573 -0.0041
vn -0.9433 -0.2888 0.1636
vn -0.7937 0.5994 0.1037
vn -0.7879 0.5942 0.1615
vn -0.7798 0.5778 0.2410
vn -0.7759 0.5437 0.3200
vn -0.7767 0.4960 0.3884
vn -0.7753 0.4422 0.4509
vn -0.7767 0.3786 0.5035
vn -0.7757 0.3097 0.5499
vn -0.7785 0.2321 0.5832
vn -0.7817 0.1375 0.6083
vn -0.7834 0.0827 0.6160
vn 0.0000 0.1364 0.9906
vn 0.0000 0.1365 0.9906
vn 0.0000 0.2340 0.9722
vn 0.0000 0.3727 0.9279
vn 0.0000 0.4915 0.8709
vn 0.0000 0.6010 0.7993
vn 0.0000 0.7001 0.7140
vn -0.0000 0.7874 0.6165
vn -0.0000 0.8611 0.5085
vn -0.0000 0.9208 0.3901
vn -0.0000 0.9559 0.2937
vn 0.0000 0.9836 0.1802
vn 0.0000 0.9836 0.1803
vn 0.0000 1.0000 0.0099
vn 0.0000 0.9869 -0.1614
vn -0.9946 -0.0047 -0.1041
vn -1.0000 -0.0022 -0.0003
vn -0.9946 -0.0020 0.1041
vn 0.0000 0.9612 -0.2758
vn 0.0000 0.9281 -0.3723
vn 0.0000 0.8709 -0.4915
vn -0.0000 0.7993 -0.6010
vn -0.0000 0.7140 -0.7001
vn -0.0000 0.6165 -0.7873
vn 0.0000 0.5085 -0.8611
vn 0.0000 -0.1404 -0.9901
vn 0.0000 -0.1405 -0.9901
vn 0.9999 0.0126 0.0043
vn 0.9996 0.0102 0.0268
vn 1.0000 0.0003 0.0008
vn 0.9998 0.0040 0.0181
vn 0.0000 -0.2413 -0.9705
vn 0.0000 -0.2413 -0.9704
vn 0.0000 -0.3727 -0.9280
vn 1.0000 0.0006 0.0012
vn 0.9998 0.0072 0.0181
vn 0.9996 0.0157 -0.0233
vn 0.9998 -0.0033 -0.0179
vn 0.9998 -0.0069 -0.0180
vn 0.9998 -0.0095 -0.0170
vn 1.0000 0.0003 0.0004
vn 0.9998 0.0096 0.0171
vn 0.9998 -0.0117 -0.0155
vn 1.0000 0.0008 0.0010
vn 0.9998 0.0118 0.0156
vn 1.0000 0.0003 0.0003
vn 0.9998 0.0138 0.0140
vn 0.9998 -0.0136 -0.0139
vn 0.9998 -0.0153 -0.0120
vn 1.0000 0.0010 0.0008
vn 0.9998 0.0154 0.0121
vn 1.0000 0.0004 0.0003
vn 0.9998 0.0169 0.0099
vn 0.9998 -0.0168 -0.0098
vn 0.9998 -0.0179 -0.0071
vn 1.0000 0.0013 0.0006
vn 0.9998 0.0179 0.0075
vn 0.0000 -0.9208 -0.3901
vn 0.0000 -0.8611 -0.5085
vn 0.0000 -0.9789 -0.2045
vn 0.0000 -1.0000 -0.0098
vn 0.0000 -0.7873 -0.6165
vn -0.0000 -0.7001 -0.7140
vn -0.0000 -0.6010 -0.7993
vn -0.0000 -0.4915 -0.8709
vn 0.9981 0.0611 -0.0043
vn 0.9982 -0.0603 -0.0057
vn 1.0000 -0.0005 0.0086
vn 1.0000 0.0006 0.0015
vn 0.9961 0.0886 0.0028
vn 0.9961 -0.0886 0.0015
vn 1.0000 -0.0017 0.0005
vn 0.9963 0.0854 0.0039
vn 0.9964 -0.0853 -0.0008
vn 0.9982 -0.0405 0.0432
vn 0.9997 0.0012 0.0247
vn 0.9996 -0.0267 -0.0042
vn 1.0000 0.0000 -0.0004
vn 0.9979 -0.0465 -0.0449
vn 0.9997 -0.0008 -0.0246
vn 0.9956 -0.0289 -0.0888
vn 0.9998 -0.0184 0.0066
vn 0.9961 -0.0094 0.0873
vn 0.9962 -0.0851 -0.0170
vn 0.9999 0.0013 -0.0150
vn 0.9963 0.0854 -0.0128
vn 0.9960 -0.0895 0.0058
vn 1.0000 -0.0001 0.0052
vn 0.9960 0.0893 0.0061
vn 1.0000 -0.0004 -0.0012
vn 0.9984 0.0559 0.0048
vn -0.7792 -0.5827 0.2307
vn -0.7758 -0.5499 0.3095
vn -0.7766 -0.5035 0.3786
vn -0.7753 -0.4509 0.4422
vn -0.7766 -0.3884 0.4960
vn -0.7757 -0.3203 0.5437
vn -0.7789 -0.2427 0.5783
vn -0.0000 -0.5085 0.8611
vn -0.0000 -0.6165 0.7873
vn -0.0000 -0.7140 0.7001
vn 0.0000 -0.7993 0.6010
vn 0.0000 -0.8709 0.4915
vn 0.0000 -0.9281 0.3723
vn 0.0000 -0.9826 0.1856
usemtl mushroom_mat
s off
f 2836/1/1 2835/2/1 2834/3/1 2837/4/1
f 3200/5/2 3203/6/2 3202/7/2 3199/8/2
f 3199/9/3 3201/10/3 3213/11/3 3200/12/3
f 3202/13/4 3204/14/4 3201/15/4 3199/16/4
f 3203/6/5 3208/17/5 3205/18/5 3202/7/5
f 3205/19/6 3207/20/6 3204/14/6 3202/13/6
f 3206/21/7 3214/22/7 3207/20/7 3205/19/7
f 3208/17/8 3209/23/8 3206/24/8 3205/18/8
f 3203/6/9 3212/25/9 3210/26/9 3208/17/9
f 3208/17/10 3210/26/10 3211/27/10 3209/23/10
f 3211/27/11 3210/26/11 3207/28/11 3214/29/11
f 3210/26/12 3212/25/12 3204/30/12 3207/28/12
f 3200/5/13 3213/31/13 3212/25/13 3203/6/13
f 3212/25/14 3213/31/14 3201/32/14 3204/30/14
f 3209/33/15 3211/34/15 3214/35/15 3206/36/15
f 3215/37/16 3217/38/16 3229/39/16 3216/40/16
f 3216/41/17 3219/42/17 3218/43/17 3215/44/17
f 3218/43/18 3220/45/18 3217/46/18 3215/44/18
f 3219/42/19 3224/47/19 3221/48/19 3218/43/19
f 3221/48/20 3223/49/20 3220/45/20 3218/43/20
f 3224/47/21 3225/50/21 3222/51/21 3221/48/21
f 3222/51/22 3230/52/22 3223/49/22 3221/48/22
f 3219/42/23 3228/53/23 3226/54/23 3224/47/23
f 3224/47/24 3226/54/24 3227/55/24 3225/50/24
f 3227/56/25 3226/57/25 3223/49/25 3230/52/25
f 3226/57/26 3228/58/26 3220/45/26 3223/49/26
f 3228/58/27 3229/59/27 3217/46/27 3220/45/27
f 3216/41/28 3229/60/28 3228/53/28 3219/42/28
f 3225/61/29 3227/62/29 3230/63/29 3222/64/29
f 3231/65/30 3233/66/30 3245/67/30 3232/68/30
f 3232/69/31 3235/70/31 3234/71/31 3231/72/31
f 3234/71/32 3236/73/32 3233/74/32 3231/72/32
f 3235/70/33 3240/75/33 3237/76/33 3234/71/33
f 3237/76/34 3239/77/34 3236/73/34 3234/71/34
f 3240/75/35 3241/78/35 3238/79/35 3237/76/35
f 3238/79/36 3246/80/36 3239/77/36 3237/76/36
f 3235/70/37 3244/81/37 3242/82/37 3240/75/37
f 3240/75/38 3242/82/38 3243/83/38 3241/78/38
f 3243/83/39 3242/82/39 3239/84/39 3246/85/39
f 3242/82/40 3244/81/40 3236/86/40 3239/84/40
f 3244/81/41 3245/87/41 3233/88/41 3236/86/41
f 3232/69/42 3245/87/42 3244/81/42 3235/70/42
f 3241/89/43 3243/90/43 3246/91/43 3238/92/43
f 3247/93/44 3249/94/44 3261/95/44 3248/96/44
f 3248/97/45 3251/98/45 3250/99/45 3247/100/45
f 3250/101/46 3252/102/46 3249/103/46 3247/104/46
f 3251/98/47 3256/105/47 3253/106/47 3250/99/47
f 3253/107/48 3255/108/48 3252/102/48 3250/101/48
f 3256/105/49 3257/109/49 3254/110/49 3253/106/49
f 3254/111/50 3262/112/50 3255/108/50 3253/107/50
f 3251/98/51 3260/113/51 3258/114/51 3256/105/51
f 3256/105/52 3258/114/52 3259/115/52 3257/109/52
f 3259/115/53 3258/114/53 3255/108/53 3262/112/53
f 3258/114/54 3260/113/54 3252/102/54 3255/108/54
f 3260/113/55 3261/116/55 3249/103/55 3252/102/55
f 3248/97/56 3261/116/56 3260/113/56 3251/98/56
f 3257/117/57 3259/118/57 3262/119/57 3254/120/57
f 3263/121/58 3265/122/58 3277/123/58 3264/124/58
f 3264/124/59 3267/125/59 3266/126/59 3263/121/59
f 3266/126/60 3268/127/60 3265/122/60 3263/121/60
f 3267/125/61 3272/128/61 3269/129/61 3266/126/61
f 3269/129/62 3271/130/62 3268/127/62 3266/126/62
f 3272/128/63 3273/131/63 3270/132/63 3269/129/63
f 3270/132/64 3278/133/64 3271/130/64 3269/129/64
f 3267/125/65 3276/134/65 3274/135/65 3272/128/65
f 3272/128/66 3274/135/66 3275/136/66 3273/131/66
f 3275/136/67 3274/135/67 3271/130/67 3278/133/67
f 3274/135/68 3276/134/68 3268/127/68 3271/130/68
f 3276/134/69 3277/123/69 3265/122/69 3268/127/69
f 3264/124/70 3277/123/70 3276/134/70 3267/125/70
f 3273/131/71 3275/136/71 3278/133/71 3270/132/71
f 3295/137/72 3297/138/72 3309/139/72 3296/140/72
f 3296/141/73 3299/142/73 3298/143/73 3295/144/73
f 3298/143/74 3300/145/74 3297/146/74 3295/144/74
f 3299/142/75 3304/147/75 3301/148/75 3298/143/75
f 3301/148/76 3303/149/76 3300/145/76 3298/143/76
f 3304/147/77 3305/150/77 3302/151/77 3301/148/77
f 3302/151/78 3310/152/78 3303/149/78 3301/148/78
f 3299/142/79 3308/153/79 3306/154/79 3304/147/79
f 3304/147/80 3306/154/80 3307/155/80 3305/150/80
f 3307/155/81 3306/154/81 3303/156/81 3310/157/81
f 3306/154/82 3308/153/82 3300/158/82 3303/156/82
f 3308/153/83 3309/159/83 3297/160/83 3300/158/83
f 3296/141/84 3309/159/84 3308/153/84 3299/142/84
f 3305/161/85 3307/162/85 3310/163/85 3302/164/85
f 3311/165/86 3313/166/86 3325/167/86 3312/168/86
f 3312/168/87 3315/169/87 3314/170/87 3311/165/87
f 3314/170/88 3316/171/88 3313/166/88 3311/165/88
f 3315/169/89 3320/172/89 3317/173/89 3314/170/89
f 3317/173/90 3319/174/90 3316/171/90 3314/170/90
f 3320/172/91 3321/175/91 3318/176/91 3317/173/91
f 3318/176/92 3326/177/92 3319/174/92 3317/173/92
f 3315/169/93 3324/178/93 3322/179/93 3320/172/93
f 3320/172/94 3322/179/94 3323/180/94 3321/175/94
f 3323/180/95 3322/179/95 3319/181/95 3326/177/95
f 3322/179/96 3324/178/96 3316/182/96 3319/181/96
f 3324/178/97 3325/167/97 3313/166/97 3316/182/97
f 3312/168/98 3325/167/98 3324/178/98 3315/169/98
f 3321/175/99 3323/180/99 3326/177/99 3318/176/99
f 3327/183/100 3329/184/100 3341/185/100 3328/186/100
f 3328/187/101 3331/188/101 3330/189/101 3327/190/101
f 3330/189/102 3332/191/102 3329/192/102 3327/190/102
f 3331/188/103 3336/193/103 3333/194/103 3330/189/103
f 3333/194/104 3335/195/104 3332/191/104 3330/189/104
f 3336/193/105 3337/196/105 3334/197/105 3333/194/105
f 3334/197/106 3342/198/106 3335/195/106 3333/194/106
f 3331/188/107 3340/199/107 3338/200/107 3336/193/107
f 3336/193/108 3338/200/108 3339/201/108 3337/196/108
f 3339/201/109 3338/200/109 3335/202/109 3342/203/109
f 3338/200/110 3340/199/110 3332/204/110 3335/202/110
f 3340/199/111 3341/205/111 3329/206/111 3332/204/111
f 3328/187/112 3341/205/112 3340/199/112 3331/188/112
f 3337/207/113 3339/208/113 3342/209/113 3334/210/113
f 3343/211/114 3345/212/114 3357/213/114 3344/214/114
f 3344/215/115 3347/216/115 3346/217/115 3343/218/115
f 3346/217/116 3348/219/116 3345/220/116 3343/218/116
f 3347/216/117 3352/221/117 3349/222/117 3346/217/117
f 3349/222/118 3351/223/118 3348/219/118 3346/217/118
f 3352/221/119 3353/224/119 3350/225/119 3349/222/119
f 3350/225/120 3358/226/120 3351/223/120 3349/222/120
f 3347/227/121 3356/228/121 3354/229/121 3352/230/121
f 3352/230/122 3354/229/122 3355/231/122 3353/232/122
f 3355/231/123 3354/229/123 3351/223/123 3358/226/123
f 3354/229/124 3356/228/124 3348/219/124 3351/223/124
f 3356/228/125 3357/233/125 3345/220/125 3348/219/125
f 3344/234/126 3357/233/126 3356/228/126 3347/227/126
f 3353/235/127 3355/236/127 3358/237/127 3350/238/127
f 3359/239/128 3361/240/128 3373/241/128 3360/242/128
f 3360/243/129 3363/244/129 3362/245/129 3359/246/129
f 3362/245/130 3364/247/130 3361/248/130 3359/246/130
f 3363/244/131 3368/249/131 3365/250/131 3362/245/131
f 3365/250/132 3367/251/132 3364/247/132 3362/245/132
f 3368/249/133 3369/252/133 3366/253/133 3365/250/133
f 3366/253/134 3374/254/134 3367/251/134 3365/250/134
f 3363/244/135 3372/255/135 3370/256/135 3368/249/135
f 3368/249/136 3370/256/136 3371/257/136 3369/252/136
f 3371/258/137 3370/259/137 3367/251/137 3374/254/137
f 3370/259/138 3372/260/138 3364/247/138 3367/251/138
f 3372/260/139 3373/261/139 3361/248/139 3364/247/139
f 3360/243/140 3373/262/140 3372/255/140 3363/244/140
f 3369/263/141 3371/264/141 3374/265/141 3366/266/141
f 3375/267/142 3377/268/142 3389/269/142 3376/270/142
f 3376/270/143 3379/271/143 3378/272/143 3375/267/143
f 3378/272/144 3380/273/144 3377/268/144 3375/267/144
f 3379/271/145 3384/274/145 3381/275/145 3378/272/145
f 3381/275/146 3383/276/146 3380/273/146 3378/272/146
f 3384/274/147 3385/277/147 3382/278/147 3381/275/147
f 3382/278/148 3390/279/148 3383/276/148 3381/275/148
f 3379/271/149 3388/280/149 3386/281/149 3384/274/149
f 3384/274/150 3386/281/150 3387/282/150 3385/277/150
f 3387/282/151 3386/281/151 3383/283/151 3390/279/151
f 3386/281/152 3388/280/152 3380/284/152 3383/283/152
f 3388/280/153 3389/269/153 3377/268/153 3380/284/153
f 3376/270/154 3389/269/154 3388/280/154 3379/271/154
f 3385/277/155 3387/282/155 3390/279/155 3382/278/155
f 3391/285/156 3393/286/156 3405/287/156 3392/288/156
f 3392/288/157 3395/289/157 3394/290/157 3391/285/157
f 3394/290/158 3396/291/158 3393/286/158 3391/285/158
f 3395/289/159 3400/292/159 3397/293/159 3394/290/159
f 3397/293/160 3399/294/160 3396/291/160 3394/290/160
f 3400/292/161 3401/295/161 3398/296/161 3397/293/161
f 3398/296/162 3406/297/162 3399/294/162 3397/293/162
f 3395/289/163 3404/298/163 3402/299/163 3400/292/163
f 3400/292/164 3402/299/164 3403/300/164 3401/295/164
f 3403/300/165 3402/299/165 3399/301/165 3406/297/165
f 3402/299/166 3404/298/166 3396/302/166 3399/301/166
f 3404/298/167 3405/287/167 3393/286/167 3396/302/167
f 3392/288/168 3405/287/168 3404/298/168 3395/289/168
f 3401/295/169 3403/300/169 3406/297/169 3398/296/169
f 3407/303/170 3409/304/170 3421/305/170 3408/306/170
f 3408/307/171 3411/308/171 3410/309/171 3407/310/171
f 3410/309/172 3412/311/172 3409/312/172 3407/310/172
f 3411/308/173 3416/313/173 3413/314/173 3410/309/173
f 3413/314/174 3415/315/174 3412/311/174 3410/309/174
f 3416/313/175 3417/316/175 3414/317/175 3413/314/175
f 3414/317/176 3422/318/176 3415/315/176 3413/314/176
f 3411/308/177 3420/319/177 3418/320/177 3416/313/177
f 3416/313/178 3418/320/178 3419/321/178 3417/316/178
f 3419/321/179 3418/320/179 3415/322/179 3422/323/179
f 3418/320/180 3420/319/180 3412/324/180 3415/322/180
f 3420/319/181 3421/325/181 3409/326/181 3412/324/181
f 3408/307/182 3421/325/182 3420/319/182 3411/308/182
f 3417/327/183 3419/328/183 3422/329/183 3414/330/183
f 3423/331/184 3425/332/184 3437/333/184 3424/334/184
f 3424/335/185 3427/336/185 3426/337/185 3423/338/185
f 3426/337/186 3428/339/186 3425/340/186 3423/338/186
f 3427/336/187 3432/341/187 3429/342/187 3426/337/187
f 3429/342/188 3431/343/188 3428/339/188 3426/337/188
f 3432/341/189 3433/344/189 3430/345/189 3429/342/189
f 3430/345/190 3438/346/190 3431/343/190 3429/342/190
f 3427/336/191 3436/347/191 3434/348/191 3432/341/191
f 3432/341/192 3434/348/192 3435/349/192 3433/344/192
f 3435/349/193 3434/348/193 3431/350/193 3438/351/193
f 3434/348/194 3436/347/194 3428/352/194 3431/350/194
f 3436/347/195 3437/353/195 3425/354/195 3428/352/195
f 3424/335/196 3437/353/196 3436/347/196 3427/336/196
f 3433/355/197 3435/356/197 3438/357/197 3430/358/197
f 3439/359/198 3441/360/198 3453/361/198 3440/362/198
f 3440/363/199 3443/364/199 3442/365/199 3439/366/199
f 3442/367/200 3444/368/200 3441/369/200 3439/370/200
f 3443/364/201 3448/371/201 3445/372/201 3442/365/201
f 3445/373/202 3447/374/202 3444/368/202 3442/367/202
f 3448/371/203 3449/375/203 3446/376/203 3445/372/203
f 3446/377/204 3454/378/204 3447/374/204 3445/373/204
f 3443/364/205 3452/379/205 3450/380/205 3448/371/205
f 3448/371/206 3450/380/206 3451/381/206 3449/375/206
f 3451/381/207 3450/380/207 3447/374/207 3454/378/207
f 3450/380/208 3452/379/208 3444/368/208 3447/374/208
f 3452/379/209 3453/382/209 3441/369/209 3444/368/209
f 3440/363/210 3453/382/210 3452/379/210 3443/364/210
f 3449/383/211 3451/384/211 3454/385/211 3446/386/211
f 3455/387/212 3457/388/212 3469/389/212 3456/390/212
f 3456/391/213 3459/392/213 3458/393/213 3455/394/213
f 3458/393/214 3460/395/214 3457/396/214 3455/394/214
f 3459/392/215 3464/397/215 3461/398/215 3458/393/215
f 3461/398/216 3463/399/216 3460/395/216 3458/393/216
f 3464/397/217 3465/400/217 3462/401/217 3461/398/217
f 3462/401/218 3470/402/218 3463/399/218 3461/398/218
f 3459/403/219 3468/404/219 3466/405/219 3464/406/219
f 3464/406/220 3466/405/220 3467/407/220 3465/408/220
f 3467/407/221 3466/405/221 3463/399/221 3470/402/221
f 3466/405/222 3468/404/222 3460/395/222 3463/399/222
f 3468/404/223 3469/409/223 3457/396/223 3460/395/223
f 3456/410/224 3469/409/224 3468/404/224 3459/403/224
f 3465/411/225 3467/412/225 3470/413/225 3462/414/225
f 3471/415/16 3473/416/16 3485/417/16 3472/418/16
f 3472/419/226 3475/420/226 3474/421/226 3471/422/226
f 3474/421/227 3476/423/227 3473/424/227 3471/422/227
f 3475/420/228 3480/425/228 3477/426/228 3474/421/228
f 3477/426/20 3479/427/20 3476/423/20 3474/421/20
f 3480/425/229 3481/428/229 3478/429/229 3477/426/229
f 3478/429/230 3486/430/230 3479/427/230 3477/426/230
f 3475/420/23 3484/431/23 3482/432/23 3480/425/23
f 3480/425/231 3482/432/231 3483/433/231 3481/428/231
f 3483/434/232 3482/435/232 3479/427/232 3486/430/232
f 3482/435/233 3484/436/233 3476/423/233 3479/427/233
f 3484/436/234 3485/437/234 3473/424/234 3476/423/234
f 3472/419/235 3485/438/235 3484/431/235 3475/420/235
f 3481/439/29 3483/440/29 3486/441/29 3478/442/29
f 3487/443/236 3489/444/236 3501/445/236 3488/446/236
f 3488/447/237 3491/448/237 3490/449/237 3487/450/237
f 3490/449/238 3492/451/238 3489/452/238 3487/450/238
f 3491/448/239 3496/453/239 3493/454/239 3490/449/239
f 3493/454/240 3495/455/240 3492/451/240 3490/449/240
f 3496/453/241 3497/456/241 3494/457/241 3493/454/241
f 3494/457/242 3502/458/242 3495/455/242 3493/454/242
f 3491/448/243 3500/459/243 3498/460/243 3496/453/243
f 3496/453/244 3498/460/244 3499/461/244 3497/456/244
f 3499/462/245 3498/463/245 3495/455/245 3502/458/245
f 3498/463/246 3500/464/246 3492/451/246 3495/455/246
f 3500/464/247 3501/465/247 3489/452/247 3492/451/247
f 3488/447/248 3501/466/248 3500/459/248 3491/448/248
f 3497/467/249 3499/468/249 3502/469/249 3494/470/249
f 3503/471/250 3505/472/250 3517/473/250 3504/474/250
f 3504/475/251 3507/476/251 3506/477/251 3503/478/251
f 3506/479/252 3508/480/252 3505/481/252 3503/482/252
f 3507/476/253 3512/483/253 3509/484/253 3506/477/253
f 3509/485/254 3511/486/254 3508/480/254 3506/479/254
f 3512/483/255 3513/487/255 3510/488/255 3509/484/255
f 3510/489/256 3518/490/256 3511/486/256 3509/485/256
f 3507/476/257 3516/491/257 3514/492/257 3512/483/257
f 3512/483/258 3514/492/258 3515/493/258 3513/487/258
f 3515/493/259 3514/492/259 3511/486/259 3518/490/259
f 3514/492/260 3516/491/260 3508/480/260 3511/486/260
f 3516/491/261 3517/494/261 3505/481/261 3508/480/261
f 3504/475/262 3517/494/262 3516/491/262 3507/476/262
f 3513/495/263 3515/496/263 3518/497/263 3510/498/263
f 3997/499/264 3998/500/264 3999/501/264
f 4000/502/265 4001/503/265 4002/504/265
f 4003/505/266 4004/506/266 4005/507/266
f 4006/508/267 4007/509/267 4008/510/267
f 4009/511/268 4010/512/268 4011/513/268
f 4012/514/269 4013/515/269 4014/516/269
f 4015/517/270 4016/518/270 4017/519/270
f 4018/520/271 4019/521/271 4020/522/271
f 4021/523/272 4022/524/272 4023/525/272
f 4024/526/273 4025/527/273 4026/528/273
f 4027/529/274 4028/530/274 4029/531/274
f 4030/532/275 4031/533/275 4032/534/275
f 4033/535/276 4034/536/276 4035/537/276
f 4036/538/277 4037/539/277 4038/540/277
f 4039/541/278 4040/542/278 4041/543/278
f 4042/544/279 4043/545/279 4044/546/279
f 4045/547/280 4046/548/280 4047/549/280
f 4048/550/281 4049/551/281 4050/552/281
f 4051/553/282 4052/554/282 4053/555/282
f 4054/556/283 4055/557/283 4056/558/283
f 4057/559/284 4058/560/284 4059/561/284
f 4060/562/281 4061/563/281 4062/564/281
f 4063/565/282 4064/566/282 4065/567/282
f 4066/568/283 4067/569/283 4068/570/283
f 4069/571/285 4070/572/285 4071/573/285
f 4072/574/286 4073/575/286 4074/576/286
f 4075/577/287 4076/578/287 4077/579/287
f 4078/580/288 4079/581/288 4080/582/288
f 4221/583/289 4222/584/289 4223/585/289
f 4224/586/286 4225/587/286 4226/588/286
f 4227/589/287 4228/590/287 4229/591/287
f 4230/592/288 4231/593/288 4232/594/288
s 1
f 5/595/290 116/596/291 1/597/292
f 235/598/293 229/599/294 47/600/295 233/601/296
f 142/602/297 28/603/298 25/604/299 139/605/300
f 5/595/290 120/606/301 116/596/291
f 118/607/302 141/608/303 121/609/304 237/610/305
f 75/611/306 101/612/307 100/613/308 73/614/309
f 2/615/310 23/616/311 56/617/312
f 19/618/313 20/619/314 21/620/315 22/621/316
f 24/622/317 15/623/318 29/624/319 10/625/320
f 49/626/321 51/627/322 32/628/323 14/629/324
f 4/630/325 10/625/320 112/631/326 113/632/327
f 244/633/328 127/634/329 12/635/330 243/636/331
f 141/608/303 118/607/302 3/637/332 27/638/333
f 28/603/298 29/624/319 15/623/318 25/604/299
f 112/639/334 17/640/335 18/641/336
f 226/642/337 227/643/338 18/641/336
f 245/644/339 233/601/296 47/600/295 243/636/331
f 15/645/318 24/646/317 19/647/313 22/648/316
f 2/649/310 49/650/321 46/651/340 23/652/311
f 234/653/341 114/654/342 18/641/336
f 46/651/340 49/650/321 14/655/324 11/656/343
f 26/657/344 25/658/299 21/659/315 20/660/314
f 228/661/345 18/641/336 114/654/342
f 1/597/292 23/652/311 5/595/290
f 25/658/299 15/662/318 22/663/316 21/659/315
f 119/664/346 140/665/347 26/666/344 4/630/325
f 4/630/325 113/632/327 227/667/348 119/664/346
f 242/668/349 246/669/350 238/670/351 162/671/352
f 135/672/353 134/673/354 133/674/355 136/675/356
f 48/676/357 241/677/358 30/678/359 50/679/360
f 228/680/361 114/681/362 12/635/330 127/634/329
f 234/682/363 231/683/364 12/635/330 114/681/362
f 124/684/365 131/685/366 16/686/367 9/687/368
f 8/688/369 16/686/367 27/638/333 6/689/370
f 9/687/368 16/686/367 8/688/369 1/690/292
f 116/596/291 9/691/368 1/597/292
f 17/692/371 112/631/326 10/625/320 29/624/319 14/655/324
f 28/603/298 11/656/343 14/655/324 29/624/319
f 46/651/340 11/656/343 126/693/372 160/694/373
f 50/679/360 30/678/359 35/695/374 52/696/375
f 17/697/371 14/698/324 32/699/323 34/700/376
f 51/627/322 53/701/377 37/702/378 32/628/323
f 53/701/377 38/703/379 44/704/380 55/705/381
f 39/706/382 37/707/378 43/708/383 45/709/384
f 33/710/385 31/711/386 36/712/387 38/703/379
f 42/713/388 43/714/383 37/702/378
f 34/700/376 32/699/323 37/707/378 39/706/382
f 51/627/322 33/710/385 38/703/379 53/701/377
f 52/696/375 35/695/374 40/715/389 54/716/390
f 38/703/379 36/712/387 41/717/391 44/704/380
f 113/718/392 18/641/336 227/643/338
f 36/719/387 52/696/375 54/716/390 41/720/391
f 31/721/386 50/679/360 52/696/375 36/719/387
f 7/722/393 48/676/357 50/679/360 31/721/386
f 16/686/367 131/685/366 141/608/303 27/638/333
f 24/646/317 26/657/344 20/660/314 19/647/313
f 97/723/394 98/724/395 40/725/389 42/726/396
f 95/727/397 92/728/398 42/729/396 40/730/389
f 169/731/399 205/732/400 204/733/401 158/734/402
f 99/735/403 96/736/404 55/737/405 54/738/390
f 91/739/406 88/740/407 54/741/390 55/742/405
f 98/724/395 99/735/403 54/738/390 40/725/389
f 94/743/408 95/727/397 40/730/389 45/744/384
f 93/745/409 94/743/408 45/744/384 43/746/383
f 56/617/312 23/616/311 1/747/292 57/748/410
f 1/749/292 8/750/369 57/751/410
f 2/615/310 56/617/312 58/752/411 80/753/412
f 56/617/312 57/748/410 59/754/413 58/752/411
f 83/755/414 61/756/415 60/757/416 82/758/417
f 58/752/411 59/754/413 62/759/418
f 80/753/412 58/752/411 62/759/418 82/760/417
f 8/761/369 2/615/310 60/762/416
f 62/763/418 59/764/413 63/765/419
f 8/766/369 60/757/416 61/756/415
f 61/756/415 83/755/414 85/767/420 66/768/421
f 59/764/413 65/769/422 67/770/423 63/765/419
f 8/750/369 64/771/424 84/772/425 81/773/426
f 173/774/427 179/775/428 198/776/429 195/777/430
f 85/767/420 67/770/423 73/778/309 87/779/431
f 84/772/425 64/771/424 68/780/432 86/781/433
f 68/780/432 70/782/434 86/781/433
f 65/783/422 69/784/435 71/785/436 67/786/423
f 64/787/424 66/788/421 70/789/434 68/790/432
f 67/770/423 71/791/436 75/792/306 73/778/309
f 70/793/434 66/768/421 72/794/437 74/795/438
f 75/796/306 71/797/436 70/798/434 74/799/438
f 74/799/438 78/800/439 77/801/440 75/796/306
f 69/802/435 86/781/433 71/803/436
f 65/804/422 84/772/425 86/781/433 69/802/435
f 66/768/421 85/767/420 87/779/431 72/794/437
f 61/756/415 66/768/421 64/805/424 8/766/369
f 63/765/419 67/770/423 85/767/420 83/755/414
f 2/615/310 80/753/412 82/760/417 60/762/416
f 63/765/419 83/755/414 82/758/417 62/763/418
f 57/751/410 8/750/369 81/773/426 59/806/413
f 88/807/407 91/808/406 90/809/441 89/810/442
f 98/811/395 97/812/394 96/813/404 99/814/403
f 89/815/442 90/816/441 44/817/380 41/818/391
f 86/781/433 70/782/434 71/803/436
f 73/778/309 76/819/443 87/779/431
f 79/820/444 72/794/437 87/779/431
f 76/819/443 79/820/444 87/779/431
f 73/614/309 100/613/308 102/821/445 76/822/443
f 78/823/439 110/824/446 111/825/447 79/826/444
f 79/827/444 107/828/448 106/829/449 78/830/439
f 100/831/308 101/832/307 103/833/450 102/834/445
f 76/822/443 102/821/445 103/835/450 77/836/440
f 77/837/440 105/838/451 104/839/452 76/840/443
f 77/801/440 103/841/450 101/842/307 75/796/306
f 104/843/452 105/844/451 106/845/449 107/846/448
f 187/847/453 214/848/454 215/849/455 189/850/456
f 72/851/437 109/852/457 108/853/458 74/854/438
f 78/800/439 106/855/449 105/856/451 77/801/440
f 108/857/458 109/858/457 111/859/447 110/860/446
f 76/840/443 104/839/452 107/828/448 79/827/444
f 78/800/439 74/799/438 108/861/458 110/862/446
f 79/826/444 111/825/447 109/852/457 72/851/437
f 49/626/321 2/863/310 33/710/385 51/627/322
f 33/710/385 2/863/310 7/864/393 31/711/386
f 8/688/369 6/689/370 7/865/393 2/866/310
f 4/630/325 26/666/344 24/622/317 10/625/320
f 92/867/398 95/868/397 94/869/408 93/870/409
f 35/695/374 39/706/382 45/709/384 40/715/389
f 13/871/459 17/697/371 34/700/376 30/678/359
f 30/678/359 34/700/376 39/706/382 35/695/374
f 120/606/301 115/872/460 116/596/291
f 240/873/461 238/670/351 161/874/462 230/875/463
f 228/661/345 239/876/464 18/641/336
f 25/604/299 26/666/344 140/665/347 139/605/300
f 157/877/465 207/878/466 206/879/467 156/880/468
f 117/881/469 170/882/470 137/883/471
f 130/884/472 136/885/356 133/886/355 138/887/473
f 138/888/473 125/889/474 143/890/475 130/891/472
f 165/892/476 163/893/477 129/894/478 146/895/479
f 226/896/480 125/889/474 119/664/346 227/667/348
f 142/602/297 126/693/372 11/656/343 28/603/298
f 120/606/301 160/694/373 137/897/471
f 163/898/477 160/694/373 126/693/372 129/899/478
f 142/602/297 139/605/300 130/891/472 143/890/475
f 140/900/347 134/901/354 135/902/353 139/903/300
f 115/872/460 120/606/301 137/897/471
f 139/903/300 135/902/353 136/885/356 130/884/472
f 230/875/463 161/874/462 47/600/295 229/599/294
f 162/904/352 164/905/481 144/906/482 242/907/349
f 239/908/483 228/680/361 127/634/329 236/909/484
f 123/910/485 121/609/304 141/608/303 131/685/366
f 124/684/365 115/911/460 123/910/485 131/685/366
f 116/596/291 115/872/460 124/912/365
f 226/896/480 132/913/486 129/899/478 143/890/475 125/889/474
f 129/899/478 126/693/372 142/602/297 143/890/475
f 164/905/481 166/914/487 149/915/488 144/906/482
f 132/916/486 148/917/489 146/918/479 129/919/478
f 167/920/490 165/892/476 146/895/479 151/921/491
f 167/920/490 169/922/399 158/923/402 152/924/492
f 153/925/493 159/926/494 157/927/465 151/928/491
f 147/929/495 152/924/492 150/930/496 145/931/497
f 169/922/399 167/920/490 151/921/491
f 148/917/489 153/925/493 151/928/491 146/918/479
f 165/892/476 167/920/490 152/924/492 147/929/495
f 166/914/487 168/932/498 154/933/499 149/915/488
f 152/924/492 158/923/402 155/934/500 150/930/496
f 150/935/496 155/936/500 168/932/498 166/914/487
f 145/937/497 150/935/496 166/914/487 164/905/481
f 122/938/501 145/937/497 164/905/481 162/904/352
f 138/939/473 133/940/355 134/901/354 140/900/347
f 154/941/499 212/942/502 211/943/503 156/944/468
f 156/944/468 206/945/467 209/946/504 154/941/499
f 209/946/504 208/947/505 159/948/494 154/941/499
f 169/949/399 210/950/506 213/951/507 168/952/498
f 159/948/494 208/947/505 207/878/466 157/877/465
f 168/952/498 202/953/508 205/954/400 169/949/399
f 168/952/498 213/951/507 212/942/502 154/941/499
f 156/955/468 211/956/503 210/957/506 169/958/399
f 41/959/391 54/741/390 88/740/407 89/960/442
f 170/882/470 171/961/509 115/962/460 137/883/471
f 115/963/460 171/964/509 123/965/485
f 117/881/469 194/966/510 172/967/511 170/882/470
f 170/882/470 172/967/511 173/968/427 171/961/509
f 197/969/512 196/970/513 174/971/514 175/972/515
f 172/967/511 176/973/516 173/968/427
f 194/966/510 196/974/513 176/973/516 172/967/511
f 123/975/485 174/976/514 117/881/469
f 176/977/516 177/978/517 173/979/427
f 123/980/485 175/972/515 174/971/514
f 175/972/515 180/981/518 199/982/519 197/969/512
f 177/978/517 181/983/520 179/984/428 173/979/427
f 198/776/429 178/985/521 123/965/485 195/777/430
f 199/982/519 201/986/522 187/987/453 181/983/520
f 198/776/429 200/988/523 182/989/524 178/985/521
f 182/989/524 200/988/523 184/990/525
f 179/991/428 181/992/520 185/993/526 183/994/527
f 178/995/521 182/996/524 184/997/525 180/998/518
f 181/983/520 187/987/453 189/999/456 185/1000/526
f 184/1001/525 188/1002/528 186/1003/529 180/981/518
f 158/1004/402 204/1005/401 203/1006/530 155/1007/500
f 189/1008/456 188/1009/528 184/1010/525 185/1011/526
f 188/1009/528 189/1008/456 191/1012/531 192/1013/532
f 183/1014/527 185/1015/526 200/988/523
f 179/775/428 183/1014/527 200/988/523 198/776/429
f 180/981/518 186/1003/529 201/986/522 199/982/519
f 123/980/485 178/1016/521 180/981/518 175/972/515
f 199/982/519 181/983/520 177/978/517 197/969/512
f 117/881/469 174/976/514 196/974/513 194/966/510
f 177/978/517 176/977/516 196/970/513 197/969/512
f 171/964/509 173/774/427 195/777/430 123/965/485
f 202/1017/508 203/1018/530 204/1019/401 205/1020/400
f 212/1021/502 213/1022/507 210/1023/506 211/1024/503
f 200/988/523 185/1015/526 184/990/525
f 187/987/453 201/986/522 190/1025/533
f 193/1026/534 201/986/522 186/1003/529
f 190/1025/533 201/986/522 193/1026/534
f 190/1027/533 216/1028/535 214/848/454 187/847/453
f 193/1029/534 225/1030/536 224/1031/537 192/1032/532
f 192/1033/532 220/1034/538 221/1035/539 193/1036/534
f 214/1037/454 216/1038/535 217/1039/540 215/1040/455
f 191/1041/531 217/1042/540 216/1028/535 190/1027/533
f 190/1043/533 218/1044/541 219/1045/542 191/1046/531
f 189/1008/456 215/1047/455 217/1048/540 191/1012/531
f 218/1049/541 221/1050/539 220/1051/538 219/1052/542
f 188/1053/528 222/1054/543 223/1055/544 186/1056/529
f 191/1012/531 219/1057/542 220/1058/538 192/1013/532
f 222/1059/543 224/1060/537 225/1061/536 223/1062/544
f 193/1036/534 221/1035/539 218/1044/541 190/1043/533
f 192/1013/532 224/1063/537 222/1064/543 188/1009/528
f 186/1056/529 223/1055/544 225/1030/536 193/1029/534
f 163/893/477 165/892/476 147/929/495 117/1065/469
f 147/929/495 145/931/497 122/1066/501 117/1065/469
f 123/910/485 117/1067/469 122/1068/501 121/609/304
f 138/888/473 140/665/347 119/664/346 125/889/474
f 206/1069/467 207/1070/466 208/1071/505 209/1072/504
f 149/915/488 154/933/499 159/926/494 153/925/493
f 128/1073/545 144/906/482 148/917/489 132/916/486
f 144/906/482 149/915/488 153/925/493 148/917/489
f 113/718/392 112/639/334 18/641/336
f 3/637/332 118/607/302 230/875/463 229/599/294
f 132/1074/546 226/642/337 18/641/336
f 6/689/370 27/638/333 3/637/332 232/1075/547
f 37/702/378 53/701/377 55/705/381
f 55/705/381 42/713/388 37/702/378
f 157/1076/465 156/1077/468 151/921/491
f 156/1077/468 169/922/399 151/921/491
f 59/806/413 81/773/426 84/772/425 65/804/422
f 46/651/340 5/595/290 23/652/311
f 117/1078/469 137/897/471 160/694/373 163/898/477
f 155/1079/500 203/1080/530 202/953/508 168/952/498
f 47/600/295 161/874/462 244/633/328 243/636/331
f 237/610/305 240/873/461 230/875/463 118/607/302
f 232/1075/547 3/637/332 229/599/294 235/598/293
f 6/689/370 232/1075/547 235/598/293 7/865/393
f 17/1081/371 13/1082/459 231/683/364 234/682/363
f 13/1082/459 241/1083/358 245/644/339 231/683/364
f 7/865/393 235/598/293 233/601/296 48/1084/357
f 18/641/336 17/640/335 234/653/341
f 121/609/304 122/1068/501 240/873/461 237/610/305
f 132/1085/486 239/908/483 236/909/484 128/1086/545
f 122/1068/501 162/671/352 238/670/351 240/873/461
f 244/633/328 246/669/350 236/909/484 127/634/329
f 18/641/336 239/876/464 132/1074/546
f 161/874/462 238/670/351 246/669/350 244/633/328
f 30/678/359 241/677/358 13/871/459
f 242/907/349 144/906/482 128/1073/545
f 46/651/340 160/694/373 120/606/301 5/595/290
f 231/683/364 245/644/339 243/636/331 12/635/330
f 241/1083/358 48/1084/357 233/601/296 245/644/339
f 236/909/484 246/669/350 242/668/349 128/1086/545
f 116/596/291 124/912/365 9/691/368
f 248/1087/548 258/1088/549 257/1089/550
f 258/1088/549 248/1087/548 259/1090/551
f 259/1090/551 248/1087/548 260/1091/552
f 260/1091/552 248/1087/548 261/1092/553
f 261/1092/553 248/1087/548 262/1093/554
f 248/1087/548 263/1094/555 262/1093/554
f 263/1094/555 248/1087/548 256/1095/556
f 273/1096/556 265/1097/548 274/1098/550
f 255/1099/557 263/1094/555 256/1095/556 247/1100/558
f 254/1101/559 262/1093/554 263/1094/555 255/1099/557
f 253/1102/560 261/1092/553 262/1093/554 254/1101/559
f 252/1103/561 260/1091/552 261/1092/553 253/1102/560
f 251/1104/562 259/1090/551 260/1091/552 252/1103/561
f 250/1105/563 258/1088/549 259/1090/551 251/1104/562
f 249/1106/564 257/1089/550 258/1088/549 250/1105/563
f 247/1100/558 256/1095/556 257/1089/550 249/1106/564
f 265/1097/548 275/1107/565 274/1098/550
f 275/1107/565 265/1097/548 276/1108/551
f 276/1108/551 265/1097/548 277/1109/552
f 277/1109/552 265/1097/548 278/1110/566
f 278/1110/566 265/1097/548 279/1111/554
f 265/1097/548 280/1112/567 279/1111/554
f 280/1112/567 265/1097/548 273/1096/556
f 272/1113/557 280/1112/567 273/1096/556 264/1114/558
f 271/1115/559 279/1111/554 280/1112/567 272/1113/557
f 270/1116/560 278/1110/566 279/1111/554 271/1115/559
f 269/1117/561 277/1109/552 278/1110/566 270/1116/560
f 268/1118/562 276/1108/551 277/1109/552 269/1117/561
f 267/1119/563 275/1107/565 276/1108/551 268/1118/562
f 266/1120/564 274/1098/550 275/1107/565 267/1119/563
f 264/1114/558 273/1096/556 274/1098/550 266/1120/564
f 256/1095/556 248/1087/548 257/1089/550
f 281/1121/568 282/1122/569 284/1123/570 283/1124/571
f 283/1124/571 284/1123/570 288/1125/572 287/1126/573
f 287/1127/573 288/1128/572 286/1129/574 285/1130/575
f 285/1130/575 286/1129/574 282/1122/569 281/1121/568
f 288/1131/572 284/1132/570 282/1133/569 286/1134/574
f 290/1135/576 292/1136/577 291/1137/578 289/1138/579
f 285/1130/575 281/1121/568 289/1139/579 291/1140/578
f 283/1124/571 287/1126/573 292/1141/577 290/1142/576
f 281/1121/568 283/1124/571 290/1142/576 289/1139/579
f 293/1143/580 294/1144/581 296/1145/581 295/1146/580
f 308/1147/582 306/1148/583 294/1144/584 293/1143/584
f 309/1149/585 311/1150/585 300/1151/585 299/1152/585
f 307/1153/586 296/1154/581 294/1155/581 306/1156/586
f 301/1157/587 309/1158/588 312/1159/588 303/1160/587
f 305/1161/589 301/1157/587 303/1160/587 308/1162/589
f 311/1163/590 302/1164/591 304/1165/591 310/1166/590
f 305/1167/592 307/1168/593 302/1169/585 301/1170/585
f 302/1169/585 311/1150/585 309/1149/585 301/1170/585
f 332/1171/594 323/1172/594 324/1173/594 330/1174/594
f 295/1146/595 296/1145/595 307/1168/593 305/1167/592
f 295/1175/580 305/1161/589 308/1162/589 293/1176/580
f 302/1164/591 307/1153/586 306/1156/586 304/1165/591
f 303/1177/594 304/1178/594 306/1148/583 308/1147/582
f 298/1179/594 310/1180/594 312/1181/594 297/1182/594
f 309/1158/588 299/1183/596 297/1184/596 312/1159/588
f 313/1185/597 315/1186/597 316/1187/598 314/1188/598
f 300/1189/599 311/1163/590 310/1166/590 298/1190/599
f 328/1191/600 313/1185/601 314/1188/601 326/1192/602
f 329/1193/585 319/1194/585 320/1195/585 331/1196/585
f 327/1197/603 326/1198/603 314/1199/598 316/1200/598
f 323/1201/604 332/1202/605 329/1203/605 321/1204/604
f 325/1205/606 328/1206/606 323/1201/604 321/1204/604
f 331/1207/607 330/1208/607 324/1209/608 322/1210/608
f 325/1211/609 321/1212/585 322/1213/585 327/1214/610
f 321/1212/585 329/1193/585 331/1196/585 322/1213/585
f 287/1127/573 285/1130/575 291/1140/578 292/1215/577
f 315/1186/611 325/1211/609 327/1214/610 316/1187/611
f 315/1216/597 313/1217/597 328/1206/606 325/1205/606
f 322/1210/608 324/1209/608 326/1198/603 327/1197/603
f 323/1172/594 328/1191/600 326/1192/602 324/1173/594
f 318/1218/594 317/1219/594 332/1171/594 330/1174/594
f 329/1203/605 332/1202/605 317/1220/612 319/1221/612
f 320/1222/613 318/1223/613 330/1208/607 331/1207/607
f 312/1181/594 310/1180/594 304/1178/594 303/1177/594
f 404/1224/614 403/1225/615 408/1226/616 409/1227/617
f 402/1228/618 407/1229/619 408/1226/616 403/1225/615
f 333/1230/620 412/1231/621 407/1229/619
f 475/1232/622 474/1233/623 399/1234/624 400/1235/625
f 399/1236/624 398/1237/626 403/1225/615 404/1224/614
f 400/1238/625 399/1236/624 404/1224/614 405/1239/627
f 401/1240/628 400/1238/625 405/1239/627 406/1241/629
f 333/1230/620 407/1229/619 402/1228/618
f 491/1242/630 480/1243/631 446/1244/632 451/1245/633
f 492/1246/634 494/1247/635 495/1248/636 493/1249/637
f 409/1227/617 408/1226/616 413/1250/638 414/1251/639
f 407/1229/619 412/1231/621 413/1250/638 408/1226/616
f 333/1230/620 422/1252/640 417/1253/641
f 405/1239/627 404/1224/614 409/1227/617 410/1254/642
f 405/1239/627 410/1254/642 411/1255/643 406/1241/629
f 410/1254/642 409/1227/617 414/1251/639 415/1256/644
f 414/1251/639 413/1250/638 418/1257/645 419/1258/646
f 411/1255/643 410/1254/642 415/1256/644 416/1259/647
f 333/1230/620 417/1253/641 412/1231/621
f 488/1260/648 489/1261/649 421/1262/650 426/1263/651
f 412/1231/621 417/1253/641 418/1257/645 413/1250/638
f 417/1253/641 422/1252/640 423/1264/652 418/1257/645
f 492/1246/634 493/1249/637 401/1240/628 406/1241/629
f 422/1252/640 427/1265/653 428/1266/654 423/1264/652
f 415/1256/644 414/1251/639 419/1258/646 420/1267/655
f 416/1259/647 415/1256/644 420/1267/655 421/1262/650
f 419/1258/646 418/1257/645 423/1264/652 424/1268/656
f 420/1267/655 419/1258/646 424/1268/656 425/1269/657
f 424/1268/656 423/1264/652 428/1266/654 429/1270/658
f 421/1262/650 420/1267/655 425/1269/657 426/1263/651
f 333/1230/620 427/1265/653 422/1252/640
f 490/1271/659 491/1242/630 451/1245/633 456/1272/660
f 430/1273/661 429/1270/658 434/1274/662 435/1275/663
f 483/1276/664 478/1277/665 466/1278/666 471/1279/667
f 427/1265/653 432/1280/668 433/1281/669 428/1266/654
f 428/1266/654 433/1281/669 434/1274/662 429/1270/658
f 425/1269/657 424/1268/656 429/1270/658 430/1273/661
f 426/1263/651 425/1269/657 430/1273/661 431/1282/670
f 333/1230/620 432/1280/668 427/1265/653
f 431/1282/670 430/1273/661 435/1275/663 436/1283/671
f 432/1280/668 437/1284/672 438/1285/673 433/1281/669
f 333/1230/620 437/1284/672 432/1280/668
f 486/1286/674 487/1287/675 411/1255/643 416/1259/647
f 441/1288/676 440/1289/677 445/1290/678 446/1244/632
f 434/1274/662 433/1281/669 438/1285/673 439/1291/679
f 439/1291/679 438/1285/673 443/1292/680 444/1293/681
f 437/1284/672 442/1294/682 443/1292/680 438/1285/673
f 435/1275/663 434/1274/662 439/1291/679 440/1289/677
f 436/1283/671 435/1275/663 440/1289/677 441/1288/676
f 333/1230/620 442/1294/682 437/1284/672
f 487/1287/675 492/1246/634 406/1241/629 411/1255/643
f 333/1230/620 447/1295/683 442/1294/682
f 442/1294/682 447/1295/683 448/1296/684 443/1292/680
f 482/1297/685 483/1276/664 471/1279/667 476/1298/686
f 451/1245/633 450/1299/687 455/1300/688 456/1272/660
f 444/1293/681 443/1292/680 448/1296/684 449/1301/689
f 439/1291/679 444/1293/681 445/1290/678 440/1289/677
f 449/1301/689 448/1296/684 453/1302/690 454/1303/691
f 447/1295/683 452/1304/692 453/1302/690 448/1296/684
f 445/1290/678 444/1293/681 449/1301/689 450/1299/687
f 446/1244/632 445/1290/678 450/1299/687 451/1245/633
f 333/1230/620 452/1304/692 447/1295/683
f 493/1305/637 482/1297/685 476/1298/686 401/1306/628
f 333/1230/620 457/1307/693 452/1304/692
f 454/1303/691 453/1302/690 458/1308/694 459/1309/695
f 481/1310/696 484/1311/697 436/1283/671 441/1288/676
f 452/1304/692 457/1307/693 458/1308/694 453/1302/690
f 333/1230/620 467/1312/698 462/1313/699
f 449/1301/689 454/1303/691 455/1300/688 450/1299/687
f 459/1309/695 458/1308/694 463/1314/700 464/1315/701
f 455/1300/688 454/1303/691 459/1309/695 460/1316/702
f 456/1272/660 455/1300/688 460/1316/702 461/1317/703
f 333/1230/620 462/1313/699 457/1307/693
f 431/1282/670 485/1318/704 488/1260/648 426/1263/651
f 457/1307/693 462/1313/699 463/1314/700 458/1308/694
f 480/1243/631 481/1310/696 441/1288/676 446/1244/632
f 464/1315/701 463/1314/700 468/1319/705 469/1320/706
f 462/1313/699 467/1312/698 468/1319/705 463/1314/700
f 333/1230/620 477/1321/707 472/1322/708
f 460/1316/702 459/1309/695 464/1315/701 465/1323/709
f 460/1316/702 465/1323/709 466/1278/666 461/1317/703
f 469/1320/706 468/1319/705 473/1324/710 474/1233/623
f 465/1323/709 464/1315/701 469/1320/706 470/1325/711
f 466/1278/666 465/1323/709 470/1325/711 471/1279/667
f 333/1230/620 472/1322/708 467/1312/698
f 421/1262/650 489/1261/649 486/1286/674 416/1259/647
f 467/1312/698 472/1322/708 473/1324/710 468/1319/705
f 484/1311/697 485/1318/704 431/1282/670 436/1283/671
f 474/1233/623 473/1324/710 398/1326/626 399/1234/624
f 472/1322/708 477/1321/707 398/1326/626 473/1324/710
f 478/1277/665 479/1327/712 461/1317/703 466/1278/666
f 470/1325/711 469/1320/706 474/1233/623 475/1232/622
f 470/1325/711 475/1232/622 476/1298/686 471/1279/667
f 476/1298/686 475/1232/622 400/1235/625 401/1306/628
f 479/1327/712 490/1271/659 456/1272/660 461/1317/703
f 495/1328/636 496/1329/713 482/1297/685 493/1305/637
f 485/1318/704 507/1330/714 505/1331/715 488/1260/648
f 484/1311/697 509/1332/716 507/1330/714 485/1318/704
f 487/1287/675 499/1333/717 494/1247/635 492/1246/634
f 486/1286/674 501/1334/718 499/1333/717 487/1287/675
f 498/1335/719 509/1332/716 484/1311/697 481/1310/696
f 480/1243/631 497/1336/720 498/1335/719 481/1310/696
f 482/1297/685 496/1329/713 508/1337/721 483/1276/664
f 382/1338/722 340/1339/723 339/1340/724 383/1341/725
f 490/1271/659 502/1342/726 500/1343/727 491/1242/630
f 504/1344/728 502/1342/726 490/1271/659 479/1327/712
f 478/1277/665 506/1345/729 504/1344/728 479/1327/712
f 508/1337/721 506/1345/729 478/1277/665 483/1276/664
f 489/1261/649 503/1346/730 501/1334/718 486/1286/674
f 488/1260/648 505/1331/715 503/1346/730 489/1261/649
f 500/1343/727 497/1336/720 480/1243/631 491/1242/630
f 509/1332/716 498/1335/719 388/1347/731 386/1348/732
f 497/1336/720 391/1349/733 388/1347/731 498/1335/719
f 494/1247/635 389/1350/734 390/1351/735 495/1248/636
f 495/1328/636 390/1352/735 387/1353/736 496/1329/713
f 494/1247/635 499/1333/717 392/1354/737 389/1350/734
f 497/1336/720 500/1343/727 393/1355/738 391/1349/733
f 499/1333/717 501/1334/718 394/1356/739 392/1354/737
f 500/1343/727 502/1342/726 395/1357/740 393/1355/738
f 503/1346/730 396/1358/741 394/1356/739 501/1334/718
f 502/1342/726 504/1344/728 397/1359/742 395/1357/740
f 503/1346/730 505/1331/715 383/1360/743 396/1358/741
f 507/1330/714 382/1361/744 383/1360/743 505/1331/715
f 385/1362/745 506/1345/729 508/1337/721 384/1363/746
f 507/1330/714 509/1332/716 386/1348/732 382/1361/744
f 508/1337/721 496/1329/713 387/1353/736 384/1363/746
f 341/1364/747 340/1339/723 382/1338/722 386/1365/748
f 348/1366/749 347/1367/750 385/1368/751 384/1369/752
f 349/1370/753 348/1366/749 384/1369/752 387/1371/754
f 342/1372/755 341/1364/747 386/1365/748 388/1373/756
f 334/1374/757 390/1375/758 389/1376/759 335/1377/760
f 334/1374/757 349/1370/753 387/1371/754 390/1375/758
f 343/1378/761 342/1372/755 388/1373/756 391/1379/762
f 336/1380/763 335/1377/760 389/1376/759 392/1381/764
f 344/1382/765 343/1378/761 391/1379/762 393/1383/766
f 337/1384/767 336/1380/763 392/1381/764 394/1385/768
f 345/1386/769 344/1382/765 393/1383/766 395/1387/770
f 337/1384/767 394/1385/768 396/1388/771 338/1389/772
f 346/1390/773 345/1386/769 395/1387/770 397/1391/774
f 339/1340/724 338/1389/772 396/1388/771 383/1341/725
f 347/1367/750 346/1390/773 397/1391/774 385/1368/751
f 366/1392/775 361/1393/776 360/1394/777 367/1395/778
f 362/1396/779 361/1393/776 366/1392/775 370/1397/780
f 353/1398/781 369/1399/782 368/1400/783 354/1401/784
f 355/1402/785 354/1401/784 368/1400/783 371/1403/786
f 363/1404/787 362/1396/779 370/1397/780 372/1405/788
f 355/1402/785 371/1403/786 373/1406/789 356/1407/790
f 364/1408/791 363/1404/787 372/1405/788 374/1409/792
f 357/1410/793 356/1407/790 373/1406/789 375/1411/794
f 365/1412/795 364/1408/791 374/1409/792 376/1413/796
f 358/1414/797 357/1410/793 375/1411/794 377/1415/798
f 350/1416/799 379/1417/800 378/1418/801 351/1419/802
f 350/1416/799 365/1412/795 376/1413/796 379/1417/800
f 359/1420/803 358/1414/797 377/1415/798 380/1421/804
f 352/1422/805 351/1419/802 378/1418/801 381/1423/806
f 360/1394/777 359/1420/803 380/1421/804 367/1395/778
f 353/1398/781 352/1422/805 381/1423/806 369/1399/782
f 369/1399/782 381/1423/806 336/1380/763 337/1384/767
f 381/1423/806 378/1418/801 335/1377/760 336/1380/763
f 367/1395/778 380/1421/804 343/1378/761 344/1382/765
f 380/1421/804 377/1415/798 342/1372/755 343/1378/761
f 379/1417/800 376/1413/796 349/1370/753 334/1374/757
f 378/1418/801 379/1417/800 334/1374/757 335/1377/760
f 377/1415/798 375/1411/794 341/1364/747 342/1372/755
f 376/1413/796 374/1409/792 348/1366/749 349/1370/753
f 375/1411/794 373/1406/789 340/1339/723 341/1364/747
f 374/1409/792 372/1405/788 347/1367/750 348/1366/749
f 373/1406/789 371/1403/786 339/1340/724 340/1339/723
f 372/1405/788 370/1397/780 346/1390/773 347/1367/750
f 371/1403/786 368/1400/783 338/1389/772 339/1340/724
f 370/1397/780 366/1392/775 345/1386/769 346/1390/773
f 368/1400/783 369/1399/782 337/1384/767 338/1389/772
f 366/1392/775 367/1395/778 344/1382/765 345/1386/769
f 398/1237/626 477/1424/707 402/1228/618 403/1225/615
f 333/1230/620 402/1228/618 477/1424/707
f 519/1425/807 518/1426/808 511/1427/809 512/1428/810
f 517/1429/811 523/1430/812 516/1431/813 510/1432/814
f 611/1433/815 602/1434/816 603/1435/817 612/1436/818
f 520/1437/819 519/1425/807 512/1428/810 513/1438/820
f 605/1439/821 614/1440/822 613/1441/823 604/1442/824
f 606/1443/825 615/1444/826 614/1440/822 605/1439/821
f 520/1437/819 513/1438/820 514/1445/827 521/1446/828
f 607/1447/829 616/1448/830 615/1444/826 606/1443/825
f 522/1449/831 521/1446/828 514/1445/827 515/1450/832
f 608/1451/833 617/1452/834 616/1448/830 607/1447/829
f 601/1453/835 610/1454/836 522/1449/831 515/1450/832
f 609/1455/837 618/1456/838 617/1452/834 608/1451/833
f 602/1434/816 611/1433/815 610/1454/836 601/1453/835
f 662/1457/839 619/1458/840 529/1459/841 552/1460/842
f 523/1430/812 618/1456/838 609/1455/837 516/1431/813
f 661/1461/843 627/1462/844 626/1463/845 663/1464/846
f 617/1452/834 663/1464/846 655/1465/847 616/1448/830
f 524/1466/848 555/1467/849 554/1468/850 525/1469/851
f 659/1470/852 621/1471/853 620/1472/854 660/1473/855
f 660/1473/855 662/1457/839 610/1454/836 611/1433/815
f 553/1474/856 530/1475/857 627/1462/844 661/1461/843
f 658/1476/858 622/1477/859 621/1471/853 659/1470/852
f 524/1478/848 530/1475/857 553/1474/856 555/1479/849
f 526/1480/860 525/1469/851 554/1468/850 556/1481/861
f 657/1482/862 623/1483/863 622/1477/859 658/1476/858
f 527/1484/864 526/1480/860 556/1481/861 557/1485/865
f 656/1486/866 624/1487/867 623/1483/863 657/1482/862
f 527/1484/864 557/1485/865 558/1488/868 528/1489/869
f 655/1465/847 625/1490/870 624/1487/867 656/1486/866
f 529/1459/841 528/1489/869 558/1488/868 552/1460/842
f 644/1491/871 633/1492/872 632/1493/873 645/1494/874
f 534/1495/875 539/1496/876 538/1497/877 535/1498/878
f 623/1483/863 645/1494/874 637/1499/879 622/1477/859
f 536/1500/880 535/1498/878 538/1497/877 540/1501/881
f 643/1502/882 644/1491/871 624/1487/867 625/1490/870
f 642/1503/883 635/1504/884 634/1505/885 643/1502/882
f 641/1506/886 628/1507/887 536/1500/880 540/1501/881
f 640/1508/888 636/1509/889 635/1504/884 642/1503/883
f 639/1510/890 629/1511/891 628/1507/887 641/1506/886
f 531/1512/892 543/1513/893 542/1514/894 532/1515/895
f 638/1516/896 630/1517/897 629/1511/891 639/1510/890
f 541/1518/898 537/1519/899 636/1509/889 640/1508/888
f 637/1499/879 631/1520/900 630/1517/897 638/1516/896
f 531/1521/892 537/1519/899 541/1518/898 543/1522/893
f 533/1523/901 532/1515/895 542/1514/894 544/1524/902
f 644/1491/871 645/1494/874 623/1483/863 624/1487/867
f 534/1495/875 533/1523/901 544/1524/902 539/1496/876
f 539/1496/876 544/1524/902 526/1480/860 527/1484/864
f 544/1524/902 542/1514/894 525/1469/851 526/1480/860
f 643/1502/882 634/1505/885 633/1492/872 644/1491/871
f 543/1522/893 541/1518/898 530/1475/857 524/1478/848
f 534/1495/875 548/1525/903 547/1526/904 533/1523/901
f 542/1514/894 543/1513/893 524/1466/848 525/1469/851
f 637/1499/879 638/1516/896 621/1471/853 622/1477/859
f 641/1506/886 540/1501/881 529/1459/841 619/1458/840
f 530/1475/857 541/1518/898 640/1508/888 627/1462/844
f 638/1516/896 639/1510/890 620/1472/854 621/1471/853
f 639/1510/890 641/1506/886 619/1458/840 620/1472/854
f 640/1508/888 642/1503/883 626/1463/845 627/1462/844
f 540/1501/881 538/1497/877 528/1489/869 529/1459/841
f 538/1497/877 539/1496/876 527/1484/864 528/1489/869
f 642/1503/883 643/1502/882 625/1490/870 626/1463/845
f 533/1523/901 547/1526/904 546/1527/905 532/1515/895
f 631/1520/900 637/1499/879 645/1494/874 632/1493/873
f 660/1473/855 620/1472/854 619/1458/840 662/1457/839
f 631/1520/900 649/1528/906 648/1529/907 630/1517/897
f 535/1498/878 549/1530/908 548/1525/903 534/1495/875
f 629/1511/891 647/1531/909 646/1532/910 628/1507/887
f 632/1493/873 650/1533/911 649/1528/906 631/1520/900
f 536/1500/880 550/1534/912 549/1530/908 535/1498/878
f 633/1492/872 651/1535/913 650/1533/911 632/1493/873
f 635/1504/884 653/1536/914 652/1537/915 634/1505/885
f 634/1505/885 652/1537/915 651/1535/913 633/1492/872
f 628/1507/887 646/1532/910 550/1534/912 536/1500/880
f 551/1538/916 654/1539/917 636/1509/889 537/1519/899
f 629/1511/891 630/1517/897 648/1529/907 647/1531/909
f 546/1527/905 545/1540/918 531/1512/892 532/1515/895
f 636/1509/889 654/1539/917 653/1536/914 635/1504/884
f 552/1460/842 558/1488/868 521/1446/828 522/1449/831
f 558/1488/868 557/1485/865 520/1437/819 521/1446/828
f 650/1541/911 668/1542/919 667/1543/920 649/1544/906
f 557/1485/865 556/1481/861 519/1425/807 520/1437/819
f 655/1465/847 656/1486/866 615/1444/826 616/1448/830
f 556/1481/861 554/1468/850 518/1426/808 519/1425/807
f 656/1486/866 657/1482/862 614/1440/822 615/1444/826
f 555/1479/849 553/1474/856 523/1430/812 517/1429/811
f 657/1482/862 658/1476/858 613/1441/823 614/1440/822
f 554/1468/850 555/1467/849 517/1545/811 518/1426/808
f 658/1476/858 659/1470/852 612/1436/818 613/1441/823
f 662/1457/839 552/1460/842 522/1449/831 610/1454/836
f 523/1430/812 553/1474/856 661/1461/843 618/1456/838
f 659/1470/852 660/1473/855 611/1433/815 612/1436/818
f 625/1490/870 655/1465/847 663/1464/846 626/1463/845
f 661/1461/843 663/1464/846 617/1452/834 618/1456/838
f 720/1546/921 721/1547/922 606/1443/825 605/1439/821
f 652/1548/915 670/1549/923 669/1550/924 651/1551/913
f 653/1552/914 671/1553/925 670/1549/923 652/1548/915
f 646/1554/910 664/1555/926 564/1556/927 550/1557/912
f 551/1558/916 565/1559/928 672/1560/929 654/1561/917
f 647/1562/909 665/1563/930 664/1555/926 646/1554/910
f 559/1564/931 565/1559/928 551/1558/916 545/1565/918
f 546/1566/905 560/1567/932 559/1564/931 545/1565/918
f 547/1568/904 561/1569/933 560/1567/932 546/1566/905
f 654/1561/917 672/1560/929 671/1553/925 653/1552/914
f 548/1570/903 562/1571/934 561/1569/933 547/1568/904
f 648/1572/907 666/1573/935 665/1563/930 647/1562/909
f 649/1544/906 667/1543/920 666/1573/935 648/1572/907
f 563/1574/936 562/1571/934 548/1570/903 549/1575/908
f 650/1541/911 651/1551/913 669/1550/924 668/1542/919
f 733/1576/937 725/1577/938 676/1578/939 675/1579/940
f 562/1571/934 683/1580/941 682/1581/942 561/1569/933
f 667/1543/920 668/1542/919 726/1582/943 725/1577/938
f 725/1577/938 726/1582/943 677/1583/944 676/1578/939
f 668/1542/919 669/1550/924 727/1584/945 726/1582/943
f 666/1573/935 667/1543/920 725/1577/938 733/1576/937
f 682/1581/942 683/1580/941 569/1585/946 568/1586/947
f 562/1571/934 563/1574/936 684/1587/948 683/1580/941
f 726/1582/943 727/1584/945 678/1588/949 677/1583/944
f 669/1550/924 670/1549/923 728/1589/950 727/1584/945
f 683/1580/941 684/1587/948 570/1590/951 569/1585/946
f 564/1556/927 685/1591/952 684/1587/948 563/1574/936
f 727/1584/945 728/1589/950 679/1592/953 678/1588/949
f 670/1549/923 671/1553/925 729/1593/954 728/1589/950
f 684/1587/948 685/1591/952 571/1594/955 570/1590/951
f 564/1556/927 664/1555/926 730/1595/956 685/1591/952
f 728/1589/950 729/1593/954 680/1596/957 679/1592/953
f 685/1591/952 730/1595/956 673/1597/958 571/1594/955
f 671/1553/925 672/1560/929 731/1598/959 729/1593/954
f 559/1564/931 560/1567/932 688/1599/960 687/1600/961
f 729/1593/954 731/1598/959 681/1601/962 680/1596/957
f 664/1555/926 665/1563/930 732/1602/963 730/1595/956
f 730/1595/956 732/1602/963 674/1603/964 673/1597/958
f 665/1563/930 666/1573/935 733/1576/937 732/1602/963
f 672/1560/929 565/1559/928 686/1604/965 731/1598/959
f 731/1598/959 686/1604/965 572/1605/966 681/1601/962
f 732/1602/963 733/1576/937 675/1579/940 674/1603/964
f 680/1606/957 696/1607/967 695/1608/968 679/1609/953
f 687/1600/961 688/1599/960 567/1610/969 566/1611/970
f 559/1564/931 687/1600/961 686/1604/965 565/1559/928
f 686/1604/965 687/1600/961 566/1611/970 572/1605/966
f 561/1569/933 682/1581/942 688/1599/960 560/1567/932
f 688/1599/960 682/1581/942 568/1586/947 567/1610/969
f 573/1612/971 579/1613/972 572/1614/966 566/1615/970
f 673/1616/958 689/1617/973 578/1618/974 571/1619/955
f 567/1620/969 574/1621/975 573/1612/971 566/1615/970
f 568/1622/947 575/1623/976 574/1621/975 567/1620/969
f 569/1624/946 576/1625/977 575/1623/976 568/1622/947
f 675/1626/940 691/1627/978 690/1628/979 674/1629/964
f 676/1630/939 692/1631/980 691/1627/978 675/1626/940
f 570/1632/951 577/1633/981 576/1625/977 569/1624/946
f 677/1634/944 693/1635/982 692/1631/980 676/1630/939
f 571/1619/955 578/1618/974 577/1633/981 570/1632/951
f 678/1636/949 694/1637/983 693/1635/982 677/1634/944
f 680/1606/957 681/1638/962 697/1639/984 696/1607/967
f 679/1609/953 695/1608/968 694/1637/983 678/1636/949
f 673/1616/958 674/1629/964 690/1628/979 689/1617/973
f 694/1640/983 703/1641/985 702/1642/986 693/1643/982
f 696/1644/967 705/1645/987 704/1646/988 695/1647/968
f 579/1648/972 586/1649/989 706/1650/990 697/1651/984
f 689/1652/973 698/1653/991 585/1654/992 578/1655/974
f 690/1656/979 699/1657/993 698/1653/991 689/1652/973
f 580/1658/994 586/1649/989 579/1648/972 573/1659/971
f 574/1660/975 581/1661/995 580/1658/994 573/1659/971
f 575/1662/976 582/1663/996 581/1661/995 574/1660/975
f 697/1651/984 706/1650/990 705/1645/987 696/1644/967
f 576/1664/977 583/1665/997 582/1663/996 575/1662/976
f 691/1666/978 700/1667/998 699/1657/993 690/1656/979
f 692/1668/980 701/1669/999 700/1667/998 691/1666/978
f 584/1670/1000 583/1665/997 576/1664/977 577/1671/981
f 693/1643/982 702/1642/986 701/1669/999 692/1668/980
f 694/1640/983 695/1647/968 704/1646/988 703/1641/985
f 700/1667/998 709/1672/1001 708/1673/1002 699/1657/993
f 702/1642/986 711/1674/1003 710/1675/1004 701/1669/999
f 584/1670/1000 591/1676/1005 590/1677/1006 583/1665/997
f 585/1654/992 592/1678/1007 591/1676/1005 584/1670/1000
f 703/1641/985 712/1679/1008 711/1674/1003 702/1642/986
f 705/1645/987 714/1680/1009 713/1681/1010 704/1646/988
f 704/1646/988 713/1681/1010 712/1679/1008 703/1641/985
f 698/1653/991 707/1682/1011 592/1678/1007 585/1654/992
f 586/1649/989 593/1683/1012 715/1684/1013 706/1650/990
f 699/1657/993 708/1673/1002 707/1682/1011 698/1653/991
f 587/1685/1014 593/1683/1012 586/1649/989 580/1658/994
f 581/1661/995 588/1686/1015 587/1685/1014 580/1658/994
f 589/1687/1016 588/1686/1015 581/1661/995 582/1663/996
f 706/1650/990 715/1684/1013 714/1680/1009 705/1645/987
f 719/1688/1017 720/1546/921 605/1439/821 604/1442/824
f 700/1667/998 701/1669/999 710/1675/1004 709/1672/1001
f 578/1655/974 585/1654/992 584/1670/1000 577/1671/981
f 597/1689/1018 513/1438/820 512/1428/810 596/1690/1019
f 597/1689/1018 598/1691/1020 514/1445/827 513/1438/820
f 603/1435/817 718/1692/1021 719/1688/1017 604/1442/824
f 599/1693/1022 515/1450/832 514/1445/827 598/1691/1020
f 721/1547/922 722/1694/1023 607/1447/829 606/1443/825
f 599/1693/1022 716/1695/1024 601/1453/835 515/1450/832
f 722/1694/1023 723/1696/1025 608/1451/833 607/1447/829
f 594/1697/1026 595/1698/1027 511/1427/809 510/1699/814
f 723/1696/1025 724/1700/1028 609/1455/837 608/1451/833
f 716/1695/1024 717/1701/1029 602/1434/816 601/1453/835
f 717/1701/1029 718/1692/1021 603/1435/817 602/1434/816
f 609/1455/837 724/1700/1028 600/1702/1030 516/1431/813
f 594/1703/1026 510/1432/814 516/1431/813 600/1702/1030
f 511/1427/809 518/1426/808 517/1545/811 510/1699/814
f 596/1690/1019 512/1428/810 511/1427/809 595/1698/1027
f 604/1442/824 613/1441/823 612/1436/818 603/1435/817
f 572/1614/966 579/1613/972 697/1639/984 681/1638/962
f 583/1665/997 590/1677/1006 589/1687/1016 582/1663/996
f 531/1521/892 545/1704/918 551/1538/916 537/1519/899
f 550/1557/912 564/1556/927 563/1574/936 549/1575/908
f 797/1705/1031 837/1706/1032 836/1707/1033 798/1708/1034
f 739/1709/1035 797/1705/1031 832/1710/1036 795/1711/1037
f 736/1712/1038 735/1713/1039 786/1714/1040 788/1715/1041
f 734/1716/1042 784/1717/1043 836/1707/1033 786/1714/1040 735/1713/1039
f 827/1718/1044 828/1719/1045 789/1720/1046 790/1721/1047
f 739/1709/1035 787/1722/1048 785/1723/1049
f 737/1724/1050 800/1725/1051 826/1726/1052 791/1727/1053
f 834/1728/1054 811/1729/1055 805/1730/1056 826/1726/1052
f 802/1731/1057 815/1732/1058 835/1733/1059 833/1734/1060
f 791/1727/1053 826/1726/1052 805/1730/1056 736/1712/1038
f 787/1722/1048 828/1719/1045 827/1718/1044 788/1715/1041
f 790/1721/1047 737/1724/1050 791/1727/1053 827/1718/1044
f 827/1718/1044 791/1727/1053 736/1712/1038 788/1715/1041
f 792/1735/1061 793/1736/1062 830/1737/1063 829/1738/1064
f 739/1709/1035 789/1720/1046 828/1719/1045 787/1722/1048
f 813/1739/1065 834/1728/1054 826/1726/1052 800/1725/1051
f 806/1740/1066 804/1741/1067 740/1742/1068 741/1743/1069
f 739/1709/1035 792/1735/1061 829/1738/1064 789/1720/1046
f 829/1738/1064 830/1737/1063 790/1721/1047 789/1720/1046
f 796/1744/1070 793/1736/1062 792/1735/1061 795/1711/1037
f 793/1736/1062 738/1745/1071 794/1746/1072 830/1737/1063
f 830/1737/1063 794/1746/1072 737/1724/1050 790/1721/1047
f 831/1747/1073 832/1710/1036 797/1705/1031 798/1708/1034
f 805/1730/1056 803/1748/1074 735/1713/1039 736/1712/1038
f 739/1709/1035 795/1711/1037 792/1735/1061
f 740/1742/1068 738/1745/1071 793/1736/1062 796/1744/1070
f 786/1714/1040 836/1707/1033 837/1706/1032 785/1723/1049
f 811/1729/1055 816/1749/1075 803/1748/1074 805/1730/1056
f 799/1750/1076 741/1743/1069 740/1742/1068 796/1744/1070 831/1747/1073
f 806/1740/1066 812/1751/1077 817/1752/1078 804/1741/1067
f 803/1748/1074 801/1753/1079 734/1716/1042 735/1713/1039
f 795/1711/1037 832/1710/1036 831/1747/1073 796/1744/1070
f 743/1754/1080 816/1749/1081 811/1729/1082 744/1755/1083
f 804/1741/1067 802/1731/1057 738/1745/1071 740/1742/1068
f 738/1745/1071 802/1731/1057 833/1734/1060 794/1746/1072
f 833/1734/1060 835/1733/1059 813/1739/1065 800/1725/1051
f 804/1741/1067 817/1752/1078 815/1732/1058 802/1731/1057
f 794/1746/1072 833/1734/1060 800/1725/1051 737/1724/1050
f 817/1752/1084 812/1751/1085 748/1756/1085 747/1757/1086
f 745/1758/1087 807/1759/1088 834/1728/1089 813/1739/1087
f 807/1759/1088 744/1755/1083 811/1729/1082 834/1728/1089
f 835/1733/1090 815/1732/1091 746/1760/1092 808/1761/1093
f 813/1739/1087 835/1733/1090 808/1761/1093 745/1758/1087
f 814/1762/1094 816/1749/1081 743/1754/1080 742/1763/1094
f 754/1764/1095 753/1765/1096 746/1766/1097 747/1767/1098
f 750/1768/1099 743/1769/1100 744/1770/1101 751/1771/1102
f 755/1772/1103 754/1764/1095 747/1767/1098 748/1773/1104
f 746/1766/1097 753/1765/1096 810/1774/1105 808/1775/1106
f 745/1776/1107 752/1777/1108 809/1778/1109 807/1779/1110
f 808/1775/1106 810/1774/1105 752/1777/1108 745/1776/1107
f 749/1780/1111 742/1781/1112 743/1769/1100 750/1768/1099
f 807/1779/1110 809/1778/1109 751/1771/1102 744/1770/1101
f 752/1782/1108 759/1783/1113 818/1784/1114 809/1785/1109
f 754/1786/1095 761/1787/1115 760/1788/1116 753/1789/1096
f 762/1790/1117 761/1787/1115 754/1786/1095 755/1791/1103
f 750/1792/1099 757/1793/1118 756/1794/1119 749/1795/1111
f 809/1785/1109 818/1784/1114 758/1796/1120 751/1797/1102
f 760/1788/1116 819/1798/1121 810/1799/1105 753/1789/1096
f 758/1796/1120 757/1793/1118 750/1792/1099 751/1797/1102
f 810/1799/1105 819/1798/1121 759/1783/1113 752/1782/1108
f 761/1787/1115 768/1800/1122 767/1801/1123 760/1788/1116
f 759/1783/1113 766/1802/1124 820/1803/1125 818/1784/1114
f 763/1804/1126 756/1794/1119 757/1793/1118 764/1805/1127
f 769/1806/1128 768/1800/1122 761/1787/1115 762/1790/1117
f 818/1784/1114 820/1803/1125 765/1807/1129 758/1796/1120
f 764/1805/1127 757/1793/1118 758/1796/1120 765/1807/1129
f 767/1801/1123 821/1808/1130 819/1798/1121 760/1788/1116
f 775/1809/1131 774/1810/1132 767/1801/1123 768/1800/1122
f 819/1798/1121 821/1808/1130 766/1802/1124 759/1783/1113
f 770/1811/1133 763/1804/1126 764/1805/1127 771/1812/1134
f 766/1802/1124 773/1813/1135 822/1814/1136 820/1803/1125
f 776/1815/1137 775/1809/1131 768/1800/1122 769/1806/1128
f 820/1803/1125 822/1814/1136 772/1816/1138 765/1807/1129
f 771/1812/1134 764/1805/1127 765/1807/1129 772/1816/1138
f 774/1810/1132 823/1817/1139 821/1808/1130 767/1801/1123
f 783/1818/1140 782/1819/1141 775/1809/1131 776/1815/1137
f 821/1808/1130 823/1817/1139 773/1813/1135 766/1802/1124
f 778/1820/1142 771/1812/1134 772/1816/1138 779/1821/1143
f 774/1810/1132 781/1822/1144 825/1823/1145 823/1817/1139
f 782/1819/1141 781/1822/1144 774/1810/1132 775/1809/1131
f 823/1817/1139 825/1823/1145 780/1824/1146 773/1813/1135
f 777/1825/1147 770/1811/1133 771/1812/1134 778/1820/1142
f 780/1824/1146 824/1826/1148 822/1814/1136 773/1813/1135
f 822/1814/1136 824/1826/1148 779/1821/1143 772/1816/1138
f 815/1732/1091 817/1752/1084 747/1757/1086 746/1760/1092
f 803/1748/1074 816/1749/1075 814/1762/1149 801/1753/1079
f 785/1723/1049 837/1706/1032 797/1705/1031 739/1709/1035
f 788/1715/1041 786/1714/1040 785/1723/1049 787/1722/1048
f 848/1827/1150 888/1828/1151 964/1829/1152 886/1830/1153
f 841/1831/1154 889/1832/1155 964/1829/1152 888/1828/1151
f 839/1833/1156 886/1830/1153 964/1829/1152 889/1832/1155
f 889/1832/1155 890/1834/1157 840/1835/1158 839/1833/1156
f 843/1836/1159 844/1837/1160 893/1838/1161 892/1839/1162
f 892/1839/1162 893/1838/1161 842/1840/1163 841/1831/1154
f 895/1841/1164 896/1842/1165 844/1837/1160 843/1836/1159
f 848/1827/1150 891/1843/1166 965/1844/1167 888/1828/1151
f 843/1836/1159 892/1839/1162 965/1844/1167 891/1843/1166
f 841/1831/1154 888/1828/1151 965/1844/1167 892/1839/1162
f 849/1845/1168 850/1846/1169 901/1847/1170 900/1848/1171
f 848/1827/1150 894/1849/1172 966/1850/1173 891/1843/1166
f 845/1851/1174 895/1841/1164 966/1850/1173 894/1849/1172
f 843/1836/1159 891/1843/1166 966/1850/1173 895/1841/1164
f 904/1852/1175 913/1853/1176 858/1854/1177 850/1846/1169
f 844/1837/1160 857/1855/1178 911/1856/1179 893/1838/1161
f 848/1827/1150 897/1857/1180 967/1858/1181 894/1849/1172
f 846/1859/1182 898/1860/1183 967/1858/1181 897/1857/1180
f 845/1851/1174 894/1849/1172 967/1858/1181 898/1860/1183
f 893/1838/1161 911/1856/1179 856/1861/1184 842/1840/1163
f 842/1840/1163 856/1861/1184 910/1862/1185 890/1834/1157
f 848/1827/1150 899/1863/1186 968/1864/1187 897/1857/1180
f 849/1845/1168 900/1848/1171 968/1864/1187 899/1863/1186
f 846/1859/1182 897/1857/1180 968/1864/1187 900/1848/1171
f 900/1848/1171 901/1847/1170 847/1865/1188 846/1859/1182
f 851/1866/1189 852/1867/1190 904/1852/1175 903/1868/1191
f 848/1827/1150 902/1869/1192 969/1870/1193 899/1863/1186
f 851/1866/1189 903/1868/1191 969/1870/1193 902/1869/1192
f 849/1845/1168 899/1863/1186 969/1870/1193 903/1868/1191
f 903/1868/1191 904/1852/1175 850/1846/1169 849/1845/1168
f 851/1866/1189 905/1871/1194 908/1872/1195 852/1867/1190
f 890/1834/1157 910/1862/1185 855/1873/1196 840/1835/1158
f 850/1846/1169 858/1854/1177 912/1874/1197 901/1847/1170
f 839/1833/1156 840/1835/1158 887/1875/1198 907/1876/1199
f 908/1872/1195 905/1871/1194 853/1877/1200 838/1878/1201
f 840/1835/1158 855/1873/1196 909/1879/1202 887/1875/1198
f 848/1827/1150 906/1880/1203 970/1881/1204 902/1869/1192
f 853/1877/1200 905/1871/1194 970/1881/1204 906/1880/1203
f 851/1866/1189 902/1869/1192 970/1881/1204 905/1871/1194
f 887/1875/1198 909/1879/1202 854/1882/1205 838/1878/1201
f 854/1882/1205 914/1883/1206 908/1872/1195 838/1878/1201
f 908/1872/1195 914/1883/1206 859/1884/1207 852/1867/1190
f 862/1885/1208 871/1886/1209 932/1887/1210 916/1888/1211
f 917/1889/1212 971/1890/1213 959/1891/1214 863/1892/1215
f 971/1890/1213 962/1893/1216 856/1894/1184 911/1895/1179
f 959/1891/1214 971/1890/1213 911/1895/1179 857/1896/1178
f 960/1897/1217 992/1898/1218 920/1899/1219 865/1900/1220
f 971/1890/1213 917/1889/1212 862/1901/1221 962/1893/1216
f 934/1902/1222 991/1903/1223 915/1904/1224 860/1905/1225
f 865/1900/1220 919/1906/1226 993/1907/1227 960/1897/1217
f 961/1908/1228 990/1909/1229 916/1910/1230 861/1911/1231
f 992/1898/1218 934/1902/1222 860/1905/1225 920/1899/1219
f 990/1909/1229 962/1893/1216 862/1901/1221 916/1910/1230
f 991/1903/1223 961/1908/1228 861/1911/1231 915/1904/1224
f 872/1912/1232 926/1913/1233 972/1914/1234 933/1915/1235
f 863/1916/1236 873/1917/1237 931/1918/1238 917/1919/1239
f 916/1888/1211 932/1887/1210 876/1920/1240 861/1921/1241
f 874/1922/1242 870/1923/1243 924/1924/1244 930/1925/1245
f 917/1919/1239 931/1918/1238 871/1886/1209 862/1885/1208
f 930/1925/1245 924/1924/1244 869/1926/1246 926/1913/1233 872/1912/1232
f 866/1927/1247 925/1928/1248 929/1929/1249 875/1930/1250
f 929/1929/1249 925/1928/1248 870/1923/1243 874/1922/1242
f 876/1920/1240 867/1931/1251 921/1932/1252 928/1933/1253
f 928/1933/1253 921/1932/1252 866/1927/1247 875/1930/1250
f 864/1934/1254 872/1912/1232 933/1915/1235 918/1935/1255
f 931/1918/1238 973/1936/1256 923/1937/1257 868/1938/1258 871/1886/1209
f 873/1917/1237 927/1939/1259 973/1936/1256 931/1918/1238
f 861/1921/1241 876/1920/1240 928/1933/1253 915/1940/1260
f 875/1930/1250 929/1929/1249 920/1941/1261 860/1942/1262
f 915/1940/1260 928/1933/1253 875/1930/1250 860/1942/1262
f 865/1943/1263 874/1922/1242 930/1925/1245 919/1944/1264
f 920/1941/1261 929/1929/1249 874/1922/1242 865/1943/1263
f 871/1886/1209 868/1938/1258 922/1945/1265 932/1887/1210
f 919/1944/1264 930/1925/1245 872/1912/1232 864/1934/1254
f 932/1887/1210 922/1945/1265 867/1931/1251 876/1920/1240
f 907/1876/1199 887/1875/1198 838/1878/1201 853/1877/1200
f 852/1867/1190 859/1884/1207 913/1853/1176 904/1852/1175
f 853/1877/1200 906/1880/1203 974/1946/1266 907/1876/1199
f 848/1827/1150 886/1830/1153 974/1946/1266 906/1880/1203
f 839/1833/1156 907/1876/1199 974/1946/1266 886/1830/1153
f 870/1947/1243 925/1948/1248 975/1949/1267 935/1950/1268
f 925/1948/1248 866/1951/1247 936/1952/1269 975/1949/1267
f 975/1949/1267 984/1953/1270 948/1954/1271 935/1950/1268
f 878/1955/1272 883/1956/1273 950/1957/1274 940/1958/1275
f 867/1959/1251 922/1960/1265 976/1961/1276 938/1962/1277
f 922/1960/1265 868/1963/1258 939/1964/1278 976/1961/1276
f 978/1965/1279 982/1966/1280 947/1967/1281 939/1964/1278
f 939/1964/1278 947/1967/1281 980/1968/1282 976/1961/1276
f 869/1969/1246 924/1970/1244 977/1971/1283 937/1972/1284
f 924/1970/1244 870/1947/1243 935/1950/1268 977/1971/1283
f 977/1971/1283 981/1973/1285 945/1974/1286 937/1972/1284
f 936/1952/1269 949/1975/1287 984/1953/1270 975/1949/1267
f 868/1963/1258 923/1976/1257 978/1965/1279 939/1964/1278
f 935/1950/1268 948/1954/1271 981/1973/1285 977/1971/1283
f 866/1951/1247 921/1977/1252 979/1978/1288 936/1952/1269
f 921/1977/1252 867/1959/1251 938/1962/1277 979/1978/1288
f 979/1978/1288 983/1979/1289 949/1975/1287 936/1952/1269
f 976/1961/1276 980/1968/1282 946/1980/1290 938/1962/1277
f 980/1968/1282 947/1967/1281 879/1981/1291 941/1982/1292
f 946/1980/1290 980/1968/1282 941/1982/1292 878/1955/1272
f 981/1973/1285 948/1954/1271 881/1983/1293 943/1984/1294
f 945/1974/1286 981/1973/1285 943/1984/1294 880/1985/1295
f 947/1967/1281 982/1966/1280 942/1986/1296 879/1981/1291
f 983/1979/1289 946/1980/1290 878/1955/1272 940/1958/1275
f 949/1975/1287 983/1979/1289 940/1958/1275 877/1987/1297
f 984/1953/1270 949/1975/1287 877/1987/1297 944/1988/1298
f 948/1954/1271 984/1953/1270 944/1988/1298 881/1983/1293
f 882/1989/1299 954/1990/1300 944/1988/1298 877/1987/1297
f 940/1958/1275 950/1957/1274 882/1989/1299 877/1987/1297
f 879/1981/1291 884/1991/1301 951/1992/1302 941/1982/1292
f 944/1988/1298 954/1990/1300 885/1993/1303 881/1983/1293
f 885/1993/1303 953/1994/1304 985/1995/1305 943/1984/1294 881/1983/1293
f 941/1982/1292 951/1992/1302 883/1956/1273 878/1955/1272
f 880/1985/1295 943/1984/1294 985/1995/1305 955/1996/1306
f 942/1986/1296 952/1997/1307 884/1991/1301 879/1981/1291
f 884/1991/1301 952/1997/1307 986/1998/1308 956/1999/1309
f 882/1989/1299 950/1957/1274 987/2000/1310 957/2001/1311
f 950/1957/1274 883/1956/1273 958/2002/1312 987/2000/1310
f 883/1956/1273 951/1992/1302 988/2003/1313 958/2002/1312
f 951/1992/1302 884/1991/1301 956/1999/1309 988/2003/1313
f 912/2004/1197 858/2005/1177 963/2006/1314 989/2007/1315
f 855/2008/1196 910/2009/1185 990/1909/1229 961/1908/1228
f 910/2009/1185 856/1894/1184 962/1893/1216 990/1909/1229
f 854/2010/1205 909/2011/1202 991/1903/1223 934/1902/1222
f 909/2011/1202 855/2008/1196 961/1908/1228 991/1903/1223
f 859/2012/1207 914/2013/1206 992/1898/1218 960/1897/1217
f 914/2013/1206 854/2010/1205 934/1902/1222 992/1898/1218
f 858/2005/1177 913/2014/1176 993/1907/1227 963/2006/1314
f 913/2014/1176 859/2012/1207 960/1897/1217 993/1907/1227
f 963/2006/1314 993/1907/1227 919/1906/1226 864/2015/1316
f 989/2007/1315 963/2006/1314 864/2015/1316 918/2016/1317
f 938/1962/1277 946/1980/1290 983/1979/1289 979/1978/1288
f 841/1831/1154 842/1840/1163 890/1834/1157 889/1832/1155
f 1000/2017/1318 1034/2018/1319 1077/2019/1320 1032/2020/1321
f 1077/2019/1320 1078/2021/1322 1033/2022/1323 994/2023/1324 1032/2020/1321
f 1005/2024/1325 996/2025/1326 997/2026/1327 1006/2027/1328
f 1035/2028/1329 996/2025/1326 1036/2029/1330 1078/2021/1322
f 1078/2021/1322 1036/2029/1330 995/2030/1331 1033/2022/1323
f 1034/2018/1319 1037/2031/1332 1038/2032/1333 1035/2028/1329
f 1079/2033/1334 1080/2034/1335 1039/2035/1336 1040/2036/1337
f 1000/2017/1318 1037/2031/1332 1034/2018/1319
f 1041/2037/1338 1054/2038/1339 1006/2027/1328 997/2026/1327
f 1037/2031/1332 1080/2034/1335 1079/2033/1334 1038/2032/1333
f 1040/2036/1337 998/2039/1340 1041/2037/1338 1079/2033/1334
f 1079/2033/1334 1041/2037/1338 997/2026/1327 1038/2032/1333
f 1042/2040/1341 1043/2041/1342 1082/2042/1343 1081/2043/1344
f 1000/2017/1318 1039/2035/1336 1080/2034/1335 1037/2031/1332
f 1049/2044/1345 1056/2045/1346 1009/2046/1347 1001/2047/1348
f 1001/2047/1348 999/2048/1349 1043/2041/1342 1046/2049/1350
f 1000/2017/1318 1042/2040/1341 1081/2043/1344 1039/2035/1336
f 1081/2043/1344 1082/2042/1343 1040/2036/1337 1039/2035/1336
f 1009/2046/1347 1008/2050/1351 999/2048/1349 1001/2047/1348
f 1043/2041/1342 999/2048/1349 1044/2051/1352 1082/2042/1343
f 1082/2042/1343 1044/2051/1352 998/2039/1340 1040/2036/1337
f 996/2025/1326 1005/2024/1325 1053/2052/1353 1036/2029/1330
f 1000/2017/1318 1045/2053/1354 1042/2040/1341
f 1083/2054/1355 1084/2055/1356 1046/2049/1350 1045/2053/1354
f 1045/2053/1354 1046/2049/1350 1043/2041/1342 1042/2040/1341
f 1000/2017/1318 1047/2056/1357 1083/2054/1355 1045/2053/1354
f 1007/2057/1358 1054/2038/1339 1041/2037/1338 998/2039/1340
f 1002/2058/1359 1048/2059/1360 1084/2055/1356 1083/2054/1355 1047/2056/1357
f 1048/2059/1360 1003/2060/1361 1049/2044/1345 1084/2055/1356
f 1084/2055/1356 1049/2044/1345 1001/2047/1348 1046/2049/1350
f 1036/2029/1330 1053/2052/1353 1004/2061/1362 995/2030/1331
f 1011/2062/1363 1073/2063/1364 1069/2064/1365 1012/2065/1366
f 999/2048/1349 1008/2050/1351 1055/2066/1367 1044/2051/1352
f 1000/2017/1318 1051/2067/1368 1085/2068/1369 1047/2056/1357
f 1002/2058/1359 1047/2056/1357 1085/2068/1369 1050/2069/1370
f 1044/2051/1352 1055/2066/1367 1007/2057/1358 998/2039/1340
f 1069/2064/1371 1073/2063/1372 1005/2070/1373 1006/2071/1374
f 1023/2072/1375 1020/2073/1376 1019/2074/1377 1021/2075/1378
f 1009/2076/1379 1056/2077/1380 1086/2078/1380 1074/2079/1381
f 1074/2079/1382 1086/2078/1383 1060/2080/1383 1015/2081/1384
f 1013/2082/1385 1058/2083/1386 1087/2084/1387 1070/2085/1385
f 1058/2083/1386 1012/2065/1366 1069/2064/1365 1087/2084/1387
f 1087/2084/1388 1069/2064/1371 1006/2071/1374 1054/2086/1389
f 1070/2085/1390 1087/2084/1388 1054/2086/1389 1007/2087/1390
f 1007/2087/1390 1055/2088/1391 1088/2089/1392 1070/2085/1390
f 1055/2088/1391 1008/2090/1393 1072/2091/1394 1088/2089/1392
f 1088/2089/1395 1072/2091/1396 1014/2092/1397 1059/2093/1398
f 1070/2085/1385 1088/2089/1395 1059/2093/1398 1013/2082/1385
f 1004/2094/1399 1053/2095/1400 1089/2096/1401 1071/2097/1399
f 1053/2095/1400 1005/2070/1373 1073/2063/1372 1089/2096/1401
f 1089/2096/1402 1073/2063/1364 1011/2062/1363 1057/2098/1403
f 1071/2097/1404 1089/2096/1402 1057/2098/1403 1010/2099/1404
f 1024/2100/1405 1022/2101/1406 1011/2102/1407 1012/2103/1408
f 1023/2072/1375 1021/2075/1378 1014/2104/1409 1015/2105/1410
f 1057/2106/1411 1068/2107/1412 1026/2108/1413 1010/2109/1413
f 1016/2110/1414 1022/2101/1406 1024/2100/1405 1017/2111/1415
f 1067/2112/1416 1064/2113/1417 1020/2073/1376 1023/2072/1375
f 1025/2114/1418 1018/2115/1419 1062/2116/1420 1066/2117/1421
f 1066/2117/1421 1062/2116/1420 1017/2111/1415 1024/2100/1405
f 1019/2074/1377 1063/2118/1422 1065/2119/1423 1021/2075/1378
f 1065/2119/1423 1063/2118/1422 1018/2115/1419 1025/2114/1418
f 1009/2076/1379 1074/2079/1381 1072/2091/1394 1008/2090/1393
f 1021/2075/1378 1065/2119/1423 1059/2120/1424 1014/2104/1409
f 1022/2101/1406 1016/2110/1414 1061/2121/1425 1068/2107/1412
f 1013/2122/1426 1025/2114/1418 1066/2117/1421 1058/2123/1427
f 1059/2120/1424 1065/2119/1423 1025/2114/1418 1013/2122/1426
f 1058/2123/1427 1066/2117/1421 1024/2100/1405 1012/2103/1408
f 1060/2124/1428 1067/2112/1416 1023/2072/1375 1015/2105/1410
f 1019/2074/1377 1030/2125/1429 1076/2126/1430 1063/2118/1422
f 1000/2017/1318 1032/2020/1321 1090/2127/1431 1051/2067/1368
f 994/2023/1324 1052/2128/1432 1090/2127/1431 1032/2020/1321
f 1072/2091/1396 1074/2079/1382 1015/2081/1384 1014/2092/1397
f 1027/2129/1433 1016/2110/1414 1017/2111/1415 1028/2130/1434
f 1031/2131/1435 1030/2125/1429 1019/2074/1377 1020/2073/1376
f 1063/2118/1422 1076/2126/1430 1029/2132/1436 1018/2115/1419
f 1029/2132/1436 1075/2133/1437 1062/2116/1420 1018/2115/1419
f 1062/2116/1420 1075/2133/1437 1028/2130/1434 1017/2111/1415
f 1034/2018/1319 1035/2028/1329 1078/2021/1322 1077/2019/1320
f 1011/2102/1407 1022/2101/1406 1068/2107/1412 1057/2106/1411
f 997/2026/1327 996/2025/1326 1035/2028/1329 1038/2032/1333
f 1111/2134/1438 1113/2135/1439 1168/2136/1440 1165/2137/1441
f 1091/2138/1442 1111/2134/1438 1165/2137/1441 1108/2139/1443
f 1113/2135/1439 1111/2134/1438 1166/2140/1444 1167/2141/1445
f 1167/2141/1445 1166/2140/1444 1112/2142/1446 1114/2143/1447
f 1111/2134/1438 1091/2138/1442 1109/2144/1448 1166/2140/1444
f 1166/2140/1444 1109/2144/1448 1092/2145/1449 1112/2142/1446
f 1112/2142/1446 1178/2146/1450 1174/2147/1451 1114/2143/1447
f 1170/2148/1452 1167/2141/1445 1114/2143/1447 1116/2149/1453
f 1113/2135/1439 1115/2150/1454 1171/2151/1455 1168/2136/1440
f 1115/2150/1454 1113/2135/1439 1167/2141/1445 1170/2148/1452
f 1114/2143/1447 1174/2147/1451 1169/2152/1456 1116/2149/1453
f 1139/2153/1457 1140/2154/1458 1135/2155/1459 1134/2156/1460
f 1182/2157/1461 1185/2158/1462 1144/2159/1463 1132/2160/1464
f 1173/2161/1465 1170/2148/1452 1116/2149/1453 1120/2162/1466
f 1120/2162/1466 1116/2149/1453 1169/2152/1456 1182/2157/1461
f 1119/2163/1467 1115/2150/1454 1170/2148/1452 1173/2161/1465
f 1115/2150/1454 1119/2163/1467 1172/2164/1468 1171/2151/1455
f 1093/2165/1469 1117/2166/1470 1172/2164/1468 1119/2163/1467
f 1093/2165/1469 1119/2163/1467 1173/2161/1465 1118/2167/1471
f 1118/2167/1471 1173/2161/1465 1120/2162/1466 1094/2168/1472
f 1133/2169/1473 1138/2170/1474 1139/2153/1457 1134/2156/1460
f 1135/2171/1475 1184/2172/1476 1183/2173/1477 1134/2174/1478
f 1135/2171/1475 1136/2175/1479 1185/2158/1480 1184/2172/1476
f 1095/2176/1481 1117/2166/1470 1175/2177/1482 1121/2178/1483
f 1093/2165/1469 1123/2179/1484 1175/2177/1482 1117/2166/1470
f 1096/2180/1485 1121/2178/1483 1175/2177/1482 1123/2179/1484
f 1096/2180/1485 1123/2179/1484 1176/2181/1486 1122/2182/1487
f 1123/2179/1484 1093/2165/1469 1118/2167/1471 1176/2181/1486
f 1176/2181/1486 1118/2167/1471 1094/2168/1472 1124/2183/1488
f 1095/2176/1481 1121/2178/1483 1177/2184/1489 1125/2185/1490
f 1096/2180/1485 1126/2186/1491 1177/2184/1489 1121/2178/1483
f 1097/2187/1492 1125/2185/1490 1177/2184/1489 1126/2186/1491
f 1112/2142/1446 1092/2145/1449 1131/2188/1493 1178/2146/1450
f 1186/2189/1494 1133/2190/1495 1134/2174/1478 1183/2173/1477
f 1124/2183/1488 1094/2168/1472 1132/2160/1464 1179/2191/1496
f 1095/2176/1481 1125/2185/1490 1180/2192/1497 1128/2193/1498
f 1097/2187/1492 1127/2194/1499 1180/2192/1497 1125/2185/1490
f 1098/2195/1500 1128/2193/1498 1180/2192/1497 1127/2194/1499
f 1092/2145/1449 1110/2196/1501 1181/2197/1502 1131/2188/1493
f 1131/2188/1493 1181/2197/1502 1130/2198/1503 1099/2199/1504
f 1094/2168/1472 1120/2162/1466 1182/2157/1461 1132/2160/1464
f 1132/2160/1464 1144/2159/1463 1198/2200/1505 1179/2191/1496
f 1184/2172/1506 1185/2158/1462 1182/2157/1461 1169/2152/1456
f 1191/2201/1507 1193/2202/1508 1139/2203/1457 1138/2204/1474
f 1139/2203/1457 1193/2202/1508 1190/2205/1509 1140/2206/1458
f 1185/2158/1480 1136/2175/1479 1101/2207/1510 1144/2159/1511
f 1143/2208/1512 1100/2209/1512 1133/2190/1495 1186/2189/1494
f 1101/2210/1513 1142/2211/1514 1187/2212/1515 1137/2213/1515
f 1183/2173/1516 1174/2147/1451 1178/2146/1450 1186/2189/1517
f 1140/2154/1458 1141/2214/1518 1136/2215/1519 1135/2155/1459
f 1184/2172/1506 1169/2152/1456 1174/2147/1451 1183/2173/1516
f 1141/2214/1518 1103/2216/1520 1142/2211/1514 1101/2210/1513 1136/2215/1519
f 1102/2217/1521 1138/2170/1474 1133/2169/1473 1100/2218/1522
f 1146/2219/1523 1148/2220/1524 1195/2221/1525 1191/2201/1507
f 1091/2138/1442 1129/2222/1526 1188/2223/1527 1109/2144/1448
f 1109/2144/1448 1188/2223/1527 1110/2196/1501 1092/2145/1449
f 1098/2195/1500 1129/2222/1526 1189/2224/1528 1128/2193/1498
f 1091/2138/1442 1108/2139/1443 1189/2224/1528 1129/2222/1526
f 1095/2176/1481 1128/2193/1498 1189/2224/1528 1108/2139/1443
f 1190/2205/1509 1192/2225/1529 1141/2226/1518 1140/2206/1458
f 1192/2225/1529 1196/2227/1530 1147/2228/1531 1145/2229/1532
f 1194/2230/1533 1190/2205/1509 1193/2202/1508 1197/2231/1534
f 1102/2232/1521 1146/2219/1523 1191/2201/1507 1138/2204/1474
f 1200/2233/1535 1202/2234/1536 1197/2231/1534 1195/2221/1525
f 1195/2221/1525 1197/2231/1534 1193/2202/1508 1191/2201/1507
f 1148/2220/1524 1155/2235/1537 1200/2233/1535 1195/2221/1525
f 1141/2226/1518 1192/2225/1529 1145/2229/1532 1103/2236/1520
f 1194/2230/1533 1196/2227/1530 1192/2225/1529 1190/2205/1509
f 1202/2234/1536 1151/2237/1538 1152/2238/1539 1199/2239/1540
f 1196/2227/1530 1201/2240/1541 1156/2241/1542 1147/2228/1531
f 1150/2242/1543 1151/2237/1538 1202/2234/1536 1200/2233/1535
f 1099/2199/1504 1143/2208/1544 1186/2189/1517 1178/2146/1450 1131/2188/1493
f 1199/2239/1540 1201/2240/1541 1196/2227/1530 1194/2230/1533
f 1152/2238/1539 1153/2243/1545 1201/2240/1541 1199/2239/1540
f 1144/2159/1511 1101/2207/1510 1137/2244/1546 1198/2200/1546
f 1199/2239/1540 1194/2230/1533 1197/2231/1534 1202/2234/1536
f 1207/2245/1547 1160/2246/1548 1161/2247/1549 1203/2248/1550
f 1155/2235/1537 1104/2249/1551 1150/2242/1543 1200/2233/1535
f 1208/2250/1552 1158/2251/1553 1159/2252/1554 1204/2253/1555
f 1201/2240/1541 1153/2243/1545 1105/2254/1556 1156/2241/1542
f 1204/2253/1555 1207/2245/1547 1152/2238/1539 1151/2237/1538
f 1152/2238/1539 1207/2245/1547 1203/2248/1550 1153/2243/1545
f 1203/2248/1550 1161/2247/1549 1107/2255/1557 1163/2256/1558
f 1153/2243/1545 1203/2248/1550 1163/2256/1558 1105/2254/1556
f 1150/2242/1543 1208/2250/1552 1204/2253/1555 1151/2237/1538
f 1159/2252/1554 1160/2246/1548 1207/2245/1547 1204/2253/1555
f 1205/2257/1559 1157/2258/1560 1106/2259/1561 1164/2260/1562
f 1149/2261/1563 1205/2257/1559 1164/2260/1562 1104/2249/1551
f 1105/2254/1556 1163/2256/1558 1206/2262/1564 1154/2263/1565
f 1163/2256/1558 1107/2255/1557 1162/2264/1566 1206/2262/1564
f 1104/2249/1551 1164/2260/1562 1208/2250/1552 1150/2242/1543
f 1164/2260/1562 1106/2259/1561 1158/2251/1553 1208/2250/1552
f 1168/2136/1440 1171/2151/1455 1172/2164/1468 1117/2166/1470 1095/2176/1481 1108/2139/1443 1165/2137/1441
f 1221/2265/1567 1222/2266/1567 1212/2267/1567 1211/2268/1567
f 1217/2269/1568 1218/2270/1568 1216/2271/1568 1215/2272/1568
f 1223/2273/1569 1224/2274/1569 1214/2275/1569 1213/2276/1569
f 1219/2277/1570 1220/2278/1570 1210/2279/1570 1209/2280/1570
f 1225/2281/1571 1222/2282/1571 1210/2283/1571 1220/2284/1571
f 1224/2285/1572 1225/2281/1572 1220/2284/1572 1214/2286/1572
f 1213/2276/1573 1214/2275/1573 1220/2278/1573 1219/2277/1573
f 1211/2268/1574 1212/2267/1574 1218/2270/1574 1217/2269/1574
f 1216/2287/1575 1218/2288/1575 1225/2281/1575 1224/2285/1575
f 1218/2288/1576 1212/2289/1576 1222/2282/1576 1225/2281/1576
f 1215/2272/1577 1216/2271/1577 1224/2274/1577 1223/2273/1577
f 1209/2290/1578 1210/2291/1578 1222/2266/1578 1221/2265/1578
f 1233/2292/1579 1232/2293/1580 1235/2294/1581
f 1238/2295/1582 1235/2294/1581 1232/2293/1580 1231/2296/1583 1234/2297/1584 1239/2298/1585
f 1237/2299/1586 1229/2300/1587 1235/2294/1581 1238/2295/1582
f 1228/2301/1588 1235/2294/1581 1229/2300/1587
f 1227/2302/1589 1236/2303/1590 1239/2298/1585 1234/2297/1584
f 1226/2304/1591 1227/2302/1589 1234/2297/1584
f 1230/2305/1592 1234/2297/1584 1231/2296/1583
f 1248/2306/1593 1250/2307/1593 1249/2308/1593
f 1252/2309/1594 1253/2310/1595 1245/2311/1596
f 1242/2312/1597 1252/2309/1594 1250/2307/1598 1243/2313/1599
f 1244/2314/1600 1243/2313/1599 1250/2307/1598
f 1241/2315/1601 1247/2316/1602 1253/2310/1595 1251/2317/1603
f 1240/2318/1604 1247/2316/1602 1241/2315/1601
f 1246/2319/1605 1245/2311/1596 1247/2316/1602
f 1256/2320/1606 1246/2321/1607 1247/2322/1602 1255/2323/1608
f 1249/2324/1609 1245/2325/1610 1258/2326/1611 1261/2327/1609
f 1258/2326/1611 1245/2325/1610 1246/2328/1612 1256/2329/1612
f 1260/2330/1613 1253/2331/1595 1252/2332/1594 1259/2333/1614
f 1255/2323/1608 1247/2322/1602 1240/2334/1604 1254/2335/1615
f 1262/2336/1616 1248/2337/1617 1249/2324/1617 1261/2327/1618
f 1257/2338/1619 1250/2339/1620 1248/2337/1620 1262/2336/1621
f 1235/2340/1622 1257/2338/1619 1262/2336/1621 1233/2341/1622
f 1233/2341/1579 1262/2336/1616 1261/2327/1618 1232/2342/1580
f 1234/2343/1584 1255/2323/1608 1254/2335/1615 1226/2344/1591
f 1261/2327/1623 1258/2326/1624 1231/2345/1583 1232/2342/1580
f 1239/2346/1585 1260/2330/1613 1259/2333/1614 1238/2347/1582
f 1231/2345/1583 1258/2326/1624 1256/2329/1625 1230/2348/1592
f 1230/2349/1626 1256/2320/1606 1255/2323/1608 1234/2343/1584
f 1270/2350/1627 1269/2351/1628 1272/2352/1629
f 1253/2310/1595 1247/2316/1602 1245/2311/1596
f 1276/2353/1630 1275/2354/1631 1268/2355/1632
f 1274/2356/1633 1266/2357/1634 1272/2352/1629 1275/2354/1631
f 1265/2358/1635 1272/2352/1629 1266/2357/1634
f 1264/2359/1636 1273/2360/1637 1276/2353/1630 1271/2361/1638
f 1263/2362/1639 1264/2359/1636 1271/2361/1638
f 1267/2363/1640 1271/2361/1638 1268/2355/1632
f 1285/2364/1641 1287/2365/1642 1286/2366/1643
f 1245/2311/1596 1249/2308/1644 1252/2309/1594
f 1286/2366/1643 1287/2365/1642 1289/2367/1645 1290/2368/1646 1284/2369/1647 1282/2370/1648
f 1279/2371/1649 1289/2367/1645 1287/2365/1642 1280/2372/1650
f 1281/2373/1651 1280/2372/1650 1287/2365/1642
f 1278/2374/1652 1284/2369/1647 1290/2368/1646 1288/2375/1653
f 1277/2376/1654 1284/2369/1647 1278/2374/1652
f 1283/2377/1655 1282/2370/1648 1284/2369/1647
f 1293/2378/1656 1283/2379/1655 1284/2380/1647 1292/2381/1657
f 1295/2382/1658 1279/2383/1649 1280/2384/1650 1294/2385/1659
f 1297/2386/1660 1281/2387/1651 1287/2388/1642 1296/2389/1661
f 1294/2385/1659 1280/2384/1650 1281/2387/1651 1297/2386/1660
f 1286/2390/1643 1282/2391/1648 1298/2392/1662 1302/2393/1663
f 1298/2392/1662 1282/2391/1648 1283/2394/1655 1293/2395/1656
f 1300/2396/1664 1290/2397/1646 1289/2398/1645 1299/2399/1665
f 1268/2355/1632 1271/2361/1638 1276/2353/1630
f 1292/2381/1657 1284/2380/1647 1277/2400/1654 1291/2401/1666
f 1303/2402/1667 1285/2403/1641 1286/2390/1643 1302/2393/1668
f 1299/2399/1665 1289/2398/1645 1279/2383/1649 1295/2382/1658
f 1296/2389/1661 1287/2388/1642 1285/2403/1669 1303/2402/1669
f 1301/2404/1670 1288/2405/1653 1290/2397/1646 1300/2396/1664
f 1275/2354/1631 1272/2352/1629 1269/2351/1628
f 1269/2351/1628 1268/2355/1632 1275/2354/1631
f 1273/2406/1671 1301/2404/1670 1300/2396/1664 1276/2407/1672
f 1272/2408/1673 1296/2389/1661 1303/2402/1674 1270/2409/1674
f 1275/2410/1675 1299/2399/1665 1295/2382/1658 1274/2411/1676
f 1270/2409/1677 1303/2402/1667 1302/2393/1668 1269/2412/1677
f 1271/2413/1678 1292/2381/1657 1291/2401/1666 1263/2414/1679
f 1302/2393/1680 1298/2392/1681 1268/2415/1682 1269/2412/1680
f 1276/2407/1672 1300/2396/1664 1299/2399/1665 1275/2410/1675
f 1268/2415/1682 1298/2392/1681 1293/2395/1683 1267/2416/1683
f 1249/2308/1644 1250/2307/1598 1252/2309/1594
f 1266/2417/1684 1294/2385/1659 1297/2386/1660 1265/2418/1685
f 1265/2418/1685 1297/2386/1660 1296/2389/1661 1272/2408/1673
f 1274/2411/1676 1295/2382/1658 1294/2385/1659 1266/2417/1684
f 1267/2419/1686 1293/2378/1686 1292/2381/1657 1271/2413/1678
f 1305/2420/1687 1304/2421/1688 1306/2422/1689 1360/2423/1690
f 1305/2424/1691 1318/2425/1691 1307/2426/1692 1304/2427/1693
f 1309/2428/1694 1306/2422/1689 1304/2421/1688 1308/2429/1695
f 1308/2430/1696 1304/2427/1693 1307/2426/1692 1311/2431/1696
f 1309/2428/1694 1308/2429/1695 1310/2432/1697 1363/2433/1698
f 1312/2434/1699 1310/2435/1699 1308/2430/1699 1311/2431/1699
f 1314/2436/1700 1312/2437/1701 1311/2438/1702 1313/2439/1703
f 1315/2440/1704 1313/2439/1703 1311/2438/1702 1307/2441/1705
f 1314/2436/1706 1313/2439/1706 1315/2440/1706 1316/2442/1706 1319/2443/1706 1322/2444/1706 1324/2445/1706 1325/2446/1706
f 1316/2442/1707 1315/2440/1704 1307/2441/1705 1318/2447/1708
f 1317/2448/1709 1321/2449/1710 1319/2443/1711 1316/2442/1707
f 1317/2448/1709 1316/2442/1707 1318/2447/1708
f 1320/2450/1712 1323/2451/1713 1322/2444/1714 1319/2443/1711
f 1319/2443/1711 1321/2449/1710 1320/2450/1712
f 1323/2451/1713 1326/2452/1715 1324/2445/1716 1322/2444/1714
f 1324/2445/1716 1326/2452/1715 1327/2453/1717 1325/2446/1718
f 1326/2454/1719 1328/2455/1719 1329/2456/1719 1327/2457/1719
f 1326/2454/1720 1323/2458/1720 1331/2459/1720 1328/2455/1720
f 1362/2460/1721 1329/2461/1722 1328/2462/1723 1330/2463/1724
f 1332/2464/1725 1330/2463/1724 1328/2462/1723 1331/2465/1726
f 1331/2465/1726 1333/2466/1727 1335/2467/1728 1332/2464/1725
f 1333/2468/1729 1331/2459/1729 1323/2458/1729 1320/2469/1729
f 1333/2466/1727 1336/2470/1730 1337/2471/1731 1334/2472/1732
f 1334/2472/1732 1335/2467/1728 1333/2466/1727
f 1320/2469/1733 1338/2473/1733 1336/2474/1733 1333/2468/1733
f 1340/2475/1734 1337/2471/1731 1336/2470/1730 1339/2476/1735
f 1336/2474/1736 1338/2473/1736 1342/2477/1736 1339/2478/1736
f 1340/2475/1734 1339/2476/1735 1341/2479/1737 1361/2480/1738
f 1339/2478/1739 1342/2477/1739 1343/2481/1739 1341/2482/1739
f 1342/2483/1740 1344/2484/1741 1345/2485/1742 1343/2486/1743
f 1342/2483/1740 1338/2487/1744 1346/2488/1745 1344/2484/1741
f 1317/2448/1746 1358/2489/1746 1348/2490/1746 1347/2491/1746 1345/2485/1746 1344/2484/1746 1346/2488/1746 1321/2449/1746
f 1338/2487/1744 1320/2450/1712 1321/2449/1710 1346/2488/1745
f 1349/2492/1747 1343/2486/1743 1345/2485/1742 1347/2491/1748
f 1348/2490/1749 1350/2493/1750 1349/2492/1747 1347/2491/1748
f 1351/2494/1751 1349/2495/1751 1350/2496/1751 1353/2497/1751
f 1343/2481/1752 1349/2498/1752 1351/2499/1752 1341/2482/1752
f 1352/2500/1753 1351/2501/1754 1353/2502/1755 1354/2503/1756
f 1341/2479/1737 1351/2501/1754 1352/2500/1753 1361/2480/1738
f 1356/2504/1757 1354/2503/1756 1353/2502/1755 1355/2505/1758
f 1357/2506/1759 1355/2507/1759 1353/2497/1759 1350/2496/1759
f 1355/2505/1758 1305/2420/1687 1359/2508/1760 1356/2504/1757
f 1318/2425/1761 1305/2424/1761 1355/2507/1761 1357/2506/1761
f 1358/2489/1762 1317/2448/1709 1318/2447/1708 1357/2509/1763
f 1348/2490/1749 1358/2489/1762 1357/2509/1763 1350/2493/1750
f 1334/2472/1764 1337/2471/1764 1340/2475/1764 1361/2480/1764 1352/2500/1764 1354/2503/1764 1356/2504/1764 1359/2508/1764
f 1334/2472/1732 1359/2508/1760 1360/2423/1690 1335/2467/1728
f 1360/2423/1690 1359/2508/1760 1305/2420/1687
f 1362/2460/1765 1330/2463/1765 1332/2464/1765 1335/2467/1765 1360/2423/1765 1306/2422/1765 1309/2428/1765 1363/2433/1765
f 1310/2432/1697 1329/2461/1722 1362/2460/1721 1363/2433/1698
f 1312/2434/1766 1327/2510/1766 1329/2511/1766 1310/2435/1766
f 1327/2453/1717 1312/2437/1701 1314/2436/1700 1325/2446/1718
f 1364/2512/1767 1366/2513/1768 1379/2514/1769 1365/2515/1770
f 1367/2516/1771 1369/2517/1772 1366/2518/1768 1364/2519/1767
f 1368/2520/1773 1370/2521/1774 1369/2517/1772 1367/2516/1771
f 1373/2522/1775 1371/2523/1776 1370/2521/1774 1368/2520/1773
f 1374/2524/1777 1372/2525/1778 1371/2523/1776 1373/2522/1775
f 1375/2526/1779 1377/2527/1780 1372/2525/1778 1374/2524/1777
f 1376/2528/1781 1378/2529/1782 1377/2527/1780 1375/2526/1779
f 1365/2515/1770 1379/2514/1769 1378/2529/1782 1376/2528/1781
f 1376/2528/1781 1375/2526/1779 1386/2530/1783 1387/2531/1784
f 1375/2526/1779 1374/2524/1777 1385/2532/1785 1386/2530/1783
f 1367/2516/1771 1364/2519/1767 1380/2533/1786 1382/2534/1787
f 1364/2512/1767 1365/2515/1770 1381/2535/1788 1380/2536/1786
f 1374/2524/1777 1373/2522/1775 1384/2537/1789 1385/2532/1785
f 1368/2520/1773 1367/2516/1771 1382/2534/1787 1383/2538/1790
f 1365/2515/1770 1376/2528/1781 1387/2531/1784 1381/2535/1788
f 1373/2522/1775 1368/2520/1773 1383/2538/1790 1384/2537/1789
f 1389/2539/1791 1391/2540/1792 1390/2541/1793 1388/2542/1791
f 1391/2540/1792 1393/2543/1794 1392/2544/1795 1390/2541/1793
f 1393/2543/1794 1395/2545/1796 1394/2546/1796 1392/2544/1795
f 1395/2545/1796 1397/2547/1797 1396/2548/1798 1394/2546/1796
f 1397/2547/1797 1399/2549/1799 1398/2550/1800 1396/2548/1798
f 1399/2549/1799 1401/2551/1801 1400/2552/1801 1398/2550/1800
f 1401/2551/1801 1403/2553/1802 1402/2554/1803 1400/2552/1801
f 1403/2553/1802 1405/2555/1804 1404/2556/1805 1402/2554/1803
f 1430/2557/1806 1424/2558/1807 1425/2559/1808
f 1424/2558/1807 1427/2560/1809 1426/2561/1810
f 1432/2562/1811 1424/2558/1807 1428/2563/1812
f 1405/2555/1804 1407/2564/1813 1406/2565/1813 1404/2556/1805
f 1436/2566/1814 1424/2558/1807 1429/2567/1815
f 1434/2568/1816 1424/2558/1807 1430/2557/1806
f 1429/2567/1815 1424/2558/1807 1426/2561/1810
f 1407/2564/1813 1409/2569/1817 1408/2570/1818 1406/2565/1813
f 1424/2558/1807 1432/2562/1811 1431/2571/1819
f 1424/2558/1807 1436/2566/1814 1435/2572/1820
f 1425/2559/1808 1424/2558/1807 1431/2571/1819
f 1427/2560/1809 1424/2558/1807 1433/2573/1821
f 1428/2563/1812 1424/2558/1807 1435/2572/1820
f 1404/2574/1822 1413/2575/1823 1416/2576/1824 1402/2577/1825
f 1388/2578/1826 1423/2579/1827 1410/2580/1828 1414/2581/1829
f 1400/2582/1830 1417/2583/1831 1418/2584/1832 1398/2585/1833
f 1398/2585/1833 1418/2584/1832 1419/2586/1834 1396/2587/1835
f 1409/2569/1817 1415/2588/1836 1414/2589/1837 1408/2570/1818
f 1414/2581/1829 1410/2580/1828 1411/2590/1838 1408/2591/1839
f 1392/2592/1840 1421/2593/1841 1422/2594/1842 1390/2595/1843
f 1408/2591/1839 1411/2590/1838 1412/2596/1844 1406/2597/1845
f 1415/2588/1836 1389/2539/1791 1388/2542/1791 1414/2589/1837
f 1394/2598/1846 1420/2599/1847 1421/2593/1841 1392/2592/1840
f 1402/2577/1825 1416/2576/1824 1417/2583/1831 1400/2582/1830
f 1396/2587/1835 1419/2586/1834 1420/2599/1847 1394/2598/1846
f 1406/2597/1845 1412/2596/1844 1413/2575/1823 1404/2574/1822
f 1390/2595/1843 1422/2594/1842 1423/2579/1827 1388/2578/1826
f 1417/2583/1831 1435/2572/1820 1436/2566/1814 1418/2584/1832
f 1422/2594/1842 1433/2573/1821 1434/2568/1816 1423/2579/1827
f 1412/2596/1844 1431/2571/1819 1432/2562/1811 1413/2575/1823
f 1423/2579/1827 1434/2568/1816 1430/2557/1806 1410/2580/1828
f 1418/2584/1832 1436/2566/1814 1429/2567/1815 1419/2586/1834
f 1413/2575/1823 1432/2562/1811 1428/2563/1812 1416/2576/1824
f 1420/2599/1847 1426/2561/1810 1427/2560/1809 1421/2593/1841
f 1410/2580/1828 1430/2557/1806 1425/2559/1808 1411/2590/1838
f 1419/2586/1834 1429/2567/1815 1426/2561/1810 1420/2599/1847
f 1416/2576/1824 1428/2563/1812 1435/2572/1820 1417/2583/1831
f 1421/2593/1841 1427/2560/1809 1433/2573/1821 1422/2594/1842
f 1411/2590/1838 1425/2559/1808 1431/2571/1819 1412/2596/1844
f 1403/2600/1802 1444/2601/1848 1445/2602/1849 1405/2603/1804
f 1397/2604/1797 1441/2605/1850 1442/2606/1851 1399/2607/1799
f 1409/2608/1817 1447/2609/1852 1448/2610/1853 1415/2611/1836
f 1391/2612/1792 1438/2613/1854 1439/2614/1855 1393/2615/1794
f 1444/2616/1848 1456/2617/1856 1457/2618/1857 1445/2619/1849
f 1441/2620/1850 1453/2621/1858 1454/2622/1859 1442/2623/1851
f 1448/2624/1853 1460/2625/1860 1449/2626/1 1437/2627/1
f 1438/2628/1854 1450/2629/1861 1451/2630/1862 1439/2631/1855
f 1445/2619/1849 1457/2618/1857 1458/2632/1863 1446/2633/1863
f 1442/2623/1851 1454/2622/1859 1455/2634/1864 1443/2635/1864
f 1439/2631/1855 1451/2630/1862 1452/2636/1865 1440/2637/1865
f 1446/2633/1863 1458/2632/1863 1459/2638/1866 1447/2639/1852
f 1443/2640/1864 1455/2641/1864 1456/2617/1856 1444/2616/1848
f 1440/2637/1865 1452/2636/1865 1453/2621/1858 1441/2620/1850
f 1447/2639/1852 1459/2638/1866 1460/2625/1860 1448/2624/1853
f 1451/2630/1867 1463/2642/1867 1464/2643/1868 1452/2636/1868
f 1458/2632/1869 1470/2644/1869 1471/2645/1870 1459/2638/1870
f 1455/2641/1871 1467/2646/1871 1468/2647/1872 1456/2617/1872
f 1452/2636/1868 1464/2643/1868 1465/2648/1873 1453/2621/1873
f 1459/2638/1870 1471/2645/1870 1472/2649/1874 1460/2625/1874
f 1449/2626/1875 1461/2650/1875 1462/2651/1876 1450/2629/1876
f 1456/2617/1872 1468/2647/1872 1469/2652/1877 1457/2618/1877
f 1453/2621/1873 1465/2648/1873 1466/2653/1878 1454/2622/1878
f 1460/2625/1874 1472/2649/1874 1461/2650/1875 1449/2626/1875
f 1450/2629/1876 1462/2651/1876 1463/2642/1867 1451/2630/1867
f 1457/2618/1877 1469/2652/1877 1470/2644/1869 1458/2632/1869
f 1454/2622/1878 1466/2653/1878 1467/2654/1871 1455/2634/1871
f 1463/2655/1862 1475/2656/1862 1476/2657/1865 1464/2658/1865
f 1470/2659/1863 1482/2660/1863 1483/2661/1866 1471/2662/1866
f 1467/2663/1864 1479/2664/1864 1480/2665/1856 1468/2666/1856
f 1464/2658/1865 1476/2657/1865 1477/2667/1858 1465/2668/1858
f 1471/2662/1866 1483/2661/1866 1484/2669/1860 1472/2670/1860
f 1461/2671/1 1473/2672/1 1474/2673/1861 1462/2674/1861
f 1468/2666/1856 1480/2665/1856 1481/2675/1857 1469/2676/1857
f 1465/2668/1858 1477/2667/1858 1478/2677/1859 1466/2678/1859
f 1472/2670/1860 1484/2669/1860 1473/2672/1 1461/2671/1
f 1462/2674/1861 1474/2673/1861 1475/2656/1862 1463/2655/1862
f 1469/2676/1857 1481/2675/1857 1482/2660/1863 1470/2659/1863
f 1466/2678/1859 1478/2677/1859 1479/2679/1864 1467/2680/1864
f 1478/2681/1879 1490/2682/1879 1491/2683/1879 1479/2684/1879
f 1475/2685/1879 1487/2686/1879 1488/2687/1879 1476/2688/1879
f 1482/2689/1879 1494/2690/1879 1495/2691/1879 1483/2692/1879
f 1479/2693/1879 1491/2694/1879 1492/2695/1879 1480/2696/1879
f 1476/2688/1879 1488/2687/1879 1489/2697/1879 1477/2698/1879
f 1483/2692/1879 1495/2691/1879 1496/2699/1879 1484/2700/1879
f 1473/2701/1879 1485/2702/1879 1486/2703/1879 1474/2704/1879
f 1480/2696/1879 1492/2695/1879 1493/2705/1879 1481/2706/1879
f 1477/2698/1879 1489/2697/1879 1490/2682/1879 1478/2681/1879
f 1484/2700/1879 1496/2699/1879 1485/2702/1879 1473/2701/1879
f 1474/2704/1879 1486/2703/1879 1487/2686/1879 1475/2685/1879
f 1481/2706/1879 1493/2705/1879 1494/2690/1879 1482/2689/1879
f 1490/2682/1859 1502/2707/1880 1503/2708/1881 1491/2683/1864
f 1487/2686/1862 1499/2709/1882 1500/2710/1883 1488/2687/1865
f 1494/2690/1863 1506/2711/1884 1507/2712/1885 1495/2691/1866
f 1491/2694/1864 1503/2713/1881 1504/2714/1886 1492/2695/1856
f 1488/2687/1865 1500/2710/1883 1501/2715/1887 1489/2697/1858
f 1495/2691/1866 1507/2712/1885 1508/2716/1888 1496/2699/1860
f 1485/2702/1 1497/2717/1889 1498/2718/1890 1486/2703/1861
f 1492/2695/1856 1504/2714/1886 1505/2719/1891 1493/2705/1857
f 1489/2697/1858 1501/2715/1887 1502/2707/1880 1490/2682/1859
f 1496/2699/1860 1508/2716/1888 1497/2717/1889 1485/2702/1
f 1486/2703/1861 1498/2718/1890 1499/2709/1882 1487/2686/1862
f 1493/2705/1857 1505/2719/1891 1506/2711/1884 1494/2690/1863
f 1499/2709/1882 1511/2720/1892 1512/2721/1893 1500/2710/1883
f 1506/2711/1884 1518/2722/1894 1519/2723/1895 1507/2712/1885
f 1503/2713/1881 1515/2724/1896 1516/2725/1897 1504/2714/1886
f 1500/2710/1883 1512/2721/1893 1513/2726/1898 1501/2715/1887
f 1507/2712/1885 1519/2723/1895 1520/2727/1899 1508/2716/1888
f 1497/2717/1889 1509/2728/1900 1510/2729/1901 1498/2718/1890
f 1504/2714/1886 1516/2725/1897 1517/2730/1902 1505/2719/1891
f 1501/2715/1887 1513/2726/1898 1514/2731/1903 1502/2707/1880
f 1508/2716/1888 1520/2727/1899 1509/2728/1900 1497/2717/1889
f 1498/2718/1890 1510/2729/1901 1511/2720/1892 1499/2709/1882
f 1505/2719/1891 1517/2730/1902 1518/2722/1894 1506/2711/1884
f 1502/2707/1880 1514/2731/1903 1515/2732/1896 1503/2708/1881
f 1424/2558/1807 1434/2568/1816 1433/2573/1821
f 1437/2627/1 1449/2626/1 1450/2629/1861 1438/2628/1854
f 1563/2733/1904 1521/2734/1905 1525/2735/1906 1526/2736/1907
f 1562/2737/1908 1561/2738/1909 1523/2739/1910 1524/2740/1911
f 1564/2741/1912 1563/2742/1913 1526/2743/1914 1527/2744/1915
f 1521/2734/1905 1562/2745/1916 1524/2746/1917 1525/2735/1906
f 1524/2740/1911 1523/2739/1910 1528/2747/1918 1529/2748/1919
f 1528/2747/1918 1522/2749/1920 1534/2750/1921
f 1532/2751/1922 1538/2752/1923 1533/2753/1924
f 1527/2744/1915 1526/2743/1914 1531/2754/1925 1532/2755/1922
f 1525/2735/1906 1524/2746/1917 1529/2756/1926 1530/2757/1864
f 1526/2736/1907 1525/2735/1906 1530/2757/1864 1531/2758/1927
f 1533/2753/1924 1538/2752/1923 1543/2759/1928
f 1532/2755/1922 1531/2754/1925 1537/2760/1929 1538/2761/1923
f 1530/2757/1864 1529/2756/1926 1535/2762/1930 1536/2763/1931
f 1534/2750/1921 1522/2749/1920 1539/2764/1932
f 1531/2758/1927 1530/2757/1864 1536/2763/1931 1537/2765/1933
f 1529/2748/1919 1528/2747/1918 1534/2750/1921 1535/2766/1934
f 1539/2764/1932 1522/2749/1920 1544/2767/1935 1545/2768/1936
f 1533/2753/1924 1543/2759/1928 1549/2769/1937
f 1537/2765/1933 1536/2763/1931 1541/2770/1865 1542/2771/1938
f 1535/2766/1934 1534/2750/1921 1539/2764/1932 1540/2772/1939
f 1538/2761/1923 1537/2760/1929 1542/2773/1940 1543/2774/1928
f 1536/2763/1931 1535/2762/1930 1540/2775/1941 1541/2770/1865
f 1549/2769/1937 1555/2776/1942 1533/2753/1924
f 1542/2771/1938 1541/2770/1865 1547/2777/1943 1548/2778/1944
f 1540/2772/1939 1539/2764/1932 1545/2768/1936 1546/2779/1945
f 1550/2780/1946 1522/2749/1920 1556/2781/1947 1551/2782/1948
f 1543/2774/1928 1542/2773/1940 1548/2783/1949 1549/2784/1937
f 1541/2770/1865 1540/2775/1941 1546/2785/1950 1547/2777/1943
f 1544/2767/1935 1522/2749/1920 1550/2780/1946
f 1533/2753/1924 1555/2776/1942 1560/2786/1951
f 1555/2787/1942 1554/2788/1952 1559/2789/1953 1560/2790/1951
f 1553/2791/1954 1552/2792/1955 1557/2793/1956 1558/2794/1957
f 1556/2781/1947 1522/2749/1920 1561/2738/1909
f 1533/2753/1924 1560/2786/1951 1564/2795/1912
f 1554/2796/1958 1553/2791/1954 1558/2794/1957 1559/2797/1959
f 1552/2798/1960 1551/2782/1948 1556/2781/1947 1557/2799/1961
f 1533/2753/1924 1564/2795/1912 1527/2800/1915
f 1559/2797/1959 1558/2794/1957 1521/2734/1905 1563/2733/1904
f 1557/2799/1961 1556/2781/1947 1561/2738/1909 1562/2737/1908
f 1561/2738/1909 1522/2749/1920 1523/2739/1910
f 1560/2790/1951 1559/2789/1953 1563/2742/1913 1564/2741/1912
f 1558/2794/1957 1557/2793/1956 1562/2745/1916 1521/2734/1905
f 1612/2801/1962 1565/2802/1962 1570/2803/1963 1571/2804/1964
f 1611/2805/1965 1610/2806/1966 1568/2807/1967 1569/2808/1968
f 1609/2809/1969 1566/2810/1970 1567/2811/1971
f 1613/2812/1972 1612/2813/1973 1571/2814/1974 1572/2815/1975
f 1565/2802/1976 1611/2816/1977 1569/2817/1978 1570/2803/1979
f 1610/2806/1966 1609/2809/1969 1567/2811/1971 1568/2807/1967
f 1569/2808/1968 1568/2807/1967 1574/2818/1980 1575/2819/1981
f 1567/2811/1971 1566/2810/1970 1573/2820/1982
f 1578/2821/1983 1585/2822/1984 1579/2823/1985
f 1572/2815/1975 1571/2814/1974 1577/2824/1986 1578/2821/1983
f 1570/2803/1979 1569/2817/1978 1575/2825/1987 1576/2826/1987
f 1568/2807/1967 1567/2811/1971 1573/2820/1982 1574/2818/1980
f 1571/2804/1964 1570/2803/1963 1576/2826/1988 1577/2827/1988
f 1579/2823/1985 1585/2822/1984 1591/2828/1989
f 1578/2821/1983 1577/2824/1986 1584/2829/1990 1585/2822/1984
f 1576/2826/1987 1575/2825/1987 1582/2830/1991 1583/2831/1991
f 1574/2818/1980 1573/2820/1982 1580/2832/1992 1581/2833/1993
f 1577/2827/1988 1576/2826/1988 1583/2831/1994 1584/2834/1994
f 1575/2819/1981 1574/2818/1980 1581/2833/1993 1582/2835/1995
f 1573/2820/1982 1566/2810/1970 1580/2832/1992
f 1581/2833/1993 1580/2832/1992 1586/2836/1996 1587/2837/1997
f 1579/2823/1985 1591/2828/1989 1596/2838/1998
f 1584/2834/1994 1583/2831/1994 1589/2839/1999 1590/2840/1999
f 1582/2835/1995 1581/2833/1993 1587/2837/1997 1588/2841/2000
f 1580/2832/1992 1566/2810/1970 1586/2836/1996
f 1585/2822/1984 1584/2829/1990 1590/2842/2001 1591/2828/1989
f 1583/2831/1991 1582/2830/1991 1588/2843/2002 1589/2839/2002
f 1596/2838/1998 1602/2844/2003 1579/2823/1985
f 1586/2836/1996 1566/2810/1970 1592/2845/2004
f 1591/2828/1989 1590/2842/2001 1595/2846/2005 1596/2838/1998
f 1587/2837/1997 1586/2836/1996 1592/2845/2004 1593/2847/2006
f 1592/2845/2004 1566/2810/1970 1597/2848/2007
f 1579/2823/1985 1602/2844/2003 1608/2849/2008
f 1596/2838/1998 1595/2846/2005 1601/2850/2009 1602/2844/2003
f 1593/2847/2006 1592/2845/2004 1597/2848/2007 1598/2851/2010
f 1594/2852/2011 1593/2847/2006 1598/2851/2010 1599/2853/2012
f 1602/2844/2003 1601/2850/2009 1607/2854/2013 1608/2849/2008
f 1600/2855/2014 1599/2856/2014 1605/2857/2015 1606/2858/2016
f 1598/2851/2010 1597/2848/2007 1603/2859/2017 1604/2860/2018
f 1579/2823/1985 1608/2849/2008 1613/2812/1972
f 1601/2861/2019 1600/2855/2019 1606/2858/2020 1607/2862/2021
f 1599/2853/2012 1598/2851/2010 1604/2860/2018 1605/2863/2022
f 1597/2848/2007 1566/2810/1970 1603/2859/2017
f 1579/2823/1985 1613/2812/1972 1572/2815/1975
f 1607/2862/2021 1606/2858/2020 1565/2802/1962 1612/2801/1962
f 1605/2863/2022 1604/2860/2018 1610/2806/1966 1611/2805/1965
f 1603/2859/2017 1566/2810/1970 1609/2809/1969
f 1608/2849/2008 1607/2854/2013 1612/2813/1973 1613/2812/1972
f 1606/2858/2016 1605/2857/2015 1611/2816/1977 1565/2802/1976
f 1604/2860/2018 1603/2859/2017 1609/2809/1969 1610/2806/1966
f 1661/2864/2023 1614/2865/2024 1619/2866/2025 1620/2867/2026
f 1660/2868/2027 1659/2869/2028 1617/2870/2029 1618/2871/2030
f 1658/2872/2031 1615/2873/2032 1616/2874/2033
f 1628/2875/2034 1662/2876/2035 1621/2877/2036
f 1614/2865/2024 1660/2878/2027 1618/2879/2030 1619/2866/2025
f 1659/2869/2028 1658/2872/2031 1616/2874/2033 1617/2870/2029
f 1618/2871/2030 1617/2870/2029 1623/2880/2037 1624/2881/2038
f 1616/2874/2033 1615/2873/2032 1622/2882/2039
f 1628/2875/2034 1621/2877/2036 1627/2883/2040
f 1627/2883/2040 1626/2884/2041 1633/2885/2042 1634/2886/2043
f 1619/2866/2025 1618/2879/2030 1624/2887/2038 1625/2888/2044
f 1617/2870/2029 1616/2874/2033 1622/2882/2039 1623/2880/2037
f 1620/2867/2026 1619/2866/2025 1625/2888/2044 1626/2889/2041
f 1628/2875/2034 1627/2883/2040 1634/2886/2043
f 1633/2885/2042 1639/2890/2045 1640/2891/2046 1641/2892/2047 1634/2886/2043
f 1625/2888/2044 1624/2887/2038 1631/2893/2048 1632/2894/2049
f 1623/2880/2037 1622/2882/2039 1629/2895/2050 1630/2896/2051
f 1626/2889/2041 1625/2888/2044 1632/2894/2049 1633/2897/2042
f 1624/2881/2038 1623/2880/2037 1630/2896/2051 1631/2898/2048
f 1622/2882/2039 1615/2873/2032 1629/2895/2050
f 1645/2899/2052 1644/2900/2053 1643/2901/2054 1650/2902/2055 1651/2903/2056
f 1633/2897/2042 1632/2894/2049 1638/2904/2057 1639/2905/2045
f 1631/2898/2048 1630/2896/2051 1636/2906/2058 1637/2907/2059
f 1629/2895/2050 1615/2873/2032 1635/2908/2060
f 1628/2875/2034 1634/2886/2043 1641/2892/2047
f 1632/2894/2049 1631/2893/2048 1637/2909/2059 1638/2904/2057
f 1641/2892/2047 1640/2891/2046 1644/2900/2053 1645/2899/2052
f 1635/2908/2060 1615/2873/2032 1642/2910/2061
f 1628/2875/2034 1641/2892/2047 1645/2899/2052
f 1642/2910/2061 1615/2873/2032 1646/2911/2062
f 1628/2875/2034 1645/2899/2052 1651/2903/2056
f 1651/2903/2056 1650/2902/2055 1656/2912/2063 1657/2913/2064
f 1656/2912/2063 1661/2914/2023 1662/2876/2035 1657/2913/2064
f 1649/2915/2065 1648/2916/2066 1654/2917/2067 1655/2918/2068
f 1647/2919/2069 1646/2911/2062 1652/2920/2070 1653/2921/2071
f 1650/2922/2055 1649/2915/2065 1655/2918/2068 1656/2923/2063
f 1648/2924/2066 1647/2919/2069 1653/2921/2071 1654/2925/2067
f 1646/2911/2062 1615/2873/2032 1652/2920/2070
f 1628/2875/2034 1651/2903/2056 1657/2913/2064
f 1661/2914/2023 1620/2926/2026 1621/2877/2036 1662/2876/2035
f 1656/2923/2063 1655/2918/2068 1614/2865/2024 1661/2864/2023
f 1654/2925/2067 1653/2921/2071 1659/2869/2028 1660/2868/2027
f 1652/2920/2070 1615/2873/2032 1658/2872/2031
f 1628/2875/2034 1657/2913/2064 1662/2876/2035
f 1655/2918/2068 1654/2917/2067 1660/2878/2027 1614/2865/2024
f 1653/2921/2071 1652/2920/2070 1658/2872/2031 1659/2869/2028
f 1527/2800/1915 1532/2751/1922 1533/2753/1924
f 1708/2927/2072 1663/2928/2073 1668/2929/2074 1669/2930/2075
f 1707/2931/2076 1706/2932/2077 1666/2933/2078 1667/2934/2079
f 1705/2935/2080 1664/2936/2081 1665/2937/2082
f 1709/2938/2083 1708/2939/2084 1669/2940/2085 1670/2941/2086
f 1663/2928/2073 1707/2942/2087 1667/2943/2088 1668/2929/2074
f 1706/2932/2077 1705/2935/2080 1665/2937/2082 1666/2933/2078
f 1667/2934/2079 1666/2933/2078 1672/2944/2089 1673/2945/2090
f 1665/2937/2082 1664/2936/2081 1671/2946/2091
f 1676/2947/2092 1683/2948/2093 1677/2949/2094
f 1670/2941/2086 1669/2940/2085 1675/2950/2095 1676/2947/2092
f 1668/2929/2074 1667/2943/2088 1673/2951/2096 1674/2952/2097
f 1666/2933/2078 1665/2937/2082 1671/2946/2091 1672/2944/2089
f 1669/2930/2075 1668/2929/2074 1674/2952/2097 1675/2953/2098
f 1677/2949/2094 1683/2948/2093 1689/2954/2099
f 1676/2947/2092 1675/2950/2095 1682/2955/2100 1683/2948/2093
f 1674/2952/2097 1673/2951/2096 1680/2956/2101 1681/2957/2102
f 1672/2944/2089 1671/2946/2091 1678/2958/2103 1679/2959/2104
f 1675/2953/2098 1674/2952/2097 1681/2957/2102 1682/2960/2105
f 1673/2945/2090 1672/2944/2089 1679/2959/2104 1680/2961/2106
f 1671/2946/2091 1664/2936/2081 1678/2958/2103
f 1679/2959/2104 1678/2958/2103 1684/2962/2107 1685/2963/2108
f 1677/2949/2094 1689/2954/2099 1692/2964/2109
f 1682/2960/2105 1681/2957/2102 1687/2965/2110 1688/2966/2111
f 1680/2961/2106 1679/2959/2104 1685/2963/2108 1686/2967/2112
f 1678/2958/2103 1664/2936/2081 1684/2962/2107
f 1683/2948/2093 1682/2955/2100 1688/2968/2113 1689/2954/2099
f 1681/2957/2102 1680/2956/2101 1686/2969/2114 1687/2965/2110
f 1692/2964/2109 1698/2970/2115 1677/2949/2094
f 1684/2962/2107 1664/2936/2081 1690/2971/2116
f 1685/2963/2108 1684/2962/2107 1690/2971/2116 1691/2972/2117
f 1690/2971/2116 1664/2936/2081 1693/2973/2118
f 1677/2949/2094 1698/2970/2115 1704/2974/2119
f 1691/2972/2117 1690/2971/2116 1693/2973/2118 1694/2975/2120
f 1698/2970/2115 1697/2976/2121 1703/2977/2122 1704/2974/2119
f 1696/2978/2123 1695/2979/2124 1701/2980/2125 1702/2981/2126
f 1694/2975/2120 1693/2973/2118 1699/2982/2127 1700/2983/2128
f 1677/2949/2094 1704/2974/2119 1709/2938/2083
f 1697/2984/2129 1696/2978/2123 1702/2981/2126 1703/2985/2130
f 1695/2986/2131 1694/2975/2120 1700/2983/2128 1701/2987/2132
f 1693/2973/2118 1664/2936/2081 1699/2982/2127
f 1677/2949/2094 1709/2938/2083 1670/2941/2086
f 1703/2985/2130 1702/2981/2126 1663/2928/2073 1708/2927/2072
f 1701/2987/2132 1700/2983/2128 1706/2932/2077 1707/2931/2076
f 1699/2982/2127 1664/2936/2081 1705/2935/2080
f 1704/2974/2119 1703/2977/2122 1708/2939/2084 1709/2938/2083
f 1702/2981/2126 1701/2980/2125 1707/2942/2087 1663/2928/2073
f 1700/2983/2128 1699/2982/2127 1705/2935/2080 1706/2932/2077
f 1572/2815/1975 1578/2821/1983 1579/2823/1985
f 1621/2877/2036 1620/2926/2026 1626/2884/2041 1627/2883/2040
f 1670/2941/2086 1676/2947/2092 1677/2949/2094
f 1523/2739/1910 1522/2749/1920 1528/2747/1918
f 1767/2988/2133 1718/2989/2134 1717/2990/2135 1766/2991/2136
f 1765/2992/2137 1716/2993/2138 1715/2994/2139 1710/2995/2140
f 1764/2996/2141 1714/2997/2142 1713/2998/2143 1763/2999/2144
f 1762/3000/2145 1712/3001/2146 1711/3002/2147
f 1718/2989/2134 1726/3003/2148 1768/3004/2149 1725/3005/2150
f 1766/3006/2136 1717/3007/2135 1716/3008/2138 1765/3009/2137
f 1710/3010/2140 1715/3011/2139 1714/2997/2142 1764/2996/2141
f 1763/2999/2144 1713/2998/2143 1712/3001/2146 1762/3000/2145
f 1714/2997/2142 1721/3012/2151 1720/3013/2152 1713/2998/2143
f 1712/3001/2146 1719/3014/2153 1711/3002/2147
f 1754/3015/2154 1772/3016/2155 1773/3017/2156 1761/3018/2157
f 1717/3007/2135 1724/3019/2158 1723/3020/2159 1716/3008/2138
f 1715/3011/2139 1722/3021/2160 1721/3012/2151 1714/2997/2142
f 1713/2998/2143 1720/3013/2152 1719/3014/2153 1712/3001/2146
f 1718/2989/2134 1725/3005/2150 1724/3022/2158 1717/2990/2135
f 1716/2993/2138 1723/3023/2159 1722/3024/2160 1715/2994/2139
f 1747/3025/2161 1771/3026/2162 1772/3016/2155 1754/3015/2154
f 1724/3019/2158 1732/3027/2163 1731/3028/2164 1723/3020/2159
f 1722/3021/2160 1730/3029/2165 1729/3030/2166 1721/3012/2151
f 1720/3013/2152 1728/3031/2167 1727/3032/2168 1719/3014/2153
f 1725/3005/2150 1733/3033/2169 1732/3034/2163 1724/3022/2158
f 1723/3023/2159 1731/3035/2164 1730/3036/2165 1722/3024/2160
f 1721/3012/2151 1729/3030/2166 1728/3031/2167 1720/3013/2152
f 1719/3014/2153 1727/3032/2168 1711/3002/2147
f 1728/3031/2167 1735/3037/2170 1734/3038/2171 1727/3032/2168
f 1733/3033/2169 1740/3039/2172 1739/3040/2173 1732/3034/2163
f 1731/3035/2164 1738/3041/2174 1737/3042/2175 1730/3036/2165
f 1729/3030/2166 1736/3043/2176 1735/3037/2170 1728/3031/2167
f 1727/3032/2168 1734/3038/2171 1711/3002/2147
f 1725/3005/2150 1768/3004/2149 1769/3044/2177 1733/3033/2169
f 1732/3027/2163 1739/3045/2173 1738/3046/2174 1731/3028/2164
f 1730/3029/2165 1737/3047/2175 1736/3043/2176 1729/3030/2166
f 1740/3048/2172 1747/3025/2161 1746/3049/2178 1739/3050/2173
f 1738/3041/2174 1745/3051/2179 1744/3052/2180 1737/3042/2175
f 1736/3053/2176 1743/3054/2181 1742/3055/2182 1735/3056/2170
f 1734/3057/2171 1741/3058/2183 1711/3002/2147
f 1740/3048/2172 1770/3059/2184 1771/3026/2162 1747/3025/2161
f 1739/3045/2173 1746/3060/2178 1745/3061/2179 1738/3046/2174
f 1737/3062/2175 1744/3063/2180 1743/3054/2181 1736/3053/2176
f 1735/3056/2170 1742/3055/2182 1741/3058/2183 1734/3057/2171
f 1741/3058/2183 1748/3064/2185 1711/3002/2147
f 1733/3033/2169 1769/3044/2177 1770/3065/2184 1740/3039/2172
f 1746/3060/2178 1753/3066/2186 1752/3067/2187 1745/3061/2179
f 1744/3063/2180 1751/3068/2188 1750/3069/2189 1743/3054/2181
f 1742/3055/2182 1749/3070/2190 1748/3064/2185 1741/3058/2183
f 1747/3025/2161 1754/3015/2154 1753/3071/2186 1746/3049/2178
f 1745/3051/2179 1752/3072/2187 1751/3073/2188 1744/3052/2180
f 1743/3054/2181 1750/3069/2189 1749/3070/2190 1742/3055/2182
f 1753/3066/2186 1760/3074/2191 1759/3075/2192 1752/3067/2187
f 1751/3068/2188 1758/3076/2193 1757/3077/2194 1750/3069/2189
f 1749/3070/2190 1756/3078/2195 1755/3079/2196 1748/3064/2185
f 1754/3015/2154 1761/3018/2157 1760/3080/2191 1753/3071/2186
f 1752/3072/2187 1759/3081/2192 1758/3082/2193 1751/3073/2188
f 1750/3069/2189 1757/3077/2194 1756/3078/2195 1749/3070/2190
f 1748/3064/2185 1755/3079/2196 1711/3002/2147
f 1761/3018/2157 1773/3017/2156 1774/3083/2197 1767/2988/2133
f 1761/3018/2157 1767/2988/2133 1766/2991/2136 1760/3080/2191
f 1759/3081/2192 1765/2992/2137 1710/2995/2140 1758/3082/2193
f 1757/3077/2194 1764/2996/2141 1763/2999/2144 1756/3078/2195
f 1755/3079/2196 1762/3000/2145 1711/3002/2147
f 1767/2988/2133 1774/3083/2197 1726/3003/2148 1718/2989/2134
f 1760/3074/2191 1766/3006/2136 1765/3009/2137 1759/3075/2192
f 1758/3076/2193 1710/3010/2140 1764/2996/2141 1757/3077/2194
f 1756/3078/2195 1763/2999/2144 1762/3000/2145 1755/3079/2196
f 1788/3084/2198 1777/3085/2199 1776/3086/2200 1789/3087/2201
f 1784/3088/2202 1781/3089/2203 1782/3090/2204 1783/3091/2205
f 1787/3092/2206 1778/3093/2207 1779/3094/2208 1786/3095/2209
f 1783/3091/2205 1782/3090/2204 1777/3085/2199 1788/3084/2198
f 1789/3087/2201 1776/3086/2200 1775/3096/2210 1790/3097/2211
f 1790/3097/2211 1775/3096/2210 1778/3093/2207 1787/3092/2206
f 1786/3095/2209 1779/3094/2208 1780/3098/2212 1785/3099/2213
f 1785/3100/2213 1780/3101/2212 1781/3089/2203 1784/3088/2202
f 1798/3102/2214 1783/3091/2205 1788/3084/2198 1793/3103/2215
f 1795/3104/2216 1786/3095/2209 1785/3099/2213 1796/3105/2217
f 1791/3106/2218 1790/3097/2211 1787/3092/2206 1794/3107/2219
f 1792/3108/2220 1789/3087/2201 1790/3097/2211 1791/3106/2218
f 1797/3109/2221 1784/3088/2202 1783/3091/2205 1798/3102/2214
f 1796/3110/2217 1785/3100/2213 1784/3088/2202 1797/3109/2221
f 1794/3107/2219 1787/3092/2206 1786/3095/2209 1795/3104/2216
f 1793/3103/2215 1788/3084/2198 1789/3087/2201 1792/3108/2220
f 1771/3026/2162 1797/3109/2221 1798/3102/2214 1772/3016/2155
f 1772/3016/2155 1798/3102/2214 1793/3103/2215 1773/3017/2156
f 1770/3059/2184 1796/3110/2217 1797/3109/2221 1771/3026/2162
f 1769/3044/2177 1795/3104/2216 1796/3105/2217 1770/3065/2184
f 1768/3004/2149 1794/3107/2219 1795/3104/2216 1769/3044/2177
f 1726/3003/2148 1791/3106/2218 1794/3107/2219 1768/3004/2149
f 1773/3017/2156 1793/3103/2215 1792/3108/2220 1774/3083/2197
f 1774/3083/2197 1792/3108/2220 1791/3106/2218 1726/3003/2148
f 1848/3111/2222 1847/3112/2223 1804/3113/2224 1805/3114/2225
f 1803/3115/2226 1802/3116/2227 1808/3117/2228 1809/3118/2229
f 1845/3119/2230 1844/3120/2231 1801/3121/2232 1802/3122/2227
f 1843/3123/2233 1799/3124/2234 1800/3125/2235
f 1805/3126/2225 1811/3127/2236 1849/3128/2237 1812/3129/2238
f 1847/3112/2223 1846/3130/2239 1803/3131/2226 1804/3113/2224
f 1844/3120/2231 1843/3123/2233 1800/3125/2235 1801/3121/2232
f 1802/3116/2227 1801/3132/2232 1807/3133/2240 1808/3117/2228
f 1800/3134/2235 1799/3124/2234 1806/3135/2241
f 1836/3136/2242 1842/3137/2243 1854/3138/2244 1853/3139/2245
f 1804/3140/2224 1803/3141/2226 1809/3142/2229 1810/3143/2246
f 1809/3118/2229 1808/3117/2228 1815/3144/2247 1816/3145/2248
f 1801/3132/2232 1800/3134/2235 1806/3135/2241 1807/3133/2240
f 1805/3146/2225 1804/3140/2224 1810/3143/2246 1811/3147/2236
f 1830/3148/2249 1836/3136/2242 1853/3139/2245 1852/3149/2250
f 1810/3143/2246 1809/3142/2229 1816/3150/2248 1817/3151/2251
f 1815/3144/2247 1821/3152/2252 1822/3153/2253 1816/3145/2248
f 1807/3133/2240 1806/3135/2241 1813/3154/2254 1814/3155/2255
f 1811/3147/2236 1810/3143/2246 1817/3151/2251 1818/3156/2256
f 1808/3117/2228 1807/3133/2240 1814/3155/2255 1815/3144/2247
f 1806/3135/2241 1799/3124/2234 1813/3154/2254
f 1814/3155/2255 1813/3154/2254 1819/3157/2257 1820/3158/2258
f 1818/3156/2256 1817/3151/2251 1823/3159/2259 1824/3160/2260
f 1821/3152/2252 1827/3161/2261 1828/3162/2262 1822/3153/2253
f 1815/3144/2247 1814/3155/2255 1820/3158/2258 1821/3152/2252
f 1813/3154/2254 1799/3124/2234 1819/3157/2257
f 1811/3127/2236 1818/3163/2256 1850/3164/2263 1849/3128/2237
f 1817/3151/2251 1816/3150/2248 1822/3165/2253 1823/3159/2259
f 1824/3160/2260 1823/3159/2259 1829/3166/2264 1830/3167/2249
f 1828/3162/2262 1827/3161/2261 1833/3168/2265 1834/3169/2266
f 1821/3152/2252 1820/3158/2258 1826/3170/2267 1827/3161/2261
f 1819/3157/2257 1799/3124/2234 1825/3171/2268
f 1824/3172/2260 1830/3148/2249 1852/3149/2250 1851/3173/2269
f 1823/3159/2259 1822/3165/2253 1828/3174/2262 1829/3166/2264
f 1820/3158/2258 1819/3157/2257 1825/3171/2268 1826/3170/2267
f 1825/3171/2268 1799/3124/2234 1831/3175/2270
f 1818/3163/2256 1824/3172/2260 1851/3173/2269 1850/3164/2263
f 1829/3166/2264 1828/3174/2262 1834/3176/2266 1835/3177/2271
f 1834/3169/2266 1833/3168/2265 1839/3178/2272 1840/3179/2273
f 1826/3170/2267 1825/3171/2268 1831/3175/2270 1832/3180/2274
f 1830/3167/2249 1829/3166/2264 1835/3177/2271 1836/3181/2242
f 1827/3161/2261 1826/3170/2267 1832/3180/2274 1833/3168/2265
f 1835/3177/2271 1834/3176/2266 1840/3182/2273 1841/3183/2275
f 1839/3178/2272 1845/3119/2230 1846/3184/2239 1840/3179/2273
f 1832/3180/2274 1831/3175/2270 1837/3185/2276 1838/3186/2277
f 1836/3181/2242 1835/3177/2271 1841/3183/2275 1842/3187/2243
f 1833/3168/2265 1832/3180/2274 1838/3186/2277 1839/3178/2272
f 1831/3175/2270 1799/3124/2234 1837/3185/2276
f 1842/3137/2243 1848/3188/2222 1855/3189/2278 1854/3138/2244
f 1842/3187/2243 1841/3183/2275 1847/3112/2223 1848/3111/2222
f 1967/3190/2279 1924/3191/2280 1925/3192/2281 1968/3193/2282
f 1839/3178/2272 1838/3186/2277 1844/3120/2231 1845/3119/2230
f 1837/3185/2276 1799/3124/2234 1843/3123/2233
f 1848/3188/2222 1805/3194/2225 1812/3195/2238 1855/3189/2278
f 1841/3183/2275 1840/3182/2273 1846/3130/2239 1847/3112/2223
f 1838/3186/2277 1837/3185/2276 1843/3123/2233 1844/3120/2231
f 1855/3189/2278 1812/3195/2238 1856/3196/2283 1863/3197/2284
f 1854/3138/2244 1855/3189/2278 1863/3197/2284 1862/3198/2285
f 1812/3129/2238 1849/3128/2237 1857/3199/2286 1856/3200/2283
f 1849/3128/2237 1850/3164/2263 1858/3201/2287 1857/3199/2286
f 1850/3164/2263 1851/3173/2269 1859/3202/2288 1858/3201/2287
f 1851/3173/2269 1852/3149/2250 1860/3203/2289 1859/3202/2288
f 1853/3139/2245 1854/3138/2244 1862/3198/2285 1861/3204/2290
f 1852/3149/2250 1853/3139/2245 1861/3204/2290 1860/3203/2289
f 1856/3200/2283 1857/3199/2286 1865/3205/2291 1864/3206/2292
f 1858/3201/2287 1859/3202/2288 1867/3207/2293 1866/3208/2294
f 1860/3203/2289 1861/3204/2290 1869/3209/2295 1868/3210/2296
f 1862/3198/2285 1863/3197/2284 1871/3211/2297 1870/3212/2298
f 1857/3199/2286 1858/3201/2287 1866/3208/2294 1865/3205/2291
f 1859/3202/2288 1860/3203/2289 1868/3210/2296 1867/3207/2293
f 1861/3204/2290 1862/3198/2285 1870/3212/2298 1869/3209/2295
f 1863/3197/2284 1856/3196/2283 1864/3213/2292 1871/3211/2297
f 1877/3214/2299 1881/3215/2300 1919/3216/2301 1920/3217/2302
f 1904/3218/2303 1903/3219/2304 1875/3220/2305 1876/3221/2306
f 1902/3222/2307 1873/3223/2308 1874/3224/2309
f 1872/3225/2310 1904/3218/2303 1876/3221/2306 1877/3226/2299
f 1903/3219/2304 1902/3222/2307 1874/3224/2309 1875/3220/2305
f 1876/3221/2306 1875/3220/2305 1879/3227/2311 1880/3228/2312
f 1874/3224/2309 1873/3223/2308 1878/3229/2313
f 1877/3226/2299 1876/3221/2306 1880/3228/2312 1881/3230/2300
f 1875/3220/2305 1874/3224/2309 1878/3229/2313 1879/3227/2311
f 1881/3230/2300 1880/3228/2312 1884/3231/2314 1885/3232/2315
f 1879/3227/2311 1878/3229/2313 1882/3233/2316 1883/3234/2317
f 1880/3228/2312 1879/3227/2311 1883/3234/2317 1884/3231/2314
f 1878/3229/2313 1873/3223/2308 1882/3233/2316
f 1883/3234/2317 1882/3233/2316 1886/3235/2318 1887/3236/2319
f 1884/3231/2314 1883/3234/2317 1887/3236/2319 1888/3237/2320
f 1882/3233/2316 1873/3223/2308 1886/3235/2318
f 1885/3232/2315 1884/3231/2314 1888/3237/2320 1889/3238/2321
f 1888/3237/2320 1887/3236/2319 1891/3239/2322 1892/3240/2323
f 1886/3235/2318 1873/3223/2308 1890/3241/2324
f 1889/3238/2321 1888/3237/2320 1892/3240/2323 1893/3242/2325
f 1887/3236/2319 1886/3235/2318 1890/3241/2324 1891/3239/2322
f 1890/3241/2324 1873/3223/2308 1894/3243/2326
f 1893/3242/2325 1892/3240/2323 1896/3244/2327 1897/3245/2328
f 1891/3239/2322 1890/3241/2324 1894/3243/2326 1895/3246/2329
f 1892/3240/2323 1891/3239/2322 1895/3246/2329 1896/3244/2327
f 1897/3245/2328 1896/3244/2327 1900/3247/2330 1901/3248/2331
f 1895/3246/2329 1894/3243/2326 1898/3249/2332 1899/3250/2333
f 1896/3244/2327 1895/3246/2329 1899/3250/2333 1900/3247/2330
f 1894/3243/2326 1873/3223/2308 1898/3249/2332
f 1900/3251/2330 1899/3252/2333 1903/3219/2304 1904/3218/2303
f 1898/3253/2332 1873/3223/2308 1902/3222/2307
f 1901/3254/2331 1900/3251/2330 1904/3218/2303 1872/3225/2310
f 1899/3252/2333 1898/3253/2332 1902/3222/2307 1903/3219/2304
f 1916/3255/2334 1915/3256/2335 1910/3257/2336 1909/3258/2337
f 1918/3259/2338 1917/3260/2339 1908/3261/2340 1907/3262/2341
f 1920/3263/2302 1919/3264/2301 1906/3265/2342 1905/3266/2343
f 1913/3267/2344 1920/3263/2302 1905/3266/2343 1912/3268/2345
f 1915/3256/2335 1914/3269/2346 1911/3270/2347 1910/3257/2336
f 1917/3260/2339 1916/3255/2334 1909/3258/2337 1908/3261/2340
f 1919/3264/2301 1918/3259/2338 1907/3262/2341 1906/3265/2342
f 1914/3271/2346 1913/3267/2344 1912/3268/2345 1911/3272/2347
f 1897/3273/2328 1901/3274/2331 1914/3275/2346 1915/3276/2335
f 1901/3274/2331 1872/3277/2310 1913/3278/2344 1914/3275/2346
f 1885/3279/2315 1889/3280/2321 1917/3281/2339 1918/3282/2338
f 1893/3283/2325 1897/3273/2328 1915/3276/2335 1916/3284/2334
f 1889/3280/2321 1893/3283/2325 1916/3284/2334 1917/3281/2339
f 1913/3278/2344 1872/3277/2310 1877/3214/2299 1920/3217/2302
f 1881/3215/2300 1885/3279/2315 1918/3282/2338 1919/3216/2301
f 1970/3285/2348 1969/3286/2349 1926/3287/2350 1927/3288/2351
f 1925/3192/2281 1924/3191/2280 1930/3289/2352 1931/3290/2353
f 1967/3190/2279 1966/3291/2354 1923/3292/2355 1924/3191/2280
f 1965/3293/2356 1921/3294/2357 1922/3295/2358
f 1927/3296/2351 1933/3297/2359 1971/3298/2360 1934/3299/2361
f 1969/3300/2349 1968/3301/2282 1925/3302/2281 1926/3303/2350
f 1966/3291/2354 1965/3293/2356 1922/3295/2358 1923/3292/2355
f 1924/3191/2280 1923/3292/2355 1929/3304/2362 1930/3289/2352
f 1922/3295/2358 1921/3294/2357 1928/3305/2363
f 1958/3306/2364 1964/3307/2365 1976/3308/2366 1975/3309/2367
f 1926/3303/2350 1925/3302/2281 1931/3310/2353 1932/3311/2368
f 1931/3312/2353 1930/3313/2352 1937/3314/2369 1938/3315/2370
f 1923/3292/2355 1922/3295/2358 1928/3305/2363 1929/3304/2362
f 1927/3288/2351 1926/3287/2350 1932/3316/2368 1933/3317/2359
f 1952/3318/2371 1958/3306/2364 1975/3309/2367 1974/3319/2372
f 1932/3320/2368 1931/3321/2353 1938/3322/2370 1939/3323/2373
f 1937/3314/2369 1943/3324/2374 1944/3325/2375 1938/3315/2370
f 1929/3326/2362 1928/3327/2363 1935/3328/2376 1936/3329/2377
f 1933/3330/2359 1932/3331/2368 1939/3332/2373 1940/3333/2378
f 1930/3313/2352 1929/3326/2362 1936/3329/2377 1937/3314/2369
f 1928/3327/2363 1921/3294/2357 1935/3328/2376
f 1936/3329/2377 1935/3328/2376 1941/3334/2379 1942/3335/2380
f 1940/3333/2378 1939/3332/2373 1945/3336/2381 1946/3337/2382
f 1943/3324/2374 1949/3338/2383 1950/3339/2384 1944/3325/2375
f 1937/3314/2369 1936/3329/2377 1942/3335/2380 1943/3324/2374
f 1935/3328/2376 1921/3294/2357 1941/3334/2379
f 1933/3340/2359 1940/3341/2378 1972/3342/2385 1971/3343/2360
f 1939/3323/2373 1938/3322/2370 1944/3344/2375 1945/3345/2381
f 1946/3337/2382 1945/3336/2381 1951/3346/2386 1952/3347/2371
f 1950/3339/2384 1949/3338/2383 1955/3348/2387 1956/3349/2388
f 1943/3324/2374 1942/3335/2380 1948/3350/2389 1949/3338/2383
f 1941/3334/2379 1921/3294/2357 1947/3351/2390
f 1946/3352/2382 1952/3318/2371 1974/3319/2372 1973/3353/2391
f 1945/3345/2381 1944/3344/2375 1950/3354/2384 1951/3355/2386
f 1942/3335/2380 1941/3334/2379 1947/3351/2390 1948/3350/2389
f 1947/3351/2390 1921/3294/2357 1953/3356/2392
f 1940/3341/2378 1946/3352/2382 1973/3353/2391 1972/3342/2385
f 1951/3355/2386 1950/3354/2384 1956/3357/2388 1957/3358/2393
f 1956/3349/2388 1955/3348/2387 1961/3359/2394 1962/3360/2395
f 1948/3350/2389 1947/3351/2390 1953/3356/2392 1954/3361/2396
f 1952/3347/2371 1951/3346/2386 1957/3362/2393 1958/3363/2364
f 1949/3338/2383 1948/3350/2389 1954/3361/2396 1955/3348/2387
f 1957/3358/2393 1956/3357/2388 1962/3364/2395 1963/3365/2397
f 1961/3359/2394 1967/3190/2279 1968/3193/2282 1962/3360/2395
f 1954/3361/2396 1953/3356/2392 1959/3366/2398 1960/3367/2399
f 1958/3363/2364 1957/3362/2393 1963/3368/2397 1964/3369/2365
f 1955/3348/2387 1954/3361/2396 1960/3367/2399 1961/3359/2394
f 1953/3356/2392 1921/3294/2357 1959/3366/2398
f 1964/3307/2365 1970/3370/2348 1977/3371/2400 1976/3308/2366
f 1964/3369/2365 1963/3368/2397 1969/3286/2349 1970/3285/2348
f 1961/3359/2394 1960/3367/2399 1966/3291/2354 1967/3190/2279
f 1959/3366/2398 1921/3294/2357 1965/3293/2356
f 1970/3370/2348 1927/3296/2351 1934/3299/2361 1977/3371/2400
f 1963/3365/2397 1962/3364/2395 1968/3301/2282 1969/3300/2349
f 1960/3367/2399 1959/3366/2398 1965/3293/2356 1966/3291/2354
f 1995/3372/2401 1994/3373/2402 1978/3374/2403 1985/3375/2404
f 1996/3376/2405 1995/3372/2401 1985/3375/2404 1984/3377/2406
f 1994/3373/2402 1997/3378/2407 1979/3379/2408 1978/3374/2403
f 1997/3380/2407 1998/3381/2409 1980/3382/2410 1979/3383/2408
f 1998/3381/2409 1999/3384/2411 1981/3385/2412 1980/3382/2410
f 1999/3384/2411 2000/3386/2413 1982/3387/2414 1981/3385/2412
f 2001/3388/2415 1996/3376/2405 1984/3377/2406 1983/3389/2416
f 2000/3386/2413 2001/3388/2415 1983/3389/2416 1982/3387/2414
f 1978/3374/2403 1979/3379/2408 1987/3390/2417 1986/3391/2418
f 1980/3382/2410 1981/3385/2412 1989/3392/2419 1988/3393/2420
f 1982/3387/2414 1983/3389/2416 1991/3394/2421 1990/3395/2422
f 1984/3377/2406 1985/3375/2404 1993/3396/2423 1992/3397/2424
f 1979/3383/2408 1980/3382/2410 1988/3393/2420 1987/3398/2417
f 1981/3385/2412 1982/3387/2414 1990/3395/2422 1989/3392/2419
f 1983/3389/2416 1984/3377/2406 1992/3397/2424 1991/3394/2421
f 1985/3375/2404 1978/3374/2403 1986/3391/2418 1993/3396/2423
f 1974/3319/2372 1975/3309/2367 2001/3388/2415 2000/3386/2413
f 1975/3309/2367 1976/3308/2366 1996/3376/2405 2001/3388/2415
f 1973/3353/2391 1974/3319/2372 2000/3386/2413 1999/3384/2411
f 1972/3342/2385 1973/3353/2391 1999/3384/2411 1998/3381/2409
f 1971/3343/2360 1972/3342/2385 1998/3381/2409 1997/3380/2407
f 1934/3299/2361 1971/3298/2360 1997/3378/2407 1994/3373/2402
f 1976/3308/2366 1977/3371/2400 1995/3372/2401 1996/3376/2405
f 1977/3371/2400 1934/3299/2361 1994/3373/2402 1995/3372/2401
f 2019/3399/2425 2012/3400/2426 2002/3401/2427 2015/3402/2428
f 2010/3403/2429 2008/3404/2430 2019/3405/2425
f 2015/3406/2428 2017/3407/2431 2007/3408/2432 2006/3409/2433
f 2003/3410/2434 2017/3407/2431 2015/3406/2428 2002/3411/2427
f 2008/3412/2430 2010/3413/2429 2011/3414/2435 2009/3415/2436
f 2003/3410/2434 2020/3416/2437 2017/3407/2431
f 2013/3417/2438 2002/3411/2427 2012/3418/2426
f 2008/3404/2430 2012/3419/2426 2019/3405/2425
f 2007/3408/2432 2017/3407/2431 2020/3416/2437 2014/3420/2439
f 2014/3421/2439 2020/3422/2437 2016/3423/2440 2005/3424/2441
f 2018/3425/2442 2016/3423/2440 2011/3414/2435 2010/3413/2429
f 2011/3414/2435 2016/3423/2440 2020/3422/2437
f 2009/3415/2436 2011/3414/2435 2020/3422/2437
f 2005/3424/2441 2016/3423/2440 2018/3425/2442 2004/3426/2443
f 2008/3412/2430 2009/3415/2436 2013/3427/2438 2012/3428/2426
f 2019/3405/2425 2018/3429/2442 2010/3403/2429
f 2020/3422/2437 2013/3427/2438 2009/3415/2436
f 2032/3430/2444 2030/3431/2445 2022/3432/2446 2021/3433/2447
f 2031/3434/2448 2024/3435/2449 2022/3432/2446 2030/3431/2445
f 2029/3436/2450 2139/3437/2451 2141/3438/2452 2032/3430/2444
f 2029/3439/2450 2031/3434/2448 2140/3440/2453 2139/3441/2451
f 2028/3442/2454 2027/3443/2455 2033/3444/2456 2036/3445/2457
f 2024/3435/2449 2023/3446/2458 2027/3447/2455 2028/3448/2454
f 2021/3433/2447 2022/3432/2446 2026/3449/2459 2025/3450/2460
f 2022/3432/2446 2024/3435/2449 2028/3448/2454 2026/3449/2459
f 2023/3451/2458 2021/3433/2447 2025/3450/2460 2027/3452/2455
f 2023/3446/2458 2024/3435/2449 2031/3434/2448 2029/3439/2450
f 2023/3451/2458 2029/3436/2450 2032/3430/2444 2021/3433/2447
f 2140/3440/2453 2031/3434/2448 2030/3431/2445 2142/3453/2461
f 2141/3438/2452 2142/3453/2461 2030/3431/2445 2032/3430/2444
f 2033/3444/2456 2034/3454/2462 2038/3455/2463 2037/3456/2464
f 2025/3457/2460 2026/3458/2459 2035/3459/2465 2034/3454/2462
f 2026/3460/2459 2028/3442/2454 2036/3445/2457 2035/3461/2465
f 2027/3443/2455 2025/3457/2460 2034/3454/2462 2033/3444/2456
f 2040/3462/2466 2037/3456/2464 2041/3463/2467 2044/3464/2468
f 2036/3445/2457 2033/3444/2456 2037/3456/2464 2040/3462/2466
f 2034/3454/2462 2035/3459/2465 2039/3465/2469 2038/3455/2463
f 2035/3461/2465 2036/3445/2457 2040/3462/2466 2039/3466/2469
f 2048/3467/2470 2047/3468/2471 2055/3469/2472 2056/3470/2473
f 2038/3455/2463 2039/3465/2469 2043/3471/2474 2042/3472/2475
f 2039/3466/2469 2040/3462/2466 2044/3464/2468 2043/3473/2474
f 2037/3456/2464 2038/3455/2463 2042/3472/2475 2041/3463/2467
f 2045/3474/2476 2046/3475/2477 2050/3476/2478 2049/3477/2479
f 2041/3478/2467 2042/3479/2475 2046/3475/2477 2045/3474/2476
f 2044/3480/2468 2041/3478/2467 2045/3474/2476 2048/3481/2470
f 2042/3479/2475 2043/3482/2474 2047/3483/2471 2046/3475/2477
f 2050/3484/2478 2051/3485/2480 2052/3486/2481 2049/3487/2479
f 2048/3481/2470 2045/3474/2476 2049/3477/2479 2052/3488/2481
f 2046/3475/2477 2047/3483/2471 2051/3489/2480 2050/3476/2478
f 2047/3490/2471 2048/3481/2470 2052/3488/2481 2051/3491/2480
f 2062/3492/2482 2061/3493/2483 2060/3494/2484 2058/3495/2485
f 2043/3473/2474 2044/3464/2468 2054/3496/2486 2053/3497/2487
f 2047/3468/2471 2043/3473/2474 2053/3497/2487 2055/3469/2472
f 2044/3464/2468 2048/3498/2470 2056/3499/2473 2054/3496/2486
f 2057/3500/2488 2058/3501/2485 2060/3502/2484 2059/3503/2489
f 2063/3504/2490 2062/3492/2482 2058/3495/2485 2057/3505/2488
f 2064/3506/2491 2063/3504/2490 2057/3505/2488 2059/3507/2489
f 2061/3508/2483 2064/3506/2491 2059/3507/2489 2060/3509/2484
f 2056/3470/2473 2055/3469/2472 2064/3506/2491 2061/3508/2483
f 2055/3469/2472 2053/3497/2487 2063/3504/2490 2064/3506/2491
f 2053/3497/2487 2054/3496/2486 2062/3492/2482 2063/3504/2490
f 2054/3496/2486 2056/3499/2473 2061/3493/2483 2062/3492/2482
f 2065/3510/2492 2066/3511/2493 2068/3512/2494 2067/3513/2495
f 2067/3513/2495 2068/3512/2494 2072/3514/2496 2071/3515/2497
f 2071/3516/2497 2072/3517/2496 2070/3518/2498 2069/3519/2499
f 2069/3519/2499 2070/3518/2498 2066/3511/2493 2065/3510/2492
f 2069/3519/2499 2065/3510/2492 2074/3520/2500 2076/3521/2501
f 2082/3522/2502 2081/3523/2503 2077/3524/2504 2078/3525/2505
f 2067/3513/2495 2071/3515/2497 2075/3526/2506 2073/3527/2507
f 2065/3510/2492 2067/3513/2495 2073/3527/2507 2074/3520/2500
f 2071/3516/2497 2069/3519/2499 2076/3521/2501 2075/3528/2506
f 2077/3524/2504 2079/3529/2508 2080/3530/2509 2078/3525/2505
f 2083/3531/2510 2082/3522/2502 2078/3525/2505 2080/3530/2509
f 2081/3523/2503 2084/3532/2511 2079/3529/2508 2077/3524/2504
f 2084/3533/2511 2083/3531/2510 2080/3530/2509 2079/3529/2508
f 2075/3528/2506 2076/3521/2501 2083/3531/2510 2084/3533/2511
f 2073/3527/2507 2075/3526/2506 2084/3532/2511 2081/3523/2503
f 2076/3521/2501 2074/3520/2500 2082/3522/2502 2083/3531/2510
f 2074/3520/2500 2073/3527/2507 2081/3523/2503 2082/3522/2502
f 2085/3534/2512 2086/3535/2513 2088/3536/2514 2087/3537/2515
f 2087/3537/2515 2088/3536/2514 2092/3538/2516 2091/3539/2517
f 2091/3540/2517 2092/3541/2516 2090/3542/2518 2089/3543/2519
f 2089/3543/2519 2090/3542/2518 2086/3535/2513 2085/3534/2512
f 2089/3543/2519 2085/3534/2512 2094/3544/2520 2096/3545/2521
f 2102/3546/2522 2101/3547/2523 2097/3548/2524 2098/3549/2505
f 2087/3537/2515 2091/3539/2517 2095/3550/2525 2093/3551/2526
f 2085/3534/2512 2087/3537/2515 2093/3551/2526 2094/3544/2520
f 2091/3540/2517 2089/3543/2519 2096/3545/2521 2095/3552/2525
f 2097/3548/2524 2099/3553/2508 2100/3554/2509 2098/3549/2505
f 2103/3555/2527 2102/3546/2522 2098/3549/2505 2100/3554/2509
f 2101/3547/2523 2104/3556/2528 2099/3553/2508 2097/3548/2524
f 2104/3557/2528 2103/3555/2527 2100/3554/2509 2099/3553/2508
f 2095/3552/2525 2096/3545/2521 2103/3555/2527 2104/3557/2528
f 2093/3551/2526 2095/3550/2525 2104/3556/2528 2101/3547/2523
f 2096/3545/2521 2094/3544/2520 2102/3546/2522 2103/3555/2527
f 2094/3544/2520 2093/3551/2526 2101/3547/2523 2102/3546/2522
f 2107/3558/2529 2105/3559/2530 2110/3560/2531 2112/3561/2532
f 2118/3562/2533 2117/3563/2534 2113/3564/2535 2114/3565/2536
f 2106/3566/2537 2108/3567/2538 2111/3568/2539 2109/3569/2540
f 2105/3559/2530 2106/3566/2537 2109/3569/2540 2110/3560/2531
f 2108/3567/2538 2107/3570/2529 2112/3571/2532 2111/3568/2539
f 2113/3564/2535 2115/3572/2541 2116/3573/2542 2114/3565/2536
f 2119/3574/2543 2118/3562/2533 2114/3565/2536 2116/3573/2542
f 2117/3563/2534 2120/3575/2544 2115/3572/2541 2113/3564/2535
f 2120/3575/2544 2119/3576/2543 2116/3573/2542 2115/3572/2541
f 2111/3568/2539 2112/3571/2532 2119/3576/2543 2120/3575/2544
f 2109/3569/2540 2111/3568/2539 2120/3575/2544 2117/3563/2534
f 2112/3561/2532 2110/3560/2531 2118/3562/2533 2119/3574/2543
f 2110/3560/2531 2109/3569/2540 2117/3563/2534 2118/3562/2533
f 2122/3577/2545 2121/3578/2546 2124/3579/2547 2125/3580/2548
f 2134/3581/2549 2126/3582/2550 2123/3583/2551
f 2130/3584/2552 2122/3577/2545 2125/3580/2548
f 2121/3578/2546 2134/3581/2549 2123/3583/2551 2124/3579/2547
f 2130/3585/2552 2125/3586/2548 2129/3587/2553
f 2124/3588/2547 2123/3589/2551 2127/3590/2554 2128/3591/2555
f 2125/3586/2548 2124/3588/2547 2128/3591/2555 2129/3587/2553
f 2123/3589/2551 2126/3592/2550 2127/3590/2554
f 2127/3590/2554 2126/3592/2550 2131/3593/2556
f 2130/3585/2552 2129/3587/2553 2133/3594/2557
f 2128/3591/2555 2127/3590/2554 2131/3593/2556 2132/3595/2558
f 2129/3587/2553 2128/3591/2555 2132/3595/2558 2133/3594/2557
f 2133/3596/2557 2132/3597/2558 2121/3578/2546 2122/3577/2545
f 2131/3598/2556 2126/3582/2550 2134/3581/2549
f 2130/3584/2552 2133/3596/2557 2122/3577/2545
f 2132/3597/2558 2131/3598/2556 2134/3581/2549 2121/3578/2546
f 2150/3599/2559 2135/3600/2560 2136/3601/2561 2148/3602/2562
f 2149/3603/2563 2148/3602/2562 2136/3601/2561 2138/3604/2564
f 2147/3605/2565 2150/3599/2559 2141/3438/2452 2139/3437/2451
f 2147/3606/2565 2139/3441/2451 2140/3440/2453 2149/3603/2563
f 2146/3607/2566 2154/3608/2567 2151/3609/2568 2145/3610/2569
f 2138/3604/2564 2146/3611/2566 2145/3612/2569 2137/3613/2570
f 2135/3600/2560 2143/3614/2571 2144/3615/2572 2136/3601/2561
f 2136/3601/2561 2144/3615/2572 2146/3611/2566 2138/3604/2564
f 2137/3616/2570 2145/3617/2569 2143/3614/2571 2135/3600/2560
f 2137/3613/2570 2147/3606/2565 2149/3603/2563 2138/3604/2564
f 2137/3616/2570 2135/3600/2560 2150/3599/2559 2147/3605/2565
f 2140/3440/2453 2142/3453/2461 2148/3602/2562 2149/3603/2563
f 2141/3438/2452 2150/3599/2559 2148/3602/2562 2142/3453/2461
f 2151/3609/2568 2155/3618/2573 2156/3619/2574 2152/3620/2575
f 2143/3621/2571 2152/3620/2575 2153/3622/2576 2144/3623/2572
f 2144/3624/2572 2153/3625/2576 2154/3608/2567 2146/3607/2566
f 2145/3610/2569 2151/3609/2568 2152/3620/2575 2143/3621/2571
f 2158/3626/2577 2162/3627/2578 2159/3628/2579 2155/3618/2573
f 2154/3608/2567 2158/3626/2577 2155/3618/2573 2151/3609/2568
f 2152/3620/2575 2156/3619/2574 2157/3629/2580 2153/3622/2576
f 2153/3625/2576 2157/3630/2580 2158/3626/2577 2154/3608/2567
f 2166/3631/2581 2174/3632/2582 2173/3633/2583 2165/3634/2584
f 2156/3619/2574 2160/3635/2585 2161/3636/2586 2157/3629/2580
f 2157/3630/2580 2161/3637/2586 2162/3627/2578 2158/3626/2577
f 2155/3618/2573 2159/3628/2579 2160/3635/2585 2156/3619/2574
f 2163/3638/2587 2167/3639/2588 2168/3640/2589 2164/3641/2590
f 2159/3642/2579 2163/3638/2587 2164/3641/2590 2160/3643/2585
f 2162/3644/2578 2166/3645/2581 2163/3638/2587 2159/3642/2579
f 2160/3643/2585 2164/3641/2590 2165/3646/2584 2161/3647/2586
f 2168/3648/2589 2167/3649/2588 2170/3650/2591 2169/3651/2592
f 2166/3645/2581 2170/3652/2591 2167/3639/2588 2163/3638/2587
f 2164/3641/2590 2168/3640/2589 2169/3653/2592 2165/3646/2584
f 2165/3654/2584 2169/3655/2592 2170/3652/2591 2166/3645/2581
f 2180/3656/2593 2176/3657/2594 2178/3658/2595 2179/3659/2596
f 2161/3637/2586 2171/3660/2597 2172/3661/2598 2162/3627/2578
f 2165/3634/2584 2173/3633/2583 2171/3660/2597 2161/3637/2586
f 2162/3627/2578 2172/3661/2598 2174/3662/2582 2166/3663/2581
f 2175/3664/2599 2177/3665/2600 2178/3666/2595 2176/3667/2594
f 2181/3668/2601 2175/3669/2599 2176/3657/2594 2180/3656/2593
f 2182/3670/2602 2177/3671/2600 2175/3669/2599 2181/3668/2601
f 2179/3672/2596 2178/3673/2595 2177/3671/2600 2182/3670/2602
f 2174/3632/2582 2179/3672/2596 2182/3670/2602 2173/3633/2583
f 2173/3633/2583 2182/3670/2602 2181/3668/2601 2171/3660/2597
f 2171/3660/2597 2181/3668/2601 2180/3656/2593 2172/3661/2598
f 2172/3661/2598 2180/3656/2593 2179/3659/2596 2174/3662/2582
f 2183/3674/2603 2185/3675/2604 2186/3676/2605 2184/3677/2606
f 2185/3678/2604 2189/3679/2607 2190/3680/2608 2186/3681/2605
f 2189/3679/2607 2187/3682/2609 2188/3683/2610 2190/3680/2608
f 2187/3682/2609 2183/3674/2603 2184/3677/2606 2188/3683/2610
f 2187/3682/2609 2194/3684/2611 2192/3685/2612 2183/3674/2603
f 2200/3686/2613 2196/3687/2614 2195/3688/2615 2199/3689/2616
f 2185/3678/2604 2191/3690/2617 2193/3691/2618 2189/3679/2607
f 2183/3674/2603 2192/3685/2612 2191/3692/2617 2185/3675/2604
f 2189/3679/2607 2193/3691/2618 2194/3684/2611 2187/3682/2609
f 2195/3688/2615 2196/3687/2614 2198/3693/2619 2197/3694/2620
f 2201/3695/2621 2198/3693/2619 2196/3687/2614 2200/3686/2613
f 2199/3696/2616 2195/3688/2615 2197/3694/2620 2202/3697/2622
f 2202/3697/2622 2197/3694/2620 2198/3693/2619 2201/3695/2621
f 2193/3691/2618 2202/3697/2622 2201/3695/2621 2194/3684/2611
f 2191/3690/2617 2199/3696/2616 2202/3697/2622 2193/3691/2618
f 2194/3684/2611 2201/3695/2621 2200/3686/2613 2192/3685/2612
f 2192/3685/2612 2200/3686/2613 2199/3689/2616 2191/3692/2617
f 2203/3698/2623 2205/3699/2624 2206/3700/2625 2204/3701/2626
f 2205/3699/2624 2209/3702/2627 2210/3703/2628 2206/3700/2625
f 2209/3702/2627 2207/3704/2629 2208/3705/2630 2210/3703/2628
f 2207/3706/2629 2203/3698/2623 2204/3701/2626 2208/3707/2630
f 2207/3706/2629 2214/3708/2631 2212/3709/2632 2203/3698/2623
f 2220/3710/2633 2216/3711/2614 2215/3712/2615 2219/3713/2634
f 2205/3699/2624 2211/3714/2635 2213/3715/2636 2209/3702/2627
f 2203/3698/2623 2212/3709/2632 2211/3714/2635 2205/3699/2624
f 2209/3702/2627 2213/3715/2636 2214/3716/2631 2207/3704/2629
f 2215/3712/2615 2216/3711/2614 2218/3717/2619 2217/3718/2620
f 2221/3719/2637 2218/3717/2619 2216/3711/2614 2220/3710/2633
f 2219/3713/2634 2215/3712/2615 2217/3718/2620 2222/3720/2638
f 2222/3720/2638 2217/3718/2620 2218/3717/2619 2221/3721/2637
f 2213/3715/2636 2222/3720/2638 2221/3721/2637 2214/3716/2631
f 2211/3714/2635 2219/3713/2634 2222/3720/2638 2213/3715/2636
f 2214/3708/2631 2221/3719/2637 2220/3710/2633 2212/3709/2632
f 2212/3709/2632 2220/3710/2633 2219/3713/2634 2211/3714/2635
f 2225/3722/2639 2230/3723/2640 2228/3724/2641 2223/3725/2642
f 2236/3726/2643 2232/3727/2644 2231/3728/2645 2235/3729/2646
f 2224/3730/2647 2227/3731/2648 2229/3732/2649 2226/3733/2650
f 2223/3725/2642 2228/3724/2641 2227/3731/2648 2224/3730/2647
f 2226/3733/2650 2229/3732/2649 2230/3734/2640 2225/3735/2639
f 2231/3728/2645 2232/3727/2644 2234/3736/2651 2233/3737/2652
f 2237/3738/2653 2234/3736/2651 2232/3727/2644 2236/3726/2643
f 2235/3729/2646 2231/3728/2645 2233/3737/2652 2238/3739/2654
f 2238/3739/2654 2233/3737/2652 2234/3736/2651 2237/3740/2653
f 2229/3732/2649 2238/3739/2654 2237/3740/2653 2230/3734/2640
f 2227/3731/2648 2235/3729/2646 2238/3739/2654 2229/3732/2649
f 2230/3723/2640 2237/3738/2653 2236/3726/2643 2228/3724/2641
f 2228/3724/2641 2236/3726/2643 2235/3729/2646 2227/3731/2648
f 2240/3741/2655 2243/3742/2656 2242/3743/2657 2239/3744/2658
f 2252/3745/2659 2241/3746/2660 2244/3747/2661
f 2248/3748/2662 2243/3742/2656 2240/3741/2655
f 2239/3744/2658 2242/3743/2657 2241/3746/2660 2252/3745/2659
f 2248/3749/2662 2247/3750/2663 2243/3751/2656
f 2242/3752/2657 2246/3753/2664 2245/3754/2665 2241/3755/2660
f 2243/3751/2656 2247/3750/2663 2246/3753/2664 2242/3752/2657
f 2241/3755/2660 2245/3754/2665 2244/3756/2661
f 2245/3754/2665 2249/3757/2666 2244/3756/2661
f 2248/3749/2662 2251/3758/2667 2247/3750/2663
f 2246/3753/2664 2250/3759/2668 2249/3757/2666 2245/3754/2665
f 2247/3750/2663 2251/3758/2667 2250/3759/2668 2246/3753/2664
f 2251/3760/2667 2240/3741/2655 2239/3744/2658 2250/3761/2668
f 2249/3762/2666 2252/3745/2659 2244/3747/2661
f 2248/3748/2662 2240/3741/2655 2251/3760/2667
f 2250/3761/2668 2239/3744/2658 2252/3745/2659 2249/3762/2666
f 1845/3119/2230 1802/3122/2227 1803/3763/2226 1846/3184/2239
f 2254/3764/2669 2257/3765/2670 2258/3766/2671 2255/3767/2672
f 2253/3768/2673 2255/3767/2672 2256/3769/2674 2301/3770/2675
f 2281/3771/2676 2301/3770/2675 2256/3769/2674
f 2257/3765/2670 2260/3772/2677 2261/3773/2678 2258/3766/2671
f 2255/3767/2672 2258/3766/2671 2259/3774/2679 2256/3769/2674
f 2256/3769/2674 2259/3774/2679 2281/3771/2676
f 2260/3772/2677 2263/3775/2680 2264/3776/2681 2261/3773/2678
f 2258/3766/2671 2261/3773/2678 2262/3777/2682 2259/3774/2679
f 2259/3774/2679 2262/3777/2682 2281/3771/2676
f 2263/3775/2680 2266/3778/2683 2267/3779/2684 2264/3776/2681
f 2261/3773/2678 2264/3776/2681 2265/3780/2685 2262/3777/2682
f 2262/3777/2682 2265/3780/2685 2281/3771/2676
f 2267/3779/2684 2270/3781/2686 2271/3782/2687 2268/3783/2688
f 2264/3776/2681 2267/3779/2684 2268/3783/2688 2265/3780/2685
f 2265/3780/2685 2268/3783/2688 2281/3771/2676
f 2266/3778/2683 2269/3784/2689 2270/3781/2686 2267/3779/2684
f 2268/3783/2688 2271/3782/2687 2281/3771/2676
f 2270/3781/2686 2273/3785/2690 2274/3786/2691 2271/3782/2687
f 2269/3784/2689 2272/3787/2692 2273/3785/2690 2270/3781/2686
f 2271/3782/2687 2274/3786/2691 2281/3771/2676
f 2274/3786/2691 2277/3788/2693 2281/3771/2676
f 2272/3787/2692 2275/3789/2694 2276/3790/2695 2273/3785/2690
f 2273/3785/2690 2276/3790/2695 2277/3788/2693 2274/3786/2691
f 2275/3789/2694 2278/3791/2696 2279/3792/2697 2276/3790/2695
f 2278/3791/2696 2282/3793/2698 2283/3794/2699 2279/3792/2697
f 2276/3790/2695 2279/3792/2697 2280/3795/2700 2277/3788/2693
f 2277/3788/2693 2280/3795/2700 2281/3771/2676
f 2282/3793/2698 2285/3796/2701 2286/3797/2702 2283/3794/2699
f 2279/3792/2697 2283/3794/2699 2284/3798/2703 2280/3795/2700
f 2280/3795/2700 2284/3798/2703 2281/3771/2676
f 2285/3796/2701 2288/3799/2704 2289/3800/2705 2286/3797/2702
f 2283/3794/2699 2286/3797/2702 2287/3801/2706 2284/3798/2703
f 2284/3798/2703 2287/3801/2706 2281/3771/2676
f 2288/3799/2704 2291/3802/2707 2292/3803/2708 2289/3800/2705
f 2286/3797/2702 2289/3800/2705 2290/3804/2709 2287/3801/2706
f 2287/3801/2706 2290/3804/2709 2281/3771/2676
f 2291/3802/2707 2294/3805/2710 2295/3806/2711 2292/3803/2708
f 2289/3800/2705 2292/3803/2708 2293/3807/2712 2290/3804/2709
f 2290/3804/2709 2293/3807/2712 2281/3771/2676
f 2294/3805/2710 2297/3808/2713 2298/3809/2714 2295/3806/2711
f 2292/3803/2708 2295/3806/2711 2296/3810/2715 2293/3807/2712
f 2293/3807/2712 2296/3810/2715 2281/3771/2676
f 2297/3808/2713 2300/3811/2716 2253/3768/2673 2298/3809/2714
f 2295/3806/2711 2298/3809/2714 2299/3812/2717 2296/3810/2715
f 2296/3810/2715 2299/3812/2717 2281/3771/2676
f 2302/3813/2718 2304/3814/2719 2303/3815/2720 2334/3816/2721
f 2298/3809/2714 2253/3768/2673 2301/3770/2675 2299/3812/2717
f 2299/3812/2717 2301/3770/2675 2281/3771/2676
f 2306/3817/2722 2308/3818/2723 2307/3819/2724 2305/3820/2725
f 2302/3813/2726 2321/3821/2727 2304/3814/2728
f 2304/3814/2719 2306/3817/2722 2305/3820/2725 2303/3815/2720
f 2321/3821/2727 2306/3817/2729 2304/3814/2728
f 2308/3818/2723 2310/3822/2730 2309/3823/2731 2307/3819/2724
f 2308/3818/2732 2306/3817/2729 2321/3821/2727
f 2310/3822/2730 2312/3824/2733 2311/3825/2734 2309/3823/2731
f 2310/3822/2735 2308/3818/2732 2321/3821/2727
f 2314/3826/2736 2312/3824/2737 2321/3821/2727
f 2312/3824/2737 2310/3822/2735 2321/3821/2727
f 2312/3824/2733 2314/3826/2738 2313/3827/2739 2311/3825/2734
f 2314/3826/2738 2316/3828/2740 2315/3829/2741 2313/3827/2739
f 2316/3828/2742 2314/3826/2736 2321/3821/2727
f 2318/3830/2743 2320/3831/2744 2319/3832/2745 2317/3833/2746
f 2316/3828/2740 2318/3830/2743 2317/3833/2746 2315/3829/2741
f 2320/3831/2744 2323/3834/2747 2322/3835/2748 2319/3832/2745
f 2318/3830/2749 2316/3828/2742 2321/3821/2727
f 2323/3834/2747 2325/3836/2750 2324/3837/2751 2322/3835/2748
f 2320/3831/2752 2318/3830/2749 2321/3821/2727
f 2325/3836/2750 2327/3838/2753 2326/3839/2754 2324/3837/2751
f 2323/3834/2755 2320/3831/2752 2321/3821/2727
f 2325/3836/2756 2323/3834/2755 2321/3821/2727
f 2327/3838/2753 2329/3840/2757 2328/3841/2758 2326/3839/2754
f 2327/3838/2759 2325/3836/2756 2321/3821/2727
f 2329/3840/2757 2331/3842/2760 2330/3843/2761 2328/3841/2758
f 2321/3821/2727 2329/3840/2762 2327/3838/2759
f 2331/3842/2760 2333/3844/2763 2332/3845/2764 2330/3843/2761
f 2321/3821/2727 2331/3842/2765 2329/3840/2762
f 2333/3844/2763 2302/3813/2718 2334/3816/2721 2332/3845/2764
f 2333/3844/2766 2331/3842/2765 2321/3821/2727
f 2302/3813/2726 2333/3844/2766 2321/3821/2727
f 2254/3846/2669 2300/3847/2716 2334/3848/2767 2303/3849/2768
f 2297/3850/2713 2332/3851/2769 2334/3848/2767 2300/3847/2716
f 2342/3852/2770 2336/3853/2771 2351/3854/2772 2354/3855/2773
f 2340/3856/2774 2342/3852/2770 2354/3855/2773 2353/3857/2775
f 2337/3858/2776 2339/3859/2777 2345/3860/2778 2344/3861/2779
f 2341/3862/2780 2335/3863/2781 2343/3864/2782 2346/3865/2783
f 2335/3866/2781 2337/3858/2776 2344/3861/2779 2343/3867/2782
f 2346/3865/2783 2343/3864/2782 2347/3868/2784 2350/3869/2785
f 2339/3859/2777 2341/3862/2780 2346/3865/2783 2345/3860/2778
f 2345/3860/2778 2346/3865/2783 2350/3869/2785 2349/3870/2786
f 2343/3867/2782 2344/3861/2779 2348/3871/2787 2347/3872/2784
f 2344/3861/2779 2345/3860/2778 2349/3870/2786 2348/3871/2787
f 2339/3859/2777 2353/3857/2775 2354/3855/2773 2341/3862/2780
f 2341/3862/2780 2354/3855/2773 2351/3854/2772 2335/3863/2781
f 2335/3866/2781 2351/3873/2772 2352/3874/2788 2337/3858/2776
f 2337/3858/2776 2352/3874/2788 2353/3857/2775 2339/3859/2777
f 2342/3852/2770 2340/3856/2774 2381/3875/2789 2382/3876/2790
f 2336/3853/2771 2342/3852/2770 2382/3876/2790 2379/3877/2791
f 2359/3878/2792 2360/3879/2793 2368/3880/2794 2367/3881/2795
f 2357/3882/2796 2358/3883/2797 2366/3884/2798 2365/3885/2799
f 2355/3886/2800 2356/3887/2801 2364/3888/2802 2363/3889/2803
f 2362/3890/2804 2355/3886/2800 2363/3889/2803 2370/3891/2805
f 2360/3879/2793 2361/3892/2806 2369/3893/2807 2368/3880/2794
f 2358/3883/2797 2359/3894/2792 2367/3895/2795 2366/3884/2798
f 2356/3887/2801 2357/3882/2796 2365/3885/2799 2364/3888/2802
f 2361/3892/2806 2362/3890/2804 2370/3891/2805 2369/3893/2807
f 2359/3894/2792 2358/3883/2797 2374/3896/2808 2375/3897/2809
f 2355/3886/2800 2362/3890/2804 2378/3898/2810 2371/3899/2811
f 2356/3887/2801 2355/3886/2800 2371/3899/2811 2372/3900/2812
f 2360/3879/2793 2359/3878/2792 2375/3901/2809 2376/3902/2813
f 2357/3882/2796 2356/3887/2801 2372/3900/2812 2373/3903/2814
f 2361/3892/2806 2360/3879/2793 2376/3902/2813 2377/3904/2815
f 2358/3883/2797 2357/3882/2796 2373/3903/2814 2374/3896/2808
f 2362/3890/2804 2361/3892/2806 2377/3904/2815 2378/3898/2810
f 2336/3905/2771 2379/3906/2791 2380/3907/2816 2338/3908/2817
f 2340/3856/2774 2338/3908/2817 2380/3907/2816 2381/3875/2789
f 2294/3909/2710 2330/3910/2818 2332/3851/2769 2297/3850/2713
f 2291/3911/2707 2328/3912/2819 2330/3910/2818 2294/3909/2710
f 2288/3913/2704 2326/3914/2820 2328/3912/2819 2291/3911/2707
f 2285/3915/2701 2324/3916/2821 2326/3914/2820 2288/3913/2704
f 2282/3917/2698 2322/3918/2822 2324/3916/2821 2285/3915/2701
f 2278/3919/2696 2319/3920/2823 2322/3918/2822 2282/3917/2698
f 2275/3921/2694 2317/3922/2824 2319/3920/2823 2278/3919/2696
f 2272/3923/2692 2315/3924/2825 2317/3922/2824 2275/3921/2694
f 2269/3925/2689 2313/3926/2826 2315/3924/2825 2272/3923/2692
f 2266/3927/2683 2311/3928/2827 2313/3926/2826 2269/3925/2689
f 2263/3929/2680 2309/3930/2828 2311/3928/2827 2266/3927/2683
f 2260/3931/2677 2307/3932/2829 2309/3930/2828 2263/3929/2680
f 2257/3933/2670 2305/3934/2830 2307/3932/2829 2260/3931/2677
f 2254/3846/2669 2303/3849/2768 2305/3934/2830 2257/3933/2670
f 2383/3935/2831 2384/3936/1863 2386/3937/2832 2385/3938/2833
f 2385/3938/2833 2386/3937/2832 2388/3939/1879 2387/3940/2834
f 2387/3941/2834 2388/3942/1879 2390/3943/2835 2389/3944/2836
f 2389/3944/2836 2390/3943/2835 2392/3945/1865 2391/3946/2837
f 2391/3946/2837 2392/3945/1865 2394/3947/2838 2393/3948/2839
f 2393/3948/2839 2394/3947/2838 2396/3949/1807 2395/3950/2840
f 2393/3951/2839 2395/3952/2840 2405/3953/2841 2404/3954/2842
f 2395/3950/2840 2396/3949/1807 2398/3955/2843 2397/3956/2844
f 2397/3956/2844 2398/3955/2843 2384/3936/1863 2383/3935/2831
f 2387/3957/2834 2389/3958/2836 2402/3959/2845 2401/3960/2846
f 2383/3961/2831 2385/3962/2833 2400/3963/2847 2399/3964/2848
f 2397/3965/2844 2383/3961/2831 2399/3964/2848 2406/3966/2849
f 2391/3967/2837 2393/3951/2839 2404/3954/2842 2403/3968/2850
f 2385/3962/2833 2387/3957/2834 2401/3960/2846 2400/3963/2847
f 2395/3952/2840 2397/3965/2844 2406/3966/2849 2405/3953/2841
f 2389/3958/2836 2391/3967/2837 2403/3968/2850 2402/3959/2845
f 2400/3969/2847 2401/3970/2846 2409/3971/1879 2408/3972/2832
f 2402/3973/2845 2403/3974/2850 2411/3975/1865 2410/3976/2835
f 2404/3977/2842 2405/3978/2841 2413/3979/1807 2412/3980/2838
f 2406/3981/2849 2399/3982/2848 2407/3983/1863 2414/3984/2843
f 2399/3982/2848 2400/3969/2847 2408/3972/2832 2407/3983/1863
f 2401/3970/2846 2402/3973/2845 2410/3976/2835 2409/3971/1879
f 2403/3974/2850 2404/3977/2842 2412/3980/2838 2411/3975/1865
f 2405/3978/2841 2406/3981/2849 2414/3984/2843 2413/3979/1807
f 2392/3985/1864 2390/3986/1864 2415/3987/1864
f 2398/3988/1864 2396/3989/1864 2415/3987/1864
f 2388/3990/1864 2386/3991/1864 2415/3987/1864
f 2394/3992/1864 2392/3985/1864 2415/3987/1864
f 2384/3993/1864 2398/3988/1864 2415/3987/1864
f 2386/3991/1864 2384/3993/1864 2415/3987/1864
f 2390/3986/1864 2388/3990/1864 2415/3987/1864
f 2396/3989/1864 2394/3992/1864 2415/3987/1864
f 2416/3994/2851 2417/3995/1863 2419/3996/2832 2418/3997/2852
f 2418/3997/2852 2419/3996/2832 2421/3998/1879 2420/3999/2853
f 2420/4000/2853 2421/4001/1879 2423/4002/2835 2422/4003/2854
f 2422/4003/2854 2423/4002/2835 2425/4004/1865 2424/4005/2855
f 2424/4005/2855 2425/4004/1865 2427/4006/2838 2426/4007/2856
f 2426/4007/2856 2427/4006/2838 2429/4008/1807 2428/4009/2857
f 2426/4010/2856 2428/4011/2857 2432/4012/1
f 2428/4009/2857 2429/4008/1807 2431/4013/2843 2430/4014/2858
f 2430/4014/2858 2431/4013/2843 2417/3995/1863 2416/3994/2851
f 2420/4015/2853 2422/4016/2854 2432/4012/1
f 2422/4016/2854 2424/4017/2855 2432/4012/1
f 2428/4011/2857 2430/4018/2858 2432/4012/1
f 2418/4019/2852 2420/4015/2853 2432/4012/1
f 2424/4017/2855 2426/4010/2856 2432/4012/1
f 2430/4018/2858 2416/4020/2851 2432/4012/1
f 2416/4020/2851 2418/4019/2852 2432/4012/1
f 2425/4021/1864 2423/4022/1864 2433/4023/1864
f 2431/4024/1864 2429/4025/1864 2433/4023/1864
f 2421/4026/1864 2419/4027/1864 2433/4023/1864
f 2427/4028/1864 2425/4021/1864 2433/4023/1864
f 2417/4029/1864 2431/4024/1864 2433/4023/1864
f 2419/4027/1864 2417/4029/1864 2433/4023/1864
f 2423/4022/1864 2421/4026/1864 2433/4023/1864
f 2429/4025/1864 2427/4028/1864 2433/4023/1864
f 2434/4030/2859 2435/4031/2860 2437/4032/2861 2436/4033/2862
f 2436/4033/2862 2437/4032/2861 2439/4034/2863 2438/4035/2864
f 2438/4036/2864 2439/4037/2863 2441/4038/2865 2440/4039/2866
f 2440/4039/2866 2441/4038/2865 2443/4040/2867 2442/4041/2868
f 2442/4041/2868 2443/4040/2867 2445/4042/2869 2444/4043/2870
f 2444/4043/2870 2445/4042/2869 2447/4044/2871 2446/4045/2872
f 2446/4045/2872 2447/4044/2871 2449/4046/2873 2448/4047/2874
f 2448/4047/2874 2449/4046/2873 2435/4031/2860 2434/4030/2859
f 2443/4048/2867 2459/4049/2875 2461/4050/2876 2445/4051/2869
f 2440/4052/2866 2456/4053/2877 2454/4054/2878 2438/4055/2864
f 2434/4056/2859 2450/4057/2879 2464/4058/2880 2448/4059/2874
f 2436/4060/2862 2452/4061/2881 2450/4057/2879 2434/4056/2859
f 2439/4062/2863 2455/4063/2882 2457/4064/2883 2441/4065/2865
f 2449/4066/2873 2465/4067/2884 2451/4068/2885 2435/4069/2860
f 2435/4069/2860 2451/4068/2885 2453/4070/2886 2437/4071/2861
f 2446/4072/2872 2462/4073/2887 2460/4074/2888 2444/4075/2870
f 2445/4051/2869 2461/4050/2876 2463/4076/2889 2447/4077/2871
f 2442/4078/2868 2458/4079/2890 2456/4053/2877 2440/4052/2866
f 2441/4065/2865 2457/4064/2883 2459/4049/2875 2443/4048/2867
f 2438/4055/2864 2454/4054/2878 2452/4061/2881 2436/4060/2862
f 2448/4059/2874 2464/4058/2880 2462/4073/2887 2446/4072/2872
f 2437/4071/2861 2453/4070/2886 2455/4063/2882 2439/4062/2863
f 2447/4077/2871 2463/4076/2889 2465/4067/2884 2449/4066/2873
f 2444/4075/2870 2460/4074/2888 2458/4079/2890 2442/4078/2868
f 2481/4080/2891 2466/4081/2892 2467/4082/2893 2482/4083/2894
f 2468/4084/2895 2469/4085/2896 2484/4086/2897 2483/4087/2898
f 2469/4085/2896 2470/4088/2899 2485/4089/2900 2484/4086/2897
f 2476/4090/2901 2478/4091/2902 2504/4092/2903 2503/4093/2904
f 2485/4089/2900 2470/4088/2899 2466/4094/2892 2481/4095/2891
f 2467/4082/2893 2477/4096/2905 2480/4097/2906 2468/4084/2895
f 2470/4088/2899 2469/4085/2896 2478/4091/2902 2476/4090/2901
f 2505/4098/2907 2503/4093/2904 2475/4099/2908 2471/4100/2909
f 2502/4101/2910 2505/4102/2907 2471/4103/2909 2472/4104/2911
f 2467/4082/2893 2468/4084/2895 2483/4087/2898 2482/4083/2894
f 2467/4082/2893 2466/4081/2892 2479/4105/2912 2477/4096/2905
f 2480/4097/2906 2477/4096/2905 2502/4101/2910 2506/4106/2913
f 2506/4106/2913 2473/4107/2914 2474/4108/2915 2504/4092/2903
f 2466/4094/2892 2470/4088/2899 2476/4090/2901 2479/4109/2912
f 2487/4110/2916 2488/4111/2917 2500/4112/2918 2499/4113/2919
f 2488/4111/2917 2489/4114/2920 2501/4115/2921 2500/4112/2918
f 2489/4114/2920 2486/4116/2922 2498/4117/2923 2501/4115/2921
f 2495/4118/2924 2497/4119/2925 2510/4120/2926 2509/4121/2927
f 2507/4122/2928 2508/4123/2929 2492/4124/2930 2493/4125/2931
f 2488/4111/2917 2496/4126/2932 2494/4127/2933 2489/4114/2920
f 2508/4123/2929 2509/4121/2927 2491/4128/2934 2492/4124/2930
f 2497/4129/2925 2494/4127/2933 2507/4122/2928 2510/4130/2926
f 2494/4127/2933 2496/4126/2932 2508/4123/2929 2507/4122/2928
f 2487/4110/2916 2495/4118/2924 2496/4126/2932 2488/4111/2917
f 2510/4120/2926 2490/4131/2935 2491/4128/2934 2509/4121/2927
f 2506/4106/2913 2502/4101/2910 2472/4104/2911 2473/4107/2914
f 2477/4096/2905 2479/4105/2912 2505/4102/2907 2502/4101/2910
f 2478/4091/2902 2480/4097/2906 2506/4106/2913 2504/4092/2903
f 2469/4085/2896 2468/4084/2895 2480/4097/2906 2478/4091/2902
f 2479/4109/2912 2476/4090/2901 2503/4093/2904 2505/4098/2907
f 2486/4132/2922 2487/4110/2916 2499/4113/2919 2498/4133/2923
f 2510/4130/2926 2507/4122/2928 2493/4125/2931 2490/4134/2935
f 2496/4126/2932 2495/4118/2924 2509/4121/2927 2508/4123/2929
f 2487/4110/2916 2486/4132/2922 2497/4119/2925 2495/4118/2924
f 2513/4135/1 2514/4136/1 2519/4137/1
f 2515/4138/1 2516/4139/1 2519/4137/1
f 2517/4140/1 2518/4141/1 2519/4137/1
f 2512/4142/1 2513/4135/1 2519/4137/1
f 2514/4136/1 2515/4138/1 2519/4137/1
f 2516/4139/1 2517/4140/1 2519/4137/1
f 2518/4141/1 2511/4143/1 2519/4137/1
f 2511/4143/1 2512/4142/1 2519/4137/1
f 2489/4114/2920 2494/4127/2933 2497/4129/2925 2486/4116/2922
f 2504/4092/2903 2474/4108/2915 2475/4099/2908 2503/4093/2904
f 2300/3811/2716 2254/3764/2669 2255/3767/2672 2253/3768/2673
f 2336/3905/2771 2338/3908/2817 2352/3874/2788 2351/3873/2772
f 2338/3908/2817 2340/3856/2774 2353/3857/2775 2352/3874/2788
f 2524/4144/2936 2523/4145/2937 2520/4146/2938 2521/4147/2939
f 2521/4147/2939 2520/4146/2938 2522/4148/2940 2693/4149/2941
f 2526/4150/2942 2525/4151/2943 2523/4145/2937 2524/4144/2936
f 2528/4152/2944 2527/4153/2945 2525/4151/2943 2526/4150/2942
f 2530/4154/2946 2529/4155/2947 2527/4153/2945 2528/4152/2944
f 2532/4156/2948 2531/4157/2949 2529/4155/2947 2530/4154/2946
f 2534/4158/2950 2533/4159/2951 2531/4157/2949 2532/4156/2948
f 2536/4160/2952 2535/4161/2953 2533/4159/2951 2534/4158/2950
f 2538/4162/2954 2537/4163/2955 2535/4161/2953 2536/4160/2952
f 2540/4164/2956 2539/4165/2957 2537/4163/2955 2538/4162/2954
f 2542/4166/2958 2541/4167/2959 2539/4165/2957 2540/4164/2956
f 2546/4168/2960 2545/4169/2961 2543/4170/2962 2544/4171/2963
f 2548/4172/2964 2547/4173/2965 2545/4169/2961 2546/4168/2960
f 2550/4174/2966 2549/4175/2967 2547/4173/2965 2548/4172/2964
f 2552/4176/2968 2551/4177/2969 2549/4175/2967 2550/4174/2966
f 2554/4178/2970 2553/4179/2971 2551/4177/2969 2552/4176/2968
f 2556/4180/2972 2555/4181/2973 2553/4179/2971 2554/4178/2970
f 2558/4182/2974 2557/4183/2975 2555/4181/2973 2556/4180/2972
f 2560/4184/2976 2559/4185/2977 2557/4183/2975 2558/4182/2974
f 2562/4186/2978 2561/4187/2979 2559/4185/2977 2560/4184/2976
f 2564/4188/2980 2563/4189/2981 2561/4187/2979 2562/4186/2978
f 2566/4190/2982 2565/4191/2983 2563/4189/2981 2564/4188/2980
f 2568/4192/2984 2567/4193/2985 2565/4191/2983 2566/4190/2982
f 2570/4194/2986 2569/4195/2987 2567/4193/2985 2568/4192/2984
f 2572/4196/2988 2571/4197/2989 2569/4195/2987 2570/4194/2986
f 2574/4198/2990 2573/4199/2991 2571/4197/2989 2572/4196/2988
f 2576/4200/2992 2575/4201/2993 2573/4199/2991 2574/4198/2990
f 2576/4200/2992 2574/4198/2990 2577/4202/2994 2578/4203/2995
f 2578/4203/2996 2577/4202/2997 2579/4204/2998 2582/4205/2999
f 2579/4204/3000 2580/4206/3001 2588/4207/3002 2581/4208/3003
f 2577/4202/2997 2723/4209/3004 2580/4206/3005 2579/4204/2998
f 2582/4205/3006 2579/4204/3000 2581/4208/3003 2583/4210/3007
f 2583/4210/3007 2581/4208/3003 2584/4211/3008 2585/4212/3009
f 2581/4208/3003 2588/4207/3002 2586/4213/3010 2584/4211/3008
f 2588/4207/3002 2589/4214/3011 2587/4215/3012 2586/4213/3010
f 2580/4206/3001 2724/4216/3013 2590/4217/3014 2589/4214/3011 2588/4207/3002
f 2589/4214/3011 2591/4218/3015 2592/4219/3016 2587/4215/3012
f 2589/4214/3011 2590/4217/3014 2593/4220/3017 2591/4218/3015
f 2591/4218/3015 2594/4221/3018 2595/4222/3019 2592/4219/3016
f 2593/4220/3017 2596/4223/3020 2594/4221/3018 2591/4218/3015
f 2594/4221/3018 2597/4224/3021 2598/4225/3022 2595/4222/3019
f 2596/4223/3020 2599/4226/3023 2597/4224/3021 2594/4221/3018
f 2597/4224/3021 2600/4227/3024 2601/4228/3025 2598/4225/3022
f 2599/4226/3023 2602/4229/3026 2600/4227/3024 2597/4224/3021
f 2600/4227/3024 2603/4230/3027 2604/4231/3028 2601/4228/3025
f 2602/4229/3026 2605/4232/3029 2603/4230/3027 2600/4227/3024
f 2603/4230/3027 2606/4233/3030 2608/4234/3031 2604/4231/3028
f 2605/4232/3029 2607/4235/3032 2606/4233/3030 2603/4230/3027
f 2606/4233/3030 2607/4235/3032 2611/4236/3033 2609/4237/3034
f 2606/4233/3030 2609/4237/3034 2610/4238/3035 2608/4234/3031
f 2609/4237/3034 2612/4239/3036 2613/4240/3037 2610/4238/3035
f 2611/4236/3033 2614/4241/3038 2612/4239/3036 2609/4237/3034
f 2612/4239/3036 2615/4242/3039 2616/4243/3040 2613/4240/3037
f 2614/4241/3038 2617/4244/3041 2615/4242/3039 2612/4239/3036
f 2615/4242/3039 2618/4245/3042 2619/4246/3043 2616/4243/3040
f 2617/4244/3041 2620/4247/3044 2618/4245/3042 2615/4242/3039
f 2618/4245/3042 2621/4248/3045 2622/4249/3046 2619/4246/3043
f 2620/4247/3044 2623/4250/3047 2621/4248/3045 2618/4245/3042
f 2621/4248/3045 2624/4251/3048 2625/4252/3049 2622/4249/3046
f 2623/4250/3047 2626/4253/3050 2624/4251/3048 2621/4248/3045
f 2624/4251/3048 2627/4254/3051 2628/4255/3052 2625/4252/3049
f 2626/4253/3050 2709/4256/3053 2629/4257/3054 2627/4254/3051 2624/4251/3048
f 2627/4254/3051 2630/4258/3055 2631/4259/3056 2628/4255/3052
f 2629/4257/3054 2632/4260/3057 2630/4258/3055 2627/4254/3051
f 2630/4258/3055 2633/4261/3058 2634/4262/3059 2631/4259/3056
f 2632/4260/3057 2635/4263/3060 2633/4261/3058 2630/4258/3055
f 2633/4261/3058 2636/4264/3061 2639/4265/3062 2634/4262/3059
f 2635/4263/3060 2638/4266/3063 2636/4264/3061 2633/4261/3058
f 2639/4265/3064 2636/4264/3065 2637/4267/3066 2640/4268/3064
f 2636/4264/3065 2638/4266/3067 2637/4267/3066
f 2640/4268/3068 2637/4267/3069 2643/4269/3070 2641/4270/3071
f 2643/4269/3070 2645/4271/3072 2642/4272/3073 2641/4270/3071
f 2637/4267/3069 2638/4266/3074 2644/4273/3075 2643/4269/3070
f 2644/4273/3075 2646/4274/3076 2645/4271/3072 2643/4269/3070
f 2645/4271/3072 2647/4275/3077 2648/4276/3078 2642/4272/3073
f 2646/4274/3076 2649/4277/3079 2647/4275/3077 2645/4271/3072
f 2647/4275/3077 2650/4278/3080 2651/4279/3081 2648/4276/3078
f 2649/4277/3079 2652/4280/3082 2650/4278/3080 2647/4275/3077
f 2650/4278/3080 2653/4281/3083 2655/4282/3084 2651/4279/3081
f 2652/4280/3082 2654/4283/3085 2653/4281/3083 2650/4278/3080
f 2654/4283/3085 2658/4284/3086 2656/4285/3087 2653/4281/3083
f 2653/4281/3083 2656/4285/3087 2657/4286/3088 2655/4282/3084
f 2656/4285/3087 2659/4287/3089 2660/4288/3090 2657/4286/3088
f 2658/4284/3086 2661/4289/3091 2659/4287/3089 2656/4285/3087
f 2659/4287/3089 2662/4290/3092 2663/4291/3093 2660/4288/3090
f 2661/4289/3091 2664/4292/3094 2662/4290/3092 2659/4287/3089
f 2662/4290/3092 2665/4293/3095 2666/4294/3096 2663/4291/3093
f 2664/4292/3094 2667/4295/3097 2665/4293/3095 2662/4290/3092
f 2665/4293/3095 2668/4296/3098 2670/4297/3099 2666/4294/3096
f 2667/4295/3097 2669/4298/3100 2668/4296/3098 2665/4293/3095
f 2669/4298/3100 2689/4299/3101 2673/4300/3102 2671/4301/3103 2668/4296/3098
f 2668/4296/3098 2671/4301/3103 2672/4302/3104 2670/4297/3099
f 2671/4301/3103 2674/4303/3105 2675/4304/3106 2672/4302/3104
f 2673/4300/3102 2676/4305/3107 2674/4303/3105 2671/4301/3103
f 2674/4303/3105 2677/4306/3108 2678/4307/3109 2675/4304/3106
f 2676/4305/3107 2679/4308/3110 2677/4306/3108 2674/4303/3105
f 2677/4306/3108 2737/4309/3111 2736/4310/3112 2678/4307/3109
f 2679/4308/3110 2732/4311/3113 2737/4309/3111 2677/4306/3108
f 2683/4312/3114 2680/4313/3115 2679/4308/3116 2676/4305/3114
f 2680/4313/3115 2682/4314/3117 2732/4311/3117 2679/4308/3116
f 2684/4315/3118 2681/4316/3119 2680/4313/3120 2683/4312/3121
f 2681/4316/3119 2576/4200/2992 2578/4203/2995 2731/4317/3122 2682/4314/3122 2680/4313/3120
f 2685/4318/3123 2683/4312/3114 2676/4305/3114 2673/4300/3124
f 2686/4319/3125 2684/4315/3118 2683/4312/3121 2685/4318/3126
f 2689/4299/3127 2687/4320/3127 2685/4318/3123 2673/4300/3124
f 2693/4149/2941 2686/4319/3125 2685/4318/3126 2687/4320/3128 2688/4321/3129
f 2687/4320/3130 2690/4322/3130 2692/4323/3130 2688/4321/3130
f 2687/4320/3131 2689/4299/3132 2691/4324/3133 2690/4322/3131
f 2691/4324/3134 2692/4323/3134 2690/4322/3134
f 2689/4299/3132 2688/4321/3135 2692/4323/3135 2691/4324/3133
f 2689/4299/3134 2669/4298/3136 2688/4321/3137
f 2694/4325/3138 2688/4321/3137 2669/4298/3136 2667/4295/3138
f 2521/4147/2939 2693/4149/2941 2688/4321/3129 2694/4325/3139
f 2524/4144/2936 2521/4147/2939 2694/4325/3139 2695/4326/3140
f 2695/4326/3141 2694/4325/3138 2667/4295/3138 2664/4292/3141
f 2696/4327/3142 2695/4326/3141 2664/4292/3141 2661/4289/3142
f 2526/4150/2942 2524/4144/2936 2695/4326/3140 2696/4327/3143
f 2697/4328/3144 2696/4327/3142 2661/4289/3142 2658/4284/3144
f 2528/4152/2944 2526/4150/2942 2696/4327/3143 2697/4328/3145
f 2530/4154/2946 2528/4152/2944 2697/4328/3145 2698/4329/3146
f 2658/4284/3144 2654/4283/3147 2699/4330/3147 2698/4329/3147 2697/4328/3144
f 2699/4330/3148 2654/4283/3148 2652/4280/3149 2700/4331/3149 2698/4329/3148
f 2532/4156/2948 2530/4154/2946 2698/4329/3150 2700/4331/3151
f 2534/4158/2950 2532/4156/2948 2700/4331/3151 2701/4332/3152
f 2701/4332/3153 2700/4331/3149 2652/4280/3149 2649/4277/3153
f 2702/4333/3154 2701/4332/3153 2649/4277/3153 2646/4274/3155
f 2536/4160/2952 2534/4158/2950 2701/4332/3152 2702/4333/3156
f 2703/4334/3157 2702/4333/3154 2646/4274/3155 2644/4273/3158
f 2538/4162/2954 2536/4160/2952 2702/4333/3156 2703/4334/3159
f 2703/4334/3157 2644/4273/3158 2638/4266/3160
f 2540/4164/2956 2538/4162/2954 2703/4334/3159 2704/4335/3161
f 2704/4335/3162 2703/4334/3162 2638/4266/3162
f 2635/4263/3163 2704/4335/3161 2638/4266/3164
f 2635/4263/3163 2632/4260/3165 2705/4336/3166 2704/4335/3161
f 2706/4337/3167 2705/4336/3166 2632/4260/3165 2629/4257/3168
f 2544/4171/2963 2542/4166/2958 2705/4336/3166 2706/4337/3169
f 2707/4338/3170 2706/4337/3167 2629/4257/3168 2709/4256/3170
f 2544/4171/2963 2706/4337/3169 2707/4338/3171
f 2709/4256/3172 2708/4339/3172 2707/4338/3172
f 2707/4338/3173 2708/4339/3173 2546/4168/3173
f 2546/4168/2960 2544/4171/2963 2707/4338/3171
f 2710/4340/3174 2708/4339/3175 2709/4256/3175 2626/4253/3176
f 2710/4340/3177 2546/4168/2960 2708/4339/3178
f 2711/4341/3179 2710/4340/3174 2626/4253/3176 2623/4250/3179
f 2548/4172/2964 2546/4168/2960 2710/4340/3177 2711/4341/3180
f 2712/4342/3181 2711/4341/3179 2623/4250/3179 2620/4247/3181
f 2550/4174/2966 2548/4172/2964 2711/4341/3180 2712/4342/3182
f 2552/4176/2968 2550/4174/2966 2712/4342/3182 2713/4343/3183
f 2713/4343/3184 2712/4342/3181 2620/4247/3181 2617/4244/3184
f 2714/4344/3185 2713/4343/3184 2617/4244/3184 2614/4241/3185
f 2554/4178/2970 2552/4176/2968 2713/4343/3183 2714/4344/3186
f 2715/4345/3187 2611/4236/3187 2607/4235/3188 2716/4346/3188
f 2556/4180/2972 2554/4178/2970 2714/4344/3186 2715/4345/3189
f 2558/4182/2974 2556/4180/2972 2715/4345/3189 2716/4346/3190
f 2560/4184/2976 2558/4182/2974 2716/4346/3190 2717/4347/3191
f 2718/4348/3192 2717/4347/3193 2605/4232/3193 2602/4229/3192
f 2562/4186/2978 2560/4184/2976 2717/4347/3191 2718/4348/3194
f 2719/4349/3195 2718/4348/3192 2602/4229/3192 2599/4226/3195
f 2564/4188/2980 2562/4186/2978 2718/4348/3194 2719/4349/3196
f 2720/4350/3197 2719/4349/3195 2599/4226/3195 2596/4223/3197
f 2566/4190/2982 2564/4188/2980 2719/4349/3196 2720/4350/3198
f 2568/4192/2984 2566/4190/2982 2720/4350/3198 2721/4351/3199
f 2721/4351/3200 2720/4350/3197 2596/4223/3197 2593/4220/3201
f 2724/4216/3202 2722/4352/3203 2590/4217/3204
f 2572/4196/2988 2570/4194/2986 2722/4352/3205 2723/4209/3206
f 2723/4209/3207 2722/4352/3207 2725/4353/3207 2726/4354/3207
f 2722/4352/3208 2724/4216/3208 2727/4355/3208 2725/4353/3208
f 2725/4353/3209 2727/4355/3209 2726/4354/3209
f 2724/4216/3210 2723/4209/3210 2726/4354/3210 2727/4355/3210
f 2724/4216/3211 2580/4206/3005 2723/4209/3004
f 2574/4198/2990 2572/4196/2988 2723/4209/3206 2577/4202/2994
f 2693/4149/2941 2522/4148/2940 2728/4356/3212 2686/4319/3125
f 2686/4319/3125 2728/4356/3212 2729/4357/3213 2684/4315/3118
f 2684/4315/3118 2729/4357/3213 2730/4358/3214 2681/4316/3119
f 2681/4316/3119 2730/4358/3214 2575/4201/2993 2576/4200/2992
f 2731/4317/3215 2735/4359/3215 2733/4360/3215 2682/4314/3215
f 2732/4311/3216 2682/4314/3216 2733/4360/3216 2734/4361/3216
f 2734/4361/3217 2733/4360/3217 2735/4359/3217
f 2731/4317/3218 2732/4311/3218 2734/4361/3218 2735/4359/3218
f 2704/4335/3161 2705/4336/3166 2542/4166/2958 2540/4164/2956
f 2593/4220/3201 2590/4217/3204 2722/4352/3203 2721/4351/3200
f 2721/4351/3199 2722/4352/3205 2570/4194/2986 2568/4192/2984
f 2614/4241/3185 2611/4236/3187 2715/4345/3187 2714/4344/3185
f 2607/4235/3188 2605/4232/3193 2717/4347/3193 2716/4346/3188
f 2732/4311/3219 2731/4317/3219 2578/4203/2996 2582/4205/2999
f 2736/4310/3112 2737/4309/3111 2583/4210/3007 2585/4212/3009
f 2737/4309/3111 2732/4311/3113 2582/4205/3006 2583/4210/3007
f 2739/4362/3220 2738/4363/3221 2741/4364/3222
f 2738/4363/3223 2740/4365/3224 2741/4364/3225
f 2742/4366/3226 2741/4367/3227 2744/4368/3228
f 2739/4362/3229 2741/4364/3230 2742/4369/3229
f 2745/4370/3231 2741/4367/3232 2740/4371/3233
f 2743/4372/3234 2741/4367/3234 2745/4370/3234
f 2741/4367/3235 2743/4372/3235 2744/4368/3235
f 2746/4373/3236 2745/4370/3231 2740/4371/3233 2748/4374/3237
f 2743/4372/3238 2745/4370/3238 2746/4373/3238
f 2747/4375/3239 2743/4372/3239 2746/4373/3239
f 2750/4376/3240 2747/4375/3241 2746/4373/3242
f 2746/4373/3236 2748/4374/3237 2749/4377/3243
f 2749/4377/3244 2750/4376/3240 2746/4373/3242
f 2750/4376/3245 2751/4378/3245 2755/4379/3246 2747/4375/3245
f 2750/4376/3247 2749/4377/3247 2753/4380/3247 2752/4381/3247
f 2751/4378/3248 2750/4376/3248 2752/4381/3248 2754/4382/3248
f 2752/4381/3249 2753/4380/3249 2754/4382/3249
f 2749/4377/3250 2751/4378/3250 2754/4382/3250 2753/4380/3250
f 2757/4383/3251 2755/4379/3252 2751/4378/3253
f 2757/4383/3251 2751/4378/3253 2756/4384/3254
f 2756/4384/3255 2751/4378/3255 2749/4377/3255 2748/4374/3255
f 2757/4383/3256 2756/4384/3256 2748/4374/3256 2740/4371/3256
f 2757/4383/3251 2758/4385/3257 2755/4379/3252
f 2742/4369/3258 2758/4386/3258 2759/4387/3258 2739/4362/3258
f 2758/4385/3257 2760/4388/3259 2755/4379/3252
f 2742/4366/3260 2761/4389/3260 2760/4388/3260 2758/4385/3260
f 2755/4379/3261 2760/4388/3262 2761/4389/3262 2762/4390/3262
f 2763/4391/3263 2762/4390/3264 2761/4389/3265
f 2744/4368/3228 2763/4391/3263 2761/4389/3265 2742/4366/3226
f 2743/4372/3266 2762/4390/3266 2763/4391/3266
f 2743/4372/3267 2763/4391/3267 2744/4368/3267
f 2762/4390/3268 2743/4372/3268 2755/4379/3268
f 2755/4379/3269 2743/4372/3269 2747/4375/3269
f 2765/4392/3270 2767/4393/3271 2764/4394/3272
f 2764/4394/3273 2767/4393/3274 2766/4395/3275
f 2765/4392/3276 2768/4396/3277 2767/4393/3278
f 2767/4397/3279 2768/4398/3280 2772/4399/3281 2771/4400/3281
f 2770/4401/3282 2766/4402/3283 2767/4397/3284
f 2769/4403/3285 2770/4401/3285 2767/4397/3285
f 2769/4403/3286 2767/4397/3286 2771/4400/3286
f 2774/4404/3287 2771/4400/3288 2772/4399/3288
f 2771/4400/3289 2773/4405/3289 2769/4403/3289
f 2771/4400/3288 2774/4404/3287 2773/4405/3290
f 2772/4399/3291 2776/4406/3291 2774/4404/3291
f 2774/4404/3292 2776/4406/3292 2793/4407/3293 2775/4408/3292
f 2777/4409/3294 2774/4404/3287 2775/4408/3295
f 2773/4405/3290 2774/4404/3287 2777/4409/3294
f 2777/4409/3294 2775/4408/3295 2778/4410/3296
f 2781/4411/3297 2779/4412/3297 2777/4409/3297 2778/4410/3297
f 2779/4412/3298 2773/4405/3299 2777/4409/3300
f 2781/4413/3301 2765/4392/3301 2780/4414/3301 2779/4415/3301
f 2782/4416/3302 2773/4405/3299 2779/4412/3298
f 2782/4416/3303 2766/4402/3303 2792/4417/3303 2783/4418/3303
f 2782/4416/3302 2783/4418/3304 2784/4419/3305
f 2782/4416/3302 2784/4419/3305 2773/4405/3299
f 2786/4420/3306 2790/4421/3306 2773/4405/3307 2784/4419/3306
f 2783/4418/3308 2792/4417/3308 2785/4422/3308 2784/4419/3308
f 2785/4422/3309 2788/4423/3309 2787/4424/3309 2784/4419/3309
f 2784/4419/3310 2787/4424/3310 2789/4425/3310 2786/4420/3310
f 2789/4425/3311 2787/4424/3311 2788/4423/3311
f 2786/4420/3312 2789/4425/3312 2788/4423/3312 2785/4422/3312
f 2786/4420/3313 2791/4426/3314 2790/4421/3315
f 2785/4422/3316 2791/4426/3314 2786/4420/3313
f 2790/4421/3317 2791/4426/3317 2769/4403/3317
f 2791/4426/3318 2792/4417/3319 2766/4402/3283 2770/4401/3282
f 2769/4403/3320 2791/4426/3320 2770/4401/3320
f 2791/4426/3318 2785/4422/3321 2792/4417/3319
f 2773/4405/3322 2790/4421/3322 2769/4403/3322
f 2793/4427/3323 2765/4392/3276 2781/4413/3276
f 2778/4410/3324 2775/4408/3324 2793/4407/3325 2781/4411/3324
f 2793/4407/3326 2776/4406/3326 2768/4398/3327
f 2768/4396/3328 2765/4392/3276 2793/4427/3329
f 2768/4398/3330 2776/4406/3331 2772/4399/3331
f 2806/4428/3332 2797/4429/3333 2823/4430/3334 2822/4431/3335
f 2805/4432/3336 2803/4433/3336 2801/4434/3336 2796/4435/3336
f 2802/4436/3337 2805/4437/3337 2796/4438/3337 2800/4439/3337
f 2795/4440/3338 2807/4441/3338 2801/4434/3338 2803/4433/3338
f 2795/4442/3339 2798/4443/3339 2794/4444/3340 2799/4445/3341
f 2804/4446/3342 2807/4447/3342 2797/4448/3333 2806/4449/3332
f 2795/4440/3343 2803/4433/3343 2805/4432/3343 2798/4450/3343
f 2794/4451/3344 2802/4452/3344 2826/4453/3345 2825/4454/3346
f 2804/4455/3347 2796/4435/3347 2801/4434/3347 2807/4441/3347
f 2802/4436/3348 2794/4444/3348 2798/4443/3348 2805/4437/3348
f 2796/4438/3349 2804/4446/3349 2806/4449/3350 2800/4439/3351
f 2799/4445/3338 2797/4448/3338 2807/4447/3338 2795/4442/3338
f 2824/4456/3352 2799/4457/3341 2794/4458/3340 2825/4459/3353
f 2826/4453/3354 2802/4452/3355 2800/4460/3355 2827/4461/3356
f 2827/4461/3357 2800/4460/3351 2806/4462/3350 2822/4463/3358
f 2819/4464/3359 2810/4465/3359 2815/4466/3359 2817/4467/3359
f 2816/4468/3360 2814/4469/3360 2810/4470/3360 2819/4471/3360
f 2817/4467/3361 2815/4466/3361 2821/4472/3361 2809/4473/3361
f 2813/4474/3362 2808/4475/3363 2812/4476/3364 2809/4477/3364
f 2820/4478/3365 2811/4479/3366 2821/4480/3367 2818/4481/3367
f 2809/4473/3368 2812/4482/3368 2819/4464/3368 2817/4467/3368
f 2808/4483/3369 2831/4484/3370 2832/4485/3371 2816/4486/3369
f 2818/4487/3372 2821/4472/3372 2815/4466/3372 2810/4465/3372
f 2816/4468/3373 2819/4471/3373 2812/4476/3373 2808/4475/3373
f 2810/4470/3374 2814/4469/3375 2820/4478/3376 2818/4481/3374
f 2809/4477/3361 2821/4480/3361 2811/4479/3361 2813/4474/3361
f 2830/4488/3377 2831/4489/3378 2808/4490/3363 2813/4491/3362
f 2828/4492/3379 2829/4493/3380 2811/4494/3366 2820/4495/3365
f 2832/4485/3381 2833/4496/3382 2814/4497/3383 2816/4486/3383
f 2833/4496/3384 2828/4498/3385 2820/4499/3376 2814/4497/3375
f 2830/4488/3377 2824/4456/3352 2825/4459/3353 2831/4489/3378
f 2828/4492/3379 2822/4431/3335 2823/4430/3334 2829/4493/3380
f 2832/4485/3381 2826/4453/3354 2827/4461/3356 2833/4496/3382
f 2831/4484/3370 2825/4454/3346 2826/4453/3345 2832/4485/3371
f 2833/4496/3384 2827/4461/3357 2822/4463/3358 2828/4498/3385
f 2874/4500/3386 2877/4501/3387 2878/4502/3388 2875/4503/3389
f 2928/4504/3390 2929/4505/3391 2874/4500/3386 2875/4503/3389
f 2928/4504/3390 2876/4506/3392 2873/4507/3393 2927/4508/3394
f 2933/4509/3395 2934/4510/3396 2873/4507/3393 2876/4506/3392
f 2927/4508/3394 2873/4507/3393 2839/4511/3397 2872/4512/3398
f 2928/4504/3390 2927/4508/3394 2926/4513/3399 2929/4505/3391
f 2875/4503/3389 2840/4514/3400 2876/4506/3392 2928/4504/3390
f 2841/4515/3401 2840/4514/3400 2875/4503/3389 2878/4502/3388
f 2930/4516/3402 2890/4517/3403 2848/4518/3404 2897/4519/3405
f 2879/4520/3406 2880/4521/3407 2932/4522/3408 2931/4523/3409
f 2843/4524/3410 2877/4501/3387 2874/4500/3386
f 2885/4525/3411 2883/4526/3412 2882/4527/3413 2884/4528/3414
f 2884/4528/3414 2886/4529/3415 2887/4530/3416 2885/4525/3411
f 2898/4531/3417 2896/4532/3418 2844/4533/3419 2845/4534/3420
f 2843/4524/3410 2879/4520/3406 2931/4523/3409 2877/4501/3387
f 2931/4523/3409 2932/4522/3408 2878/4502/3388 2877/4501/3387
f 2883/4526/3412 2880/4521/3407 2879/4520/3406 2882/4527/3413
f 2880/4521/3407 2842/4535/3421 2881/4536/3422 2932/4522/3408
f 2932/4522/3408 2881/4536/3422 2841/4515/3401 2878/4502/3388
f 2840/4514/3400 2897/4519/3405 2933/4509/3395 2876/4506/3392
f 2897/4519/3405 2848/4518/3404 2889/4537/3423 2933/4509/3395
f 2902/4538/3424 2912/4539/3425 2911/4540/3426 2903/4541/3427
f 2888/4542/3428 2934/4510/3396 2933/4509/3395 2889/4537/3423
f 2843/4524/3410 2882/4527/3413 2879/4520/3406
f 2844/4533/3419 2842/4535/3421 2880/4521/3407 2883/4526/3412
f 2935/4543/3429 2895/4544/3430 2842/4535/3421 2844/4533/3419 2896/4532/3418
f 2843/4524/3410 2884/4528/3414 2882/4527/3413
f 2845/4534/3420 2844/4533/3419 2883/4526/3412 2885/4525/3411
f 2850/4545/3431 2915/4546/3432 2918/4547/3433 2849/4548/3434
f 2934/4510/3396 2888/4542/3428 2847/4549/3435 2894/4550/3436
f 2873/4507/3393 2934/4510/3396 2894/4550/3436 2839/4511/3397
f 2872/4512/3398 2887/4530/3416 2886/4529/3415 2871/4551/3437
f 2926/4513/3399 2927/4508/3394 2872/4512/3398 2871/4551/3437
f 2896/4532/3418 2849/4552/3438 2891/4553/3439 2935/4543/3429
f 2843/4524/3410 2886/4529/3415 2884/4528/3414
f 2847/4549/3435 2846/4554/3440 2892/4555/3441 2894/4550/3436
f 2846/4554/3440 2850/4556/3442 2898/4531/3417 2892/4555/3441
f 2894/4550/3436 2892/4555/3441 2838/4557/3443 2839/4511/3397
f 2846/4558/3444 2916/4559/3445 2915/4546/3432 2850/4545/3431
f 2892/4555/3441 2898/4531/3417 2845/4534/3420 2838/4557/3443
f 2853/4560/3446 2900/4561/3447 2936/4562/3448 2914/4563/3449
f 2870/4564/3450 2925/4565/3451 2945/4566/3452 2942/4567/3453 2924/4568/3454
f 2937/4569/3455 2936/4562/3448 2900/4561/3447 2899/4570/3456
f 2914/4563/3449 2936/4562/3448 2889/4571/3457 2848/4572/3458
f 2918/4547/3433 2915/4546/3432 2855/4573/3459 2854/4574/3460
f 2862/4575/3461 2861/4576/3462 2864/4577/3463 2866/4578/3464
f 2915/4546/3432 2916/4559/3445 2851/4579/3465 2855/4573/3459
f 2847/4580/3466 2917/4581/3467 2916/4559/3445 2846/4558/3444
f 2916/4559/3445 2917/4581/3467 2852/4582/3468 2851/4579/3465
f 2856/4583/3469 2862/4575/3461 2866/4578/3464 2868/4584/3470
f 2847/4580/3466 2888/4585/3471 2937/4569/3455 2917/4581/3467
f 2917/4581/3467 2937/4569/3455 2899/4570/3456 2852/4582/3468
f 2913/4586/3472 2906/4587/3473 2860/4588/3474 2863/4589/3475
f 2866/4590/3464 2864/4591/3463 2854/4592/3476 2855/4593/3477
f 2853/4594/3478 2865/4595/3479 2911/4596/3426 2900/4597/3480
f 2899/4598/3481 2912/4599/3425 2869/4600/3482 2852/4601/3483
f 2854/4592/3476 2864/4591/3463 2913/4602/3472 2939/4603/3484 2901/4604/3485
f 2910/4605/3486 2938/4606/3487 2904/4607/3488 2858/4608/3489 2865/4609/3479
f 2908/4610/3490 2859/4611/3491 2904/4607/3488 2938/4606/3487
f 2857/4612/3492 2856/4583/3469 2868/4584/3470 2869/4613/3482
f 2869/4600/3482 2868/4614/3470 2851/4615/3493 2852/4601/3483
f 2860/4588/3474 2905/4616/3494 2909/4617/3495 2863/4589/3475
f 2909/4617/3495 2905/4616/3494 2859/4611/3491 2908/4610/3490 2867/4618/3496
f 2865/4609/3479 2858/4608/3489 2903/4541/3427 2911/4540/3426
f 2868/4614/3470 2866/4590/3464 2855/4593/3477 2851/4615/3493
f 2907/4619/3497 2939/4603/3484 2913/4602/3472 2863/4620/3475
f 2900/4597/3480 2911/4596/3426 2912/4599/3425 2899/4598/3481
f 2838/4557/3443 2887/4530/3416 2872/4512/3398 2839/4511/3397
f 2920/4621/3498 2921/4622/3499 2861/4623/3462 2862/4624/3461
f 2843/4524/3410 2874/4500/3386 2929/4505/3391 2926/4513/3399 2871/4551/3437
f 2888/4585/3471 2889/4571/3457 2936/4562/3448 2937/4569/3455
f 2912/4539/3425 2902/4538/3424 2857/4612/3492 2869/4613/3482
f 2925/4565/3451 2919/4625/3500 2856/4626/3469 2857/4627/3492
f 2843/4524/3410 2871/4551/3437 2886/4529/3415
f 2891/4628/3501 2849/4548/3434 2918/4547/3433 2940/4629/3502
f 2940/4629/3502 2918/4547/3433 2854/4574/3460 2901/4630/3503
f 2858/4631/3489 2924/4568/3454 2942/4567/3453 2903/4632/3427
f 2905/4633/3494 2941/4634/3504 2923/4635/3505 2859/4636/3491
f 2919/4625/3500 2920/4621/3498 2862/4624/3461 2856/4626/3469
f 2850/4556/3442 2849/4552/3438 2896/4532/3418 2898/4531/3417
f 2861/4623/3462 2921/4622/3499 2943/4637/3506 2906/4638/3473
f 2860/4639/3474 2922/4640/3507 2941/4634/3504 2905/4633/3494
f 2859/4636/3491 2923/4635/3505 2944/4641/3508 2904/4642/3488
f 2906/4638/3473 2943/4637/3506 2922/4640/3507 2860/4639/3474
f 2904/4642/3488 2944/4641/3508 2924/4568/3454 2858/4631/3489
f 2838/4557/3443 2845/4534/3420 2885/4525/3411 2887/4530/3416
f 2902/4643/3424 2945/4566/3452 2925/4565/3451 2857/4627/3492
f 2864/4577/3463 2861/4576/3462 2906/4587/3473 2913/4586/3472
f 2870/4564/3450 2921/4622/3499 2920/4621/3498
f 2870/4564/3450 2923/4635/3505 2941/4634/3504 2922/4640/3507
f 2942/4567/3453 2945/4566/3452 2902/4643/3424 2903/4632/3427
f 2870/4564/3450 2919/4625/3500 2925/4565/3451
f 2870/4564/3450 2920/4621/3498 2919/4625/3500
f 2870/4564/3450 2922/4640/3507 2943/4637/3506 2921/4622/3499
f 2870/4564/3450 2924/4568/3454 2944/4641/3508 2923/4635/3505
f 2930/4516/3402 2897/4519/3405 2840/4514/3400 2841/4515/3401 2893/4644/3509
f 2950/4645/3510 2951/4646/3511 2954/4647/3512 2955/4648/3513
f 2954/4647/3512 2957/4649/3514 2958/4650/3515 2955/4648/3513
f 2952/4651/3516 2946/4652/3517 2947/4653/3518 2953/4654/3519
f 2951/4646/3511 2952/4651/3516 2953/4654/3519 2954/4647/3512
f 2955/4648/3513 2949/4655/3520 2950/4645/3510
f 2947/4653/3518 2948/4656/3521 2956/4657/3522 2953/4654/3519
f 2953/4654/3519 2956/4657/3522 2957/4649/3514 2954/4647/3512
f 2958/4650/3515 2949/4655/3520 2955/4648/3513
f 2963/4658/3523 2964/4659/3524 2967/4660/3525 2968/4661/3526
f 2967/4660/3525 2970/4662/3527 2971/4663/3528 2968/4661/3526
f 2965/4664/3529 2959/4665/3530 2960/4666/3531 2966/4667/3532
f 2964/4659/3524 2965/4664/3529 2966/4667/3532 2967/4660/3525
f 2968/4661/3526 2962/4668/3533 2963/4658/3523
f 2960/4666/3531 2961/4669/3534 2969/4670/3535 2966/4667/3532
f 2966/4667/3532 2969/4670/3535 2970/4662/3527 2967/4660/3525
f 2971/4663/3528 2962/4668/3533 2968/4661/3526
f 2976/4671/3536 2977/4672/3537 2980/4673/3538 2981/4674/3539
f 2980/4673/3538 2983/4675/3540 2984/4676/3541 2981/4674/3539
f 2978/4677/3542 2972/4678/3543 2973/4679/3544 2979/4680/3545
f 2977/4672/3537 2978/4677/3542 2979/4680/3545 2980/4673/3538
f 2981/4674/3539 2975/4681/3546 2976/4671/3536
f 2973/4679/3544 2974/4682/3547 2982/4683/3548 2979/4680/3545
f 2979/4680/3545 2982/4683/3548 2983/4675/3540 2980/4673/3538
f 2984/4676/3541 2975/4681/3546 2981/4674/3539
f 2989/4684/3549 2990/4685/3550 2993/4686/3551 2994/4687/3552
f 2993/4686/3551 2996/4688/3553 2997/4689/3554 2994/4687/3552
f 2991/4690/3555 2985/4691/3556 2986/4692/3557 2992/4693/3558
f 2990/4685/3550 2991/4690/3555 2992/4693/3558 2993/4686/3551
f 2994/4687/3552 2988/4694/3559 2989/4684/3549
f 2986/4692/3557 2987/4695/3560 2995/4696/3561 2992/4693/3558
f 2992/4693/3558 2995/4696/3561 2996/4688/3553 2993/4686/3551
f 2997/4689/3554 2988/4694/3559 2994/4687/3552
f 3002/4697/3562 3003/4698/3563 3006/4699/3564 3007/4700/3565
f 3006/4699/3564 3009/4701/3566 3010/4702/3567 3007/4700/3565
f 3004/4703/3568 2998/4704/3569 2999/4705/3570 3005/4706/3571
f 3003/4698/3563 3004/4703/3568 3005/4706/3571 3006/4699/3564
f 3007/4700/3565 3001/4707/3572 3002/4697/3562
f 2999/4705/3570 3000/4708/3573 3008/4709/3574 3005/4706/3571
f 3005/4706/3571 3008/4709/3574 3009/4701/3566 3006/4699/3564
f 3010/4702/3567 3001/4707/3572 3007/4700/3565
f 3015/4710/3575 3016/4711/3576 3019/4712/3577 3020/4713/3578
f 3019/4712/3577 3022/4714/3579 3023/4715/3580 3020/4713/3578
f 3017/4716/3581 3011/4717/3582 3012/4718/3583 3018/4719/3584
f 3016/4711/3576 3017/4716/3581 3018/4719/3584 3019/4712/3577
f 3020/4713/3578 3014/4720/3585 3015/4710/3575
f 3012/4718/3583 3013/4721/3586 3021/4722/3587 3018/4719/3584
f 3018/4719/3584 3021/4722/3587 3022/4714/3579 3019/4712/3577
f 3023/4715/3580 3014/4720/3585 3020/4713/3578
f 3028/4723/3588 3029/4724/3589 3032/4725/3590 3033/4726/3591
f 3032/4725/3590 3035/4727/3592 3036/4728/3593 3033/4726/3591
f 3030/4729/3594 3024/4730/3595 3025/4731/3596 3031/4732/3597
f 3029/4724/3589 3030/4729/3594 3031/4732/3597 3032/4725/3590
f 3033/4726/3591 3027/4733/3598 3028/4723/3588
f 3025/4731/3596 3026/4734/3599 3034/4735/3600 3031/4732/3597
f 3031/4732/3597 3034/4735/3600 3035/4727/3592 3032/4725/3590
f 3036/4728/3593 3027/4733/3598 3033/4726/3591
f 3069/4736/3601 3040/4737/3602 3037/4738/3603 3038/4739/3604
f 3038/4739/3604 3037/4738/3603 3039/4740/3605 3059/4741/3606
f 3039/4740/3605 3037/4738/3603 3041/4742/3607 3042/4743/3608
f 3037/4738/3603 3040/4737/3602 3043/4744/3609 3041/4742/3607
f 3077/4745/3610 3076/4746/3611 3045/4747/3612 3053/4748/3613
f 3074/4749/3614 3073/4750/3615 3041/4751/3607 3043/4752/3609
f 3040/4737/3602 3046/4753/3616 3044/4754/3617 3043/4744/3609
f 3078/4755/3618 3077/4745/3610 3053/4748/3613 3054/4756/3619
f 3046/4753/3616 3048/4757/3620 3045/4758/3612 3044/4754/3617
f 3047/4759/3621 3046/4753/3616 3040/4737/3602 3069/4736/3601
f 3049/4760/3622 3048/4757/3620 3046/4753/3616 3047/4759/3621
f 3051/4761/3623 3050/4762/3624 3048/4757/3620 3049/4760/3622
f 3048/4757/3620 3050/4762/3624 3053/4763/3613 3045/4758/3612
f 3060/4764/3625 3052/4765/3626 3050/4762/3624 3051/4761/3623
f 3050/4762/3624 3052/4765/3626 3054/4766/3619 3053/4763/3613
f 3076/4746/3611 3075/4767/3627 3044/4768/3617 3045/4747/3612
f 3075/4767/3627 3074/4749/3614 3043/4752/3609 3044/4768/3617
f 3073/4750/3615 3071/4769/3628 3042/4770/3608 3041/4751/3607
f 3052/4765/3626 3056/4771/3629 3055/4772/3630 3054/4766/3619
f 3070/4773/3631 3078/4755/3618 3054/4756/3619 3055/4774/3630
f 3056/4771/3629 3039/4740/3605 3042/4743/3608 3055/4772/3630
f 3057/4775/3632 3056/4771/3629 3052/4765/3626 3060/4764/3625
f 3059/4741/3606 3039/4740/3605 3056/4771/3629 3057/4775/3632
f 3064/4776/3633 3059/4741/3606 3057/4775/3632 3058/4777/3634
f 3058/4777/3634 3057/4775/3632 3060/4764/3625 3061/4778/3635
f 3061/4778/3635 3060/4764/3625 3051/4761/3623 3062/4779/3636
f 3063/4780/3637 3061/4778/3635 3062/4779/3636
f 3063/4780/3637 3058/4777/3634 3061/4778/3635
f 3063/4780/3637 3065/4781/3638 3064/4776/3633
f 3063/4780/3637 3064/4776/3633 3058/4777/3634
f 3063/4780/3637 3066/4782/3639 3065/4781/3638
f 3063/4780/3637 3067/4783/3640 3066/4782/3639
f 3063/4780/3637 3068/4784/3641 3067/4783/3640
f 3063/4780/3637 3062/4779/3636 3068/4784/3641
f 3068/4784/3641 3049/4760/3622 3047/4759/3621 3067/4783/3640
f 3062/4779/3636 3051/4761/3623 3049/4760/3622 3068/4784/3641
f 3067/4783/3640 3047/4759/3621 3069/4736/3601 3066/4782/3639
f 3066/4782/3639 3069/4736/3601 3038/4739/3604 3065/4781/3638
f 3065/4781/3638 3038/4739/3604 3059/4741/3606 3064/4776/3633
f 3072/4785/3642 3071/4769/3628 3073/4750/3615
f 3072/4785/3642 3070/4773/3631 3071/4769/3628
f 3072/4785/3642 3073/4750/3615 3074/4749/3614
f 3072/4785/3642 3074/4749/3614 3075/4767/3627
f 3072/4785/3642 3075/4767/3627 3076/4746/3611
f 3072/4785/3642 3076/4746/3611 3077/4745/3610
f 3072/4785/3642 3077/4745/3610 3078/4755/3618
f 3072/4785/3642 3078/4755/3618 3070/4773/3631
f 3080/4786/3643 3079/4787/3644 3082/4788/3645 3083/4789/3646
f 3105/4790/3647 3081/4791/3648 3079/4792/3644 3080/4793/3643
f 3079/4787/3644 3081/4794/3648 3084/4795/3649 3082/4788/3645
f 3086/4796/3650 3083/4789/3646 3082/4788/3645 3084/4795/3649
f 3081/4794/3648 3104/4797/3651 3085/4798/3652 3084/4795/3649
f 3088/4799/3653 3086/4796/3650 3084/4795/3649 3085/4798/3652
f 3087/4800/3654 3128/4801/3655 3083/4789/3646 3086/4796/3650
f 3089/4802/3656 3087/4800/3654 3086/4796/3650 3088/4799/3653
f 3091/4803/3657 3089/4802/3656 3088/4799/3653 3090/4804/3658
f 3090/4804/3658 3088/4799/3653 3085/4798/3652 3092/4805/3659
f 3094/4806/3660 3091/4803/3657 3090/4804/3658 3093/4807/3661
f 3093/4807/3661 3090/4804/3658 3092/4805/3659 3095/4808/3662
f 3096/4809/3663 3097/4810/3664 3094/4806/3660 3093/4807/3661
f 3098/4811/3665 3096/4809/3663 3093/4807/3661 3095/4808/3662
f 3097/4812/3664 3096/4813/3663 3099/4814/3666 3100/4815/3667
f 3096/4813/3663 3098/4816/3665 3101/4817/3668 3099/4814/3666
f 3099/4814/3666 3101/4817/3668 3104/4818/3651 3102/4819/3669
f 3102/4819/3669 3104/4818/3651 3081/4791/3648 3105/4790/3647
f 3106/4820/3670 3105/4790/3647 3080/4793/3643 3107/4821/3671
f 3108/4822/3672 3106/4820/3670 3107/4821/3671 3109/4823/3673
f 3110/4824/3674 3103/4825/3675 3106/4820/3670 3108/4822/3672
f 3111/4826/3676 3108/4822/3672 3109/4823/3673 3112/4827/3677
f 3113/4828/3678 3110/4824/3674 3108/4822/3672 3111/4826/3676
f 3111/4829/3676 3112/4830/3677 3115/4831/3679 3114/4832/3680
f 3113/4833/3678 3111/4829/3676 3114/4832/3680 3116/4834/3681
f 3114/4832/3680 3115/4831/3679 3118/4835/3682 3117/4836/3683
f 3116/4834/3681 3114/4832/3680 3117/4836/3683 3119/4837/3684
f 3117/4836/3683 3118/4835/3682 3128/4801/3655 3087/4800/3654
f 3119/4837/3684 3117/4836/3683 3087/4800/3654 3089/4802/3656
f 3122/4838/3685 3116/4834/3681 3119/4837/3684 3120/4839/3686
f 3120/4839/3686 3119/4837/3684 3089/4802/3656 3091/4803/3657
f 3121/4840/3687 3120/4839/3686 3091/4803/3657 3094/4806/3660
f 3123/4841/3688 3122/4838/3685 3120/4839/3686 3121/4840/3687
f 3124/4842/3689 3113/4833/3678 3116/4834/3681 3122/4838/3685
f 3125/4843/3690 3124/4842/3689 3122/4838/3685 3123/4841/3688
f 3124/4844/3689 3126/4845/3691 3110/4824/3674 3113/4828/3678
f 3125/4846/3690 3127/4847/3692 3126/4845/3691 3124/4844/3689
f 3126/4845/3691 3100/4815/3667 3103/4825/3675 3110/4824/3674
f 3127/4847/3692 3097/4812/3664 3100/4815/3667 3126/4845/3691
f 3127/4848/3692 3125/4843/3690 3123/4841/3688 3121/4840/3687
f 3097/4810/3664 3127/4848/3692 3121/4840/3687 3094/4806/3660
f 3109/4849/3673 3107/4850/3671 3128/4801/3655 3118/4835/3682
f 3112/4830/3677 3109/4849/3673 3118/4835/3682 3115/4831/3679
f 3107/4850/3671 3080/4786/3643 3083/4789/3646 3128/4801/3655
f 3104/4797/3651 3101/4851/3668 3092/4805/3659 3085/4798/3652
f 3101/4851/3668 3098/4811/3665 3095/4808/3662 3092/4805/3659
f 3129/4852/3693 3132/4853/3694 3130/4854/3695
f 3129/4855/3693 3130/4856/3695 3131/4857/3696
f 3129/4855/3693 3131/4857/3696 3134/4858/3697 3133/4859/3698
f 3132/4853/3694 3129/4852/3693 3133/4860/3698 3136/4861/3699
f 3133/4859/3698 3134/4858/3697 3141/4862/3700 3135/4863/3701
f 3137/4864/3702 3136/4861/3699 3133/4860/3698 3135/4865/3701
f 3139/4866/3703 3138/4867/3704 3136/4861/3699 3137/4864/3702
f 3140/4868/3705 3132/4853/3694 3136/4861/3699 3138/4867/3704
f 3131/4857/3696 3140/4869/3705 3138/4870/3704 3134/4858/3697
f 3134/4858/3697 3138/4870/3704 3139/4871/3703 3141/4862/3700
f 3132/4853/3694 3140/4868/3705 3130/4854/3695
f 3131/4857/3696 3130/4856/3695 3140/4869/3705
f 3141/4862/3700 3139/4871/3703 3142/4872/3706
f 3137/4864/3702 3142/4873/3706 3139/4866/3703
f 3135/4863/3701 3141/4862/3700 3142/4872/3706
f 3135/4865/3701 3142/4873/3706 3137/4864/3702
f 3143/4874/3707 3146/4875/3708 3144/4876/3709
f 3143/4874/3707 3144/4876/3709 3145/4877/3710
f 3143/4874/3707 3145/4877/3710 3148/4878/3711 3147/4879/3712
f 3146/4875/3708 3143/4874/3707 3147/4879/3712 3150/4880/3713
f 3147/4879/3712 3148/4878/3711 3155/4881/3714 3149/4882/3715
f 3151/4883/3716 3150/4880/3713 3147/4879/3712 3149/4882/3715
f 3153/4884/3717 3152/4885/3718 3150/4886/3713 3151/4887/3716
f 3154/4888/3719 3146/4889/3708 3150/4886/3713 3152/4885/3718
f 3145/4890/3710 3154/4888/3719 3152/4885/3718 3148/4891/3711
f 3148/4891/3711 3152/4885/3718 3153/4884/3717 3155/4892/3714
f 3146/4889/3708 3154/4888/3719 3144/4893/3709
f 3145/4890/3710 3144/4893/3709 3154/4888/3719
f 3155/4892/3714 3153/4884/3717 3156/4894/3720
f 3151/4887/3716 3156/4894/3720 3153/4884/3717
f 3149/4882/3715 3155/4881/3714 3156/4895/3720
f 3149/4882/3715 3156/4895/3720 3151/4883/3716
f 3157/4896/3721 3160/4897/3722 3158/4898/3723
f 3157/4896/3721 3158/4898/3723 3159/4899/3724
f 3157/4896/3721 3159/4899/3724 3162/4900/3725 3161/4901/3726
f 3160/4897/3722 3157/4896/3721 3161/4901/3726 3164/4902/3727
f 3161/4901/3726 3162/4900/3725 3169/4903/3728 3163/4904/3729
f 3165/4905/3730 3164/4902/3727 3161/4901/3726 3163/4904/3729
f 3167/4906/3731 3166/4907/3732 3164/4908/3727 3165/4909/3730
f 3168/4910/3733 3160/4911/3722 3164/4908/3727 3166/4907/3732
f 3159/4912/3724 3168/4910/3733 3166/4907/3732 3162/4913/3725
f 3162/4913/3725 3166/4907/3732 3167/4906/3731 3169/4914/3728
f 3160/4911/3722 3168/4910/3733 3158/4915/3723
f 3159/4912/3724 3158/4915/3723 3168/4910/3733
f 3169/4914/3728 3167/4906/3731 3170/4916/3734
f 3165/4909/3730 3170/4916/3734 3167/4906/3731
f 3163/4904/3729 3169/4903/3728 3170/4917/3734
f 3163/4904/3729 3170/4917/3734 3165/4905/3730
f 3171/4918/3735 3174/4919/3736 3172/4920/3737
f 3171/4918/3735 3172/4920/3737 3173/4921/3738
f 3171/4918/3735 3173/4921/3738 3176/4922/3739 3175/4923/3740
f 3174/4919/3736 3171/4918/3735 3175/4923/3740 3178/4924/3741
f 3175/4923/3740 3176/4922/3739 3183/4925/3742 3177/4926/3743
f 3179/4927/3744 3178/4924/3741 3175/4923/3740 3177/4926/3743
f 3181/4928/3745 3180/4929/3746 3178/4930/3741 3179/4931/3744
f 3182/4932/3747 3174/4933/3736 3178/4930/3741 3180/4929/3746
f 3173/4934/3738 3182/4932/3747 3180/4929/3746 3176/4935/3739
f 3176/4935/3739 3180/4929/3746 3181/4928/3745 3183/4936/3742
f 3174/4933/3736 3182/4932/3747 3172/4937/3737
f 3173/4934/3738 3172/4937/3737 3182/4932/3747
f 3183/4936/3742 3181/4928/3745 3184/4938/3748
f 3179/4931/3744 3184/4938/3748 3181/4928/3745
f 3177/4926/3743 3183/4925/3742 3184/4939/3748
f 3177/4926/3743 3184/4939/3748 3179/4927/3744
f 3185/4940/3749 3188/4941/3750 3186/4942/3751
f 3185/4940/3749 3186/4942/3751 3187/4943/3752
f 3185/4940/3749 3187/4943/3752 3190/4944/3753 3189/4945/3754
f 3188/4941/3750 3185/4940/3749 3189/4945/3754 3192/4946/3755
f 3189/4945/3754 3190/4944/3753 3197/4947/3756 3191/4948/3757
f 3193/4949/3758 3192/4946/3755 3189/4945/3754 3191/4948/3757
f 3195/4950/3759 3194/4951/3760 3192/4952/3755 3193/4953/3758
f 3196/4954/3761 3188/4955/3750 3192/4952/3755 3194/4951/3760
f 3187/4956/3752 3196/4954/3761 3194/4951/3760 3190/4957/3753
f 3190/4957/3753 3194/4951/3760 3195/4950/3759 3197/4958/3756
f 3188/4955/3750 3196/4954/3761 3186/4959/3751
f 3187/4956/3752 3186/4959/3751 3196/4954/3761
f 3197/4958/3756 3195/4950/3759 3198/4960/3762
f 3193/4953/3758 3198/4960/3762 3195/4950/3759
f 3191/4948/3757 3197/4947/3756 3198/4961/3762
f 3191/4948/3757 3198/4961/3762 3193/4949/3758
f 3280/4962/3763 3284/4963/3764 3283/4964/3765 3279/4965/3766
f 3291/4966/3767 3280/4962/3763 3279/4965/3766 3282/4967/3768
f 3279/4968/3766 3283/4969/3765 3285/4970/3769 3281/4971/3770
f 3289/4972/3771 3282/4973/3768 3279/4968/3766 3281/4971/3770
f 3287/4974/3772 3281/4971/3770 3285/4970/3769 3286/4975/3773
f 3280/4962/3763 3287/4974/3772 3286/4975/3773 3284/4963/3764
f 3291/4966/3767 3288/4976/3774 3287/4974/3772 3280/4962/3763
f 3288/4976/3774 3289/4972/3771 3281/4971/3770 3287/4974/3772
f 3290/4977/3775 3294/4978/3776 3289/4972/3771 3288/4976/3774
f 3292/4979/3777 3290/4977/3775 3288/4976/3774 3291/4966/3767
f 3282/4967/3768 3293/4980/3778 3292/4979/3777 3291/4966/3767
f 3293/4980/3778 3294/4978/3776 3290/4977/3775 3292/4979/3777
f 3289/4972/3771 3294/4978/3776 3293/4980/3778 3282/4973/3768
f 3071/4769/3628 3070/4773/3631 3055/4774/3630 3042/4770/3608
f 3519/4981/3779 3521/4982/3780 3551/4983/3781 3520/4984/3782
f 3522/4985/3783 3519/4981/3779 3520/4984/3782 3542/4986/3784
f 3523/4987/3785 3524/4988/3786 3521/4982/3780 3519/4981/3779
f 3525/4989/3787 3523/4987/3785 3519/4981/3779 3522/4985/3783
f 3526/4990/3788 3527/4991/3789 3524/4988/3786 3523/4987/3785
f 3528/4992/3790 3526/4990/3788 3523/4987/3785 3525/4989/3787
f 3529/4993/3791 3530/4994/3792 3527/4991/3789 3526/4990/3788
f 3531/4995/3793 3529/4993/3791 3526/4990/3788 3528/4992/3790
f 3532/4996/3794 3533/4997/3795 3530/4994/3792 3529/4993/3791
f 3534/4998/3796 3532/4996/3794 3529/4993/3791 3531/4995/3793
f 3535/4999/3797 3536/5000/3798 3533/5001/3795 3532/5002/3794
f 3537/5003/3799 3535/4999/3797 3532/5002/3794 3534/5004/3796
f 3538/5005/3800 3539/5006/3801 3536/5000/3798 3535/4999/3797
f 3540/5007/3802 3538/5005/3800 3535/4999/3797 3537/5003/3799
f 3520/4984/3782 3551/4983/3781 3539/5006/3801 3538/5005/3800
f 3542/4986/3784 3520/4984/3782 3538/5005/3800 3540/5007/3802
f 3541/5008/3803 3540/5007/3802 3537/5003/3799 3549/5009/3804
f 3543/5010/3805 3542/4986/3784 3540/5007/3802 3541/5008/3803
f 3544/5011/3806 3522/4985/3783 3542/4986/3784 3543/5010/3805
f 3545/5012/3807 3525/4989/3787 3522/4985/3783 3544/5011/3806
f 3546/5013/3808 3531/4995/3793 3528/4992/3790 3548/5014/3809
f 3547/5015/3810 3534/4998/3796 3531/4995/3793 3546/5013/3808
f 3548/5014/3809 3528/4992/3790 3525/4989/3787 3545/5012/3807
f 3549/5009/3804 3537/5003/3799 3534/5004/3796 3547/5016/3810
f 3539/5006/3801 3550/5017/3811 3564/5018/3812 3536/5000/3798
f 3551/4983/3781 3552/5019/3813 3550/5017/3811 3539/5006/3801
f 3521/4982/3780 3554/5020/3814 3552/5019/3813 3551/4983/3781
f 3552/5019/3813 3553/5021/3815 3566/5022/3816 3550/5017/3811
f 3554/5020/3814 3555/5023/3817 3553/5021/3815 3552/5019/3813
f 3556/5024/3818 3557/5025/3819 3555/5023/3817 3554/5020/3814
f 3524/4988/3786 3556/5024/3818 3554/5020/3814 3521/4982/3780
f 3558/5026/3820 3559/5027/3821 3557/5025/3819 3556/5024/3818
f 3527/4991/3789 3558/5026/3820 3556/5024/3818 3524/4988/3786
f 3560/5028/3822 3561/5029/3823 3559/5027/3821 3558/5026/3820
f 3530/4994/3792 3560/5028/3822 3558/5026/3820 3527/4991/3789
f 3562/5030/3824 3563/5031/3825 3561/5029/3823 3560/5028/3822
f 3533/4997/3795 3562/5030/3824 3560/5028/3822 3530/4994/3792
f 3564/5018/3812 3565/5032/3826 3563/5033/3825 3562/5034/3824
f 3536/5000/3798 3564/5018/3812 3562/5034/3824 3533/5001/3795
f 3550/5017/3811 3566/5022/3816 3565/5032/3826 3564/5018/3812
f 3566/5022/3816 3567/5035/3642 3565/5032/3826
f 3565/5032/3826 3567/5035/3642 3563/5033/3825
f 3553/5021/3815 3567/5035/3642 3566/5022/3816
f 3555/5023/3817 3567/5035/3642 3553/5021/3815
f 3557/5025/3819 3567/5035/3642 3555/5023/3817
f 3563/5031/3825 3567/5035/3642 3561/5029/3823
f 3561/5029/3823 3567/5035/3642 3559/5027/3821
f 3559/5027/3821 3567/5035/3642 3557/5025/3819
f 3571/5036/3827 3568/5037/3828 3569/5038/3829 3605/5039/3830
f 3568/5037/3828 3570/5040/3831 3606/5041/3832 3569/5038/3829
f 3572/5042/3833 3573/5043/3834 3570/5044/3831 3568/5045/3828
f 3574/5046/3835 3572/5042/3833 3568/5045/3828 3571/5047/3827
f 3575/5048/3836 3576/5049/3837 3573/5043/3834 3572/5042/3833
f 3577/5050/3838 3575/5048/3836 3572/5042/3833 3574/5046/3835
f 3578/5051/3839 3579/5052/3840 3576/5049/3837 3575/5048/3836
f 3580/5053/3841 3578/5051/3839 3575/5048/3836 3577/5050/3838
f 3581/5054/3842 3582/5055/3843 3579/5052/3840 3578/5051/3839
f 3583/5056/3844 3581/5054/3842 3578/5051/3839 3580/5053/3841
f 3584/5057/3845 3585/5058/3846 3582/5055/3843 3581/5054/3842
f 3586/5059/3847 3584/5057/3845 3581/5054/3842 3583/5056/3844
f 3594/5060/3848 3590/5061/3849 3589/5062/3850 3592/5063/3851
f 3592/5063/3851 3589/5062/3850 3591/5064/3852 3593/5065/3853
f 3595/5066/3854 3596/5067/3855 3590/5061/3849 3594/5060/3848
f 3597/5068/3856 3598/5069/3857 3596/5070/3855 3595/5066/3854
f 3599/5071/3858 3600/5072/3859 3598/5069/3857 3597/5068/3856
f 3601/5073/3860 3602/5074/3861 3600/5072/3859 3599/5071/3858
f 3603/5075/3862 3604/5076/3863 3602/5074/3861 3601/5073/3860
f 3593/5065/3853 3591/5064/3852 3604/5076/3863 3603/5075/3862
f 3604/5076/3863 3583/5056/3844 3580/5053/3841 3602/5074/3861
f 3591/5064/3852 3586/5059/3847 3583/5056/3844 3604/5076/3863
f 3602/5074/3861 3580/5053/3841 3577/5050/3838 3600/5072/3859
f 3600/5072/3859 3577/5050/3838 3574/5046/3835 3598/5069/3857
f 3598/5069/3857 3574/5046/3835 3571/5047/3827 3596/5070/3855
f 3596/5067/3855 3571/5036/3827 3605/5039/3830 3590/5061/3849
f 3570/5040/3831 3610/5077/3864 3607/5078/3865 3606/5041/3832
f 3610/5077/3864 3611/5079/3866 3608/5080/3867 3607/5078/3865
f 3607/5078/3865 3608/5080/3867 3622/5081/3868 3609/5082/3869
f 3612/5083/3870 3613/5084/3871 3611/5085/3866 3610/5086/3864
f 3573/5043/3834 3612/5083/3870 3610/5086/3864 3570/5044/3831
f 3614/5087/3872 3615/5088/3873 3613/5084/3871 3612/5083/3870
f 3576/5049/3837 3614/5087/3872 3612/5083/3870 3573/5043/3834
f 3616/5089/3874 3617/5090/3875 3615/5088/3873 3614/5087/3872
f 3579/5052/3840 3616/5089/3874 3614/5087/3872 3576/5049/3837
f 3618/5091/3876 3619/5092/3877 3617/5090/3875 3616/5089/3874
f 3582/5055/3843 3618/5091/3876 3616/5089/3874 3579/5052/3840
f 3620/5093/3878 3621/5094/3879 3619/5092/3877 3618/5091/3876
f 3585/5058/3846 3620/5093/3878 3618/5091/3876 3582/5055/3843
f 3609/5082/3869 3622/5081/3868 3621/5094/3879 3620/5093/3878
f 3622/5081/3868 3623/5095/3880 3621/5094/3879
f 3621/5094/3879 3623/5095/3880 3619/5092/3877
f 3611/5079/3866 3623/5095/3880 3608/5080/3867
f 3608/5080/3867 3623/5095/3880 3622/5081/3868
f 3613/5084/3871 3623/5095/3880 3611/5085/3866
f 3619/5092/3877 3623/5095/3880 3617/5090/3875
f 3617/5090/3875 3623/5095/3880 3615/5088/3873
f 3615/5088/3873 3623/5095/3880 3613/5084/3871
f 3593/5065/3853 3603/5075/3862 3624/5096/3881
f 3603/5075/3862 3601/5073/3860 3624/5096/3881
f 3592/5063/3851 3593/5065/3853 3624/5096/3881
f 3601/5073/3860 3599/5071/3858 3624/5096/3881
f 3599/5071/3858 3597/5068/3856 3624/5096/3881
f 3597/5068/3856 3595/5066/3854 3624/5096/3881
f 3595/5066/3854 3594/5060/3848 3624/5096/3881
f 3594/5060/3848 3592/5063/3851 3624/5096/3881
f 3105/4790/3647 3106/4820/3670 3103/4825/3675
f 3629/5097/3882 3625/5098/3883 3627/5099/3884 3631/5100/3885
f 3649/5101/3886 3626/5102/3887 3628/5103/3888 3650/5104/3889
f 3650/5104/3889 3628/5103/3888 3632/5105/3890 3651/5106/3891
f 3669/5107/3892 3670/5108/3893 3673/5109/3894 3668/5110/3895
f 3652/5111/3896 3630/5112/3897 3626/5102/3887 3649/5101/3886
f 3626/5113/3887 3630/5114/3897 3632/5115/3890 3628/5116/3888
f 3643/5117/3898 3636/5118/3899 3633/5119/3900 3644/5120/3901
f 3642/5121/3902 3635/5122/3903 3636/5118/3899 3643/5117/3898
f 3641/5123/3904 3634/5124/3905 3635/5125/3903 3642/5126/3902
f 3644/5120/3901 3633/5119/3900 3634/5124/3905 3641/5123/3904
f 3636/5118/3899 3640/5127/3906 3637/5128/3907 3633/5119/3900
f 3635/5122/3903 3639/5129/3908 3640/5127/3906 3636/5118/3899
f 3633/5119/3900 3637/5128/3907 3638/5130/3909 3634/5124/3905
f 3634/5124/3905 3638/5130/3909 3639/5131/3908 3635/5125/3903
f 3648/5132/3910 3644/5120/3901 3641/5123/3904 3645/5133/3911
f 3645/5133/3911 3641/5123/3904 3642/5126/3902 3646/5134/3912
f 3647/5135/3913 3643/5117/3898 3644/5120/3901 3648/5132/3910
f 3646/5136/3912 3642/5121/3902 3643/5117/3898 3647/5135/3913
f 3655/5137/3914 3647/5135/3913 3648/5132/3910 3656/5138/3915
f 3654/5139/3916 3646/5136/3912 3647/5135/3913 3655/5137/3914
f 3653/5140/3917 3645/5133/3911 3646/5134/3912 3654/5141/3916
f 3656/5138/3915 3648/5132/3910 3645/5133/3911 3653/5140/3917
f 3640/5127/3906 3652/5111/3896 3649/5101/3886 3637/5128/3907
f 3639/5129/3908 3651/5142/3891 3652/5111/3896 3640/5127/3906
f 3637/5128/3907 3649/5101/3886 3650/5104/3889 3638/5130/3909
f 3638/5130/3909 3650/5104/3889 3651/5106/3891 3639/5131/3908
f 3625/5143/3883 3656/5138/3915 3653/5140/3917 3627/5144/3884
f 3627/5144/3884 3653/5140/3917 3654/5141/3916 3631/5145/3885
f 3651/5142/3891 3632/5146/3890 3630/5112/3897 3652/5111/3896
f 3657/5147/3918 3658/5148/3919 3659/5149/3920
f 3658/5148/3919 3657/5147/3918 3661/5150/3921
f 3660/5151/3922 3657/5147/3918 3659/5149/3920
f 3664/5152/3923 3665/5153/3924 3663/5154/3925
f 3666/5155/3926 3663/5154/3925 3665/5153/3924
f 3666/5155/3926 3662/5156/3927 3663/5154/3925
f 3671/5157/3928 3669/5107/3892 3668/5110/3895 3674/5158/3929
f 3667/5159/3930 3672/5160/3931 3671/5161/3928 3674/5162/3929
f 3691/5163/3932 3693/5164/3933 3696/5165/3934 3690/5166/3935
f 3673/5109/3894 3670/5108/3893 3672/5160/3931 3667/5159/3930
f 3691/5167/3932 3690/5168/3935 3695/5169/3936 3692/5170/3937
f 3676/5171/3938 3680/5172/3939 3679/5173/3940
f 3677/5174/3941 3676/5171/3938 3678/5175/3942
f 3678/5175/3942 3676/5171/3938 3679/5173/3940
f 3683/5176/3943 3686/5177/3944 3687/5178/3945
f 3680/5172/3939 3676/5171/3938 3681/5179/3946
f 3681/5179/3946 3676/5171/3938 3675/5180/3947
f 3683/5176/3943 3684/5181/3948 3685/5182/3949
f 3685/5182/3949 3686/5177/3944 3683/5176/3943
f 3683/5176/3943 3688/5183/3950 3682/5184/3951
f 3687/5178/3945 3688/5183/3950 3683/5176/3943
f 3689/5185/3952 3696/5165/3934 3693/5164/3933 3694/5186/3953
f 3692/5170/3937 3695/5169/3936 3689/5185/3952 3694/5186/3953
f 3699/5187/3954 3698/5188/3955 3701/5189/3956 3702/5190/3957
f 3710/5191/3958 3718/5192/3959 3719/5193/3960 3711/5194/3961
f 3700/5195/3962 3703/5196/3963 3704/5197/3964 3697/5198/3965
f 3697/5199/3965 3698/5188/3955 3706/5200/3966 3705/5201/3967
f 3716/5202/3968 3709/5203/3969 3710/5191/3958 3713/5204/3970
f 3700/5195/3962 3699/5205/3954 3702/5206/3957 3703/5196/3963
f 3699/5205/3954 3700/5195/3962 3708/5207/3971 3707/5208/3972
f 3700/5195/3962 3697/5198/3965 3705/5209/3967 3708/5207/3971
f 3701/5210/3956 3704/5211/3964 3703/5212/3963 3702/5213/3957
f 3711/5194/3961 3714/5214/3973 3713/5204/3970 3710/5191/3958
f 3712/5215/3974 3709/5216/3969 3716/5217/3968 3715/5218/3975
f 3709/5203/3969 3717/5219/3976 3718/5192/3959 3710/5191/3958
f 3712/5215/3974 3715/5218/3975 3714/5220/3973 3711/5221/3961
f 3711/5221/3961 3719/5222/3960 3720/5223/3977 3712/5215/3974
f 3712/5215/3974 3720/5223/3977 3717/5224/3976 3709/5216/3969
f 3713/5225/3970 3714/5226/3973 3715/5227/3975 3716/5228/3968
f 3682/5184/3951 3684/5181/3948 3683/5176/3943
f 3704/5229/3964 3701/5189/3956 3698/5188/3955 3697/5199/3965
f 3662/5156/3927 3664/5152/3923 3663/5154/3925
f 3660/5151/3922 3661/5150/3921 3657/5147/3918
f 3631/5230/3885 3654/5139/3916 3655/5137/3914 3629/5231/3882
f 3675/5180/3947 3676/5171/3938 3677/5174/3941
f 3629/5231/3882 3655/5137/3914 3656/5138/3915 3625/5143/3883
f 3698/5188/3955 3699/5187/3954 3707/5232/3972 3706/5200/3966
f 3735/5233/3978 3737/5234/3979 3726/5235/3980 3725/5236/3978
f 3722/5237/3981 3737/5234/3981 3735/5233/3981 3721/5238/3981
f 3727/5239/3982 3729/5240/3982 3730/5241/3982 3728/5242/3982
f 3722/5243/3983 3732/5244/3984 3739/5245/3985 3737/5246/3979
f 3731/5247/3986 3732/5248/3984 3722/5249/3983 3721/5250/3986
f 3726/5251/3980 3737/5246/3979 3739/5245/3985 3734/5252/3987
f 3733/5253/3988 3734/5254/3987 3724/5255/3989 3723/5256/3988
f 3734/5252/3987 3739/5245/3985 3736/5257/3990 3724/5258/3989
f 3738/5259/3991 3736/5260/3991 3730/5241/3991 3729/5240/3991
f 3730/5261/3992 3736/5257/3990 3739/5245/3985
f 3728/5262/3993 3730/5261/3992 3739/5245/3985
f 3724/5255/3989 3736/5260/3990 3738/5259/3994 3723/5256/3994
f 3727/5239/3995 3728/5242/3995 3732/5248/3995 3731/5247/3995
f 3726/5235/3980 3734/5254/3987 3733/5253/3996 3725/5236/3996
f 3739/5245/3985 3732/5244/3984 3728/5262/3993
f 3786/5263/3997 3740/5264/3998 3744/5265/3999 3745/5266/4000
f 3783/5267/4001 3741/5268/4002 3742/5269/4003
f 3787/5270/4004 3786/5263/3997 3745/5266/4000 3746/5271/4005
f 3784/5272/4006 3783/5267/4001 3742/5269/4003 3743/5273/4007
f 3742/5269/4003 3741/5268/4002 3747/5274/4008
f 3746/5271/4005 3745/5266/4000 3751/5275/4009 3752/5276/4010
f 3743/5273/4007 3742/5269/4003 3747/5274/4008 3748/5277/4011
f 3745/5266/4000 3744/5265/3999 3750/5278/4012 3751/5275/4009
f 3752/5276/4010 3751/5275/4009 3757/5279/4013 3758/5280/4014
f 3750/5281/4012 3749/5282/4015 3755/5283/4016 3756/5284/4017
f 3748/5277/4011 3747/5274/4008 3753/5285/4018 3754/5286/4019
f 3751/5275/4009 3750/5278/4012 3756/5287/4017 3757/5279/4013
f 3749/5288/4015 3748/5277/4011 3754/5286/4019 3755/5289/4016
f 3747/5274/4008 3741/5268/4002 3753/5285/4018
f 3754/5286/4019 3753/5285/4018 3759/5290/4020 3760/5291/4021
f 3757/5279/4013 3756/5287/4017 3762/5292/4022 3763/5293/4023
f 3755/5289/4016 3754/5286/4019 3760/5291/4021 3761/5294/4024
f 3753/5285/4018 3741/5268/4002 3759/5290/4020
f 3758/5280/4014 3757/5279/4013 3763/5293/4023 3764/5295/4025
f 3756/5284/4017 3755/5283/4016 3761/5296/4024 3762/5297/4022
f 3763/5293/4023 3762/5292/4022 3768/5298/4026 3769/5299/4027
f 3761/5294/4024 3760/5291/4021 3766/5300/4028 3767/5301/4029
f 3759/5290/4020 3741/5268/4002 3765/5302/4030
f 3764/5295/4025 3763/5293/4023 3769/5299/4027 3770/5303/4031
f 3762/5297/4022 3761/5296/4024 3767/5304/4029 3768/5305/4026
f 3760/5291/4021 3759/5290/4020 3765/5302/4030 3766/5300/4028
f 3765/5302/4030 3741/5268/4002 3771/5306/4032
f 3770/5303/4031 3769/5299/4027 3775/5307/4033 3776/5308/4034
f 3768/5305/4026 3767/5304/4029 3773/5309/4035 3774/5310/4036
f 3766/5300/4028 3765/5302/4030 3771/5306/4032 3772/5311/4037
f 3769/5299/4027 3768/5298/4026 3774/5312/4036 3775/5307/4033
f 3767/5301/4029 3766/5300/4028 3772/5311/4037 3773/5313/4035
f 3776/5308/4034 3775/5307/4033 3781/5314/4038 3782/5315/4039
f 3774/5310/4036 3773/5309/4035 3779/5316/4040 3780/5317/4041
f 3772/5311/4037 3771/5306/4032 3777/5318/4042 3778/5319/4043
f 3775/5307/4033 3774/5312/4036 3780/5320/4041 3781/5314/4038
f 3773/5313/4035 3772/5311/4037 3778/5319/4043 3779/5321/4040
f 3771/5306/4032 3741/5268/4002 3777/5318/4042
f 3781/5314/4038 3780/5320/4041 3740/5264/3998 3786/5263/3997
f 3779/5321/4040 3778/5319/4043 3784/5272/4006 3785/5322/4044
f 3777/5318/4042 3741/5268/4002 3783/5267/4001
f 3782/5315/4039 3781/5314/4038 3786/5263/3997 3787/5270/4004
f 3780/5317/4041 3779/5316/4040 3785/5323/4044 3740/5324/3998
f 3778/5319/4043 3777/5318/4042 3783/5267/4001 3784/5272/4006
f 3770/5303/4031 3776/5308/4034 3790/5325/4045 3791/5326/4046
f 3776/5308/4034 3782/5315/4039 3789/5327/4047 3790/5325/4045
f 3752/5276/4010 3758/5280/4014 3793/5328/4048 3794/5329/4049
f 3764/5295/4025 3770/5303/4031 3791/5326/4046 3792/5330/4050
f 3758/5280/4014 3764/5295/4025 3792/5330/4050 3793/5328/4048
f 3782/5315/4039 3787/5270/4004 3788/5331/4051 3789/5327/4047
f 3787/5270/4004 3746/5271/4005 3795/5332/4052 3788/5331/4051
f 3746/5271/4005 3752/5276/4010 3794/5329/4049 3795/5332/4052
f 3804/5333/4053 3803/5334/4054 3809/5335/4055 3810/5336/4056
f 3802/5337/4057 3801/5338/4058 3807/5339/4059 3808/5340/4060
f 3800/5341/4061 3799/5342/4062 3805/5343/4063 3806/5344/4064
f 3803/5334/4054 3802/5345/4057 3808/5346/4060 3809/5335/4055
f 3801/5347/4058 3800/5341/4061 3806/5344/4064 3807/5348/4059
f 3799/5342/4062 3797/5349/4065 3805/5343/4063
f 3806/5344/4064 3805/5343/4063 3811/5350/4066 3812/5351/4067
f 3809/5335/4055 3808/5346/4060 3814/5352/4068 3815/5353/4069
f 3807/5348/4059 3806/5344/4064 3812/5351/4067 3813/5354/4070
f 3805/5343/4063 3797/5349/4065 3811/5350/4066
f 3810/5336/4056 3809/5335/4055 3815/5353/4069 3816/5355/4071
f 3808/5340/4060 3807/5339/4059 3813/5356/4070 3814/5357/4068
f 3815/5353/4069 3814/5352/4068 3820/5358/4072 3821/5359/4073
f 3813/5354/4070 3812/5351/4067 3818/5360/4074 3819/5361/4075
f 3811/5350/4066 3797/5349/4065 3817/5362/4076
f 3816/5355/4071 3815/5353/4069 3821/5359/4073 3822/5363/4077
f 3814/5357/4068 3813/5356/4070 3819/5364/4075 3820/5365/4072
f 3812/5351/4067 3811/5350/4066 3817/5362/4076 3818/5360/4074
f 3817/5362/4076 3797/5349/4065 3823/5366/4078
f 3822/5363/4077 3821/5359/4073 3827/5367/4079 3828/5368/4080
f 3820/5365/4072 3819/5364/4075 3825/5369/4081 3826/5370/4082
f 3818/5360/4074 3817/5362/4076 3823/5366/4078 3824/5371/4083
f 3821/5359/4073 3820/5358/4072 3826/5372/4082 3827/5367/4079
f 3819/5361/4075 3818/5360/4074 3824/5371/4083 3825/5373/4081
f 3828/5368/4080 3827/5367/4079 3833/5374/4084 3834/5375/4085
f 3826/5370/4082 3825/5369/4081 3831/5376/4086 3832/5377/4087
f 3824/5371/4083 3823/5366/4078 3829/5378/4088 3830/5379/4089
f 3827/5367/4079 3826/5372/4082 3832/5380/4087 3833/5374/4084
f 3825/5373/4081 3824/5371/4083 3830/5379/4089 3831/5381/4086
f 3823/5366/4078 3797/5349/4065 3829/5378/4088
f 3833/5374/4084 3832/5380/4087 3796/5382/4090 3838/5383/4091
f 3831/5381/4086 3830/5379/4089 3836/5384/4092 3837/5385/4093
f 3829/5378/4088 3797/5349/4065 3835/5386/4094
f 3834/5375/4085 3833/5374/4084 3838/5383/4091 3839/5387/4095
f 3832/5377/4087 3831/5376/4086 3837/5388/4093 3796/5389/4090
f 3830/5379/4089 3829/5378/4088 3835/5386/4094 3836/5384/4092
f 3822/5363/4077 3828/5368/4080 3842/5390/4096 3843/5391/4097
f 3828/5368/4080 3834/5375/4085 3841/5392/4098 3842/5390/4096
f 3804/5333/4053 3810/5336/4056 3845/5393/4099 3846/5394/4100
f 3816/5355/4071 3822/5363/4077 3843/5391/4097 3844/5395/4101
f 3810/5336/4056 3816/5355/4071 3844/5395/4101 3845/5393/4099
f 3834/5375/4085 3839/5387/4095 3840/5396/4102 3841/5392/4098
f 3839/5387/4095 3798/5397/4103 3847/5398/4104 3840/5396/4102
f 3798/5397/4103 3804/5333/4053 3846/5394/4100 3847/5398/4104
f 3856/5399/4105 3855/5400/4106 3861/5401/4107 3862/5402/4108
f 3854/5403/4109 3853/5404/4110 3859/5405/4111 3860/5406/4112
f 3852/5407/4113 3851/5408/4114 3857/5409/4115 3858/5410/4116
f 3855/5411/4106 3854/5403/4109 3860/5406/4112 3861/5412/4107
f 3853/5413/4110 3852/5407/4113 3858/5410/4116 3859/5414/4111
f 3851/5408/4114 3849/5415/4117 3857/5409/4115
f 3858/5410/4116 3857/5409/4115 3863/5416/4118 3864/5417/4119
f 3861/5412/4107 3860/5406/4112 3866/5418/4120 3867/5419/4121
f 3859/5414/4111 3858/5410/4116 3864/5417/4119 3865/5420/4122
f 3857/5409/4115 3849/5415/4117 3863/5416/4118
f 3862/5402/4108 3861/5401/4107 3867/5421/4121 3868/5422/4123
f 3860/5406/4112 3859/5405/4111 3865/5423/4122 3866/5418/4120
f 3867/5419/4121 3866/5418/4120 3872/5424/4124 3873/5425/4125
f 3865/5420/4122 3864/5417/4119 3870/5426/4126 3871/5427/4127
f 3863/5416/4118 3849/5415/4117 3869/5428/4128
f 3868/5422/4123 3867/5421/4121 3873/5429/4125 3874/5430/4129
f 3866/5418/4120 3865/5423/4122 3871/5431/4127 3872/5424/4124
f 3864/5417/4119 3863/5416/4118 3869/5428/4128 3870/5426/4126
f 3869/5428/4128 3849/5415/4117 3875/5432/4130
f 3874/5430/4129 3873/5429/4125 3879/5433/4131 3880/5434/4132
f 3872/5424/4124 3871/5431/4127 3877/5435/4133 3878/5436/4134
f 3870/5426/4126 3869/5428/4128 3875/5432/4130 3876/5437/4135
f 3873/5425/4125 3872/5424/4124 3878/5436/4134 3879/5438/4131
f 3871/5427/4127 3870/5426/4126 3876/5437/4135 3877/5439/4133
f 3880/5434/4132 3879/5433/4131 3885/5440/4136 3886/5441/4137
f 3878/5436/4134 3877/5435/4133 3883/5442/4138 3884/5443/4139
f 3876/5437/4135 3875/5432/4130 3881/5444/4140 3882/5445/4141
f 3879/5438/4131 3878/5436/4134 3884/5443/4139 3885/5446/4136
f 3877/5439/4133 3876/5437/4135 3882/5445/4141 3883/5447/4138
f 3875/5432/4130 3849/5415/4117 3881/5444/4140
f 3885/5446/4136 3884/5443/4139 3848/5448/4142 3887/5449/4143
f 3886/5441/4137 3885/5440/4136 3887/5450/4143 3888/5451/4144
f 3874/5430/4129 3880/5434/4132 3891/5452/4145 3892/5453/4146
f 3880/5434/4132 3886/5441/4137 3890/5454/4147 3891/5452/4145
f 3856/5399/4105 3862/5402/4108 3894/5455/4148 3895/5456/4149
f 3868/5422/4123 3874/5430/4129 3892/5453/4146 3893/5457/4150
f 3862/5402/4108 3868/5422/4123 3893/5457/4150 3894/5455/4148
f 3886/5441/4137 3888/5451/4144 3889/5458/4151 3890/5454/4147
f 3888/5451/4144 3850/5459/4152 3896/5460/4153 3889/5458/4151
f 3850/5459/4152 3856/5399/4105 3895/5456/4149 3896/5460/4153
f 3898/5461/4154 3901/5462/4155 3900/5463/4156 3897/5464/4157
f 3910/5465/4158 3899/5466/4159 3902/5467/4160
f 3906/5468/4161 3901/5462/4155 3898/5461/4154
f 3897/5464/4157 3900/5463/4156 3899/5466/4159 3910/5465/4158
f 3906/5468/4161 3905/5469/4162 3901/5462/4155
f 3900/5463/4156 3904/5470/4163 3903/5471/4164 3899/5466/4159
f 3901/5462/4155 3905/5469/4162 3904/5470/4163 3900/5463/4156
f 3899/5466/4159 3903/5471/4164 3902/5467/4160
f 3903/5472/4164 3907/5473/4165 3902/5474/4160
f 3906/5475/4161 3909/5476/4166 3905/5477/4162
f 3904/5478/4163 3908/5479/4167 3907/5473/4165 3903/5472/4164
f 3905/5477/4162 3909/5476/4166 3908/5479/4167 3904/5478/4163
f 3909/5476/4166 3898/5480/4154 3897/5481/4157 3908/5479/4167
f 3907/5473/4165 3910/5482/4158 3902/5474/4160
f 3906/5475/4161 3898/5480/4154 3909/5476/4166
f 3908/5479/4167 3897/5481/4157 3910/5482/4158 3907/5473/4165
f 3919/5483/4168 3920/5484/4169 3914/5485/4170 3912/5486/4171
f 3920/5484/4169 3921/5487/4172 3918/5488/4173 3914/5485/4170
f 3921/5487/4172 3922/5489/4174 3916/5490/4175 3918/5488/4173
f 3922/5489/4174 3919/5491/4168 3912/5492/4171 3916/5490/4175
f 3915/5493/4176 3911/5494/4177 3919/5491/4168 3922/5489/4174
f 3917/5495/4178 3915/5493/4176 3922/5489/4174 3921/5487/4172
f 3913/5496/4179 3917/5495/4178 3921/5487/4172 3920/5484/4169
f 3911/5497/4177 3913/5496/4179 3920/5484/4169 3919/5483/4168
f 3926/5498/4180 3925/5499/4181 3935/5500/4182 3938/5501/4183
f 3931/5502/4184 3932/5503/4185 3930/5504/4186 3929/5505/4187
f 3928/5506/4188 3927/5507/4189 3941/5508/4190 3942/5509/4191
f 3933/5510/4192 3934/5511/4193 3924/5512/4194 3923/5513/4195
f 3931/5502/4184 3929/5505/4187 3927/5514/4189 3933/5515/4192
f 3932/5516/4185 3926/5517/4180 3924/5512/4194 3934/5511/4193
f 3930/5518/4186 3932/5516/4185 3934/5511/4193 3928/5506/4188
f 3925/5499/4181 3931/5502/4184 3933/5515/4192 3923/5519/4195
f 3927/5507/4189 3928/5506/4188 3934/5511/4193 3933/5510/4192
f 3925/5499/4181 3926/5498/4180 3932/5503/4185 3931/5502/4184
f 3936/5520/4196 3937/5521/4197 3938/5522/4183 3935/5523/4182
f 3923/5513/4195 3924/5512/4194 3937/5524/4197 3936/5525/4196
f 3924/5512/4194 3926/5517/4180 3938/5526/4183 3937/5524/4197
f 3925/5499/4181 3923/5519/4195 3936/5527/4196 3935/5500/4182
f 3940/5528/4198 3939/5529/4199 3942/5530/4191 3941/5531/4190
f 3927/5514/4189 3929/5505/4187 3940/5532/4198 3941/5533/4190
f 3930/5518/4186 3928/5506/4188 3942/5509/4191 3939/5534/4199
f 3929/5505/4187 3930/5504/4186 3939/5535/4199 3940/5532/4198
f 3951/5536/4200 3944/5537/4201 3946/5538/4202 3952/5539/4203
f 3968/5540/4204 3964/5541/4205 3950/5542/4206 3953/5543/4207
f 3953/5543/4207 3950/5542/4206 3948/5544/4208 3954/5545/4209
f 3967/5546/4210 3966/5547/4211 3944/5548/4201 3951/5549/4200
f 3949/5550/4212 3947/5551/4213 3957/5552/4214 3958/5553/4215
f 3964/5554/4205 3946/5555/4202 3944/5556/4201 3966/5557/4211
f 3965/5558/4216 3967/5546/4210 3951/5549/4200 3943/5559/4217
f 3949/5560/4212 3953/5543/4207 3954/5545/4209 3947/5561/4213
f 3963/5562/4218 3968/5540/4204 3953/5543/4207 3949/5560/4212
f 3943/5563/4217 3951/5536/4200 3952/5539/4203 3945/5564/4219
f 3969/5565/4220 3958/5553/4215 3957/5552/4214 3970/5566/4221
f 3965/5567/4216 3943/5568/4217 3955/5569/4222 3970/5566/4221
f 3963/5570/4218 3949/5550/4212 3958/5553/4215 3969/5565/4220
f 3955/5569/4222 3943/5568/4217 3960/5571/4223 3962/5572/4224
f 3960/5573/4223 3959/5574/4225 3961/5575/4226 3962/5576/4224
f 3943/5577/4217 3945/5578/4219 3959/5579/4225 3960/5580/4223
f 3945/5578/4219 3956/5581/4227 3961/5582/4226 3959/5579/4225
f 3945/5578/4219 3963/5570/4218 3969/5565/4220 3956/5581/4227
f 3947/5551/4213 3965/5567/4216 3970/5566/4221 3957/5552/4214
f 3945/5564/4219 3952/5539/4203 3968/5540/4204 3963/5562/4218
f 3947/5561/4213 3954/5545/4209 3967/5546/4210 3965/5558/4216
f 3950/5583/4206 3964/5584/4205 3966/5585/4211 3948/5586/4208
f 3954/5545/4209 3948/5544/4208 3966/5547/4211 3967/5546/4210
f 3952/5539/4203 3946/5538/4202 3964/5541/4205 3968/5540/4204
f 3972/5587/4228 3971/5588/1863 3974/5589/4229 3975/5590/4230
f 3984/5591/4231 3976/5592/4232 3973/5593/4233
f 3980/5594/4234 3972/5587/4228 3975/5590/4230
f 3971/5588/1863 3984/5591/4231 3973/5593/4233 3974/5589/4229
f 3980/5594/4234 3975/5590/4230 3979/5595/4235
f 3974/5589/4229 3973/5593/4233 3977/5596/4236 3978/5597/1865
f 3975/5590/4230 3974/5589/4229 3978/5597/1865 3979/5595/4235
f 3973/5593/4233 3976/5592/4232 3977/5596/4236
f 3977/5598/4236 3976/5599/4232 3981/5600/4237
f 3980/5601/4234 3979/5602/4235 3983/5603/4238
f 3978/5604/1865 3977/5598/4236 3981/5600/4237 3982/5605/4239
f 3979/5602/4235 3978/5604/1865 3982/5605/4239 3983/5603/4238
f 3983/5603/4238 3982/5605/4239 3971/5606/1863 3972/5607/4228
f 3981/5600/4237 3976/5599/4232 3984/5608/4231
f 3980/5601/4234 3983/5603/4238 3972/5607/4228
f 3982/5605/4239 3981/5600/4237 3984/5608/4231 3971/5606/1863
f 3993/5609/4240 3986/5610/4241 3988/5611/4242 3994/5612/4243
f 3994/5612/4243 3988/5611/4242 3992/5613/4244 3995/5614/4245
f 3995/5615/4245 3992/5616/4244 3990/5617/4246 3996/5618/4247
f 3996/5618/4247 3990/5617/4246 3986/5610/4241 3993/5609/4240
f 3989/5619/4248 3996/5618/4247 3993/5609/4240 3985/5620/4249
f 3991/5621/4250 3995/5615/4245 3996/5618/4247 3989/5619/4248
f 3987/5622/4251 3994/5612/4243 3995/5614/4245 3991/5623/4250
f 3985/5620/4249 3993/5609/4240 3994/5612/4243 3987/5622/4251
f 4102/5624/4252 4104/5625/4253 4105/5626/4254 4103/5627/4255
f 4091/5628/4256 4090/5629/4257 4085/5630/4258
f 4088/5631/4259 4089/5632/4260 4082/5633/4261 4081/5634/4262
f 4092/5635/4263 4084/5636/4264 4090/5637/4257 4088/5638/4259
f 4085/5639/4258 4083/5640/4265 4094/5641/4266 4091/5642/4256
f 4092/5643/4263 4093/5644/4267 4087/5645/4268 4086/5646/4269
f 4092/5643/4263 4086/5646/4269 4094/5647/4266 4084/5648/4264
f 4089/5649/4260 4086/5650/4269 4087/5651/4268 4082/5652/4261
f 4081/5653/4262 4093/5654/4267 4092/5635/4263 4088/5638/4259
f 4094/5647/4266 4083/5655/4265 4084/5648/4264
f 4091/5642/4256 4094/5641/4266 4086/5650/4269 4089/5649/4260
f 4090/5637/4257 4084/5636/4264 4083/5640/4265 4085/5639/4258
f 4174/5656/4270 4180/5657/4271 4179/5658/4272 4173/5659/4273
f 4105/5626/4254 4104/5625/4253 4099/5660/4274
f 4102/5624/4252 4103/5627/4255 4096/5661/4275 4095/5662/4276
f 4106/5663/4277 4098/5664/4278 4104/5625/4253 4102/5624/4252
f 4099/5660/4274 4097/5665/4279 4108/5666/4280 4105/5667/4254
f 4106/5663/4277 4107/5668/4281 4101/5669/4282 4100/5670/4283
f 4106/5663/4277 4100/5670/4283 4108/5671/4280 4098/5664/4278
f 4103/5672/4255 4100/5673/4283 4101/5674/4282 4096/5675/4275
f 4095/5662/4276 4107/5668/4281 4106/5663/4277 4102/5624/4252
f 4108/5671/4280 4097/5665/4279 4098/5664/4278
f 4105/5667/4254 4108/5666/4280 4100/5673/4283 4103/5672/4255
f 4104/5625/4253 4098/5664/4278 4097/5665/4279 4099/5660/4274
f 4134/5676/4284 4111/5677/4285 4131/5678/4286 4144/5679/4287
f 4138/5680/4288 4118/5681/4289 4116/5682/4290 4135/5683/4291
f 4113/5684/4292 4115/5685/4293 4123/5686/4294 4121/5687/4295
f 4137/5688/4296 4120/5689/4297 4110/5690/4298 4133/5691/4299
f 4117/5692/4300 4115/5685/4293 4113/5684/4292 4119/5693/4301
f 4118/5681/4289 4112/5694/4302 4110/5690/4298 4120/5689/4297
f 4116/5682/4290 4118/5681/4289 4120/5689/4297 4114/5695/4303
f 4111/5696/4285 4117/5692/4300 4119/5693/4301 4109/5697/4304
f 4136/5698/4305 4114/5695/4303 4120/5689/4297 4137/5688/4296
f 4134/5676/4284 4112/5694/4302 4118/5681/4289 4138/5680/4288
f 4140/5699/4306 4121/5687/4295 4125/5700/4307 4142/5701/4308
f 4116/5682/4290 4114/5695/4303 4122/5702/4309 4124/5703/4310
f 4135/5683/4291 4116/5682/4290 4124/5703/4310 4139/5704/4311
f 4136/5698/4305 4113/5684/4292 4121/5687/4295 4140/5699/4306
f 4141/5705/4312 4128/5706/4313 4126/5707/4314 4142/5701/4308
f 4121/5687/4295 4123/5686/4294 4127/5708/4315 4125/5700/4307
f 4124/5703/4310 4122/5702/4309 4126/5707/4314 4128/5706/4313
f 4139/5704/4311 4124/5703/4310 4128/5706/4313 4141/5705/4312
f 4143/5709/4316 4130/5710/4317 4132/5711/4318 4144/5712/4287
f 4133/5691/4299 4110/5690/4298 4130/5713/4317 4143/5714/4316
f 4110/5690/4298 4112/5694/4302 4132/5715/4318 4130/5713/4317
f 4111/5696/4285 4109/5697/4304 4129/5716/4319 4131/5717/4286
f 4109/5697/4304 4133/5691/4299 4143/5714/4316 4129/5716/4319
f 4129/5718/4319 4143/5709/4316 4144/5712/4287 4131/5719/4286
f 4123/5720/4294 4139/5704/4311 4141/5705/4312 4127/5721/4315
f 4127/5721/4315 4141/5705/4312 4142/5701/4308 4125/5700/4307
f 4114/5695/4303 4136/5698/4305 4140/5699/4306 4122/5702/4309
f 4115/5722/4293 4135/5683/4291 4139/5704/4311 4123/5720/4294
f 4122/5702/4309 4140/5699/4306 4142/5701/4308 4126/5707/4314
f 4111/5677/4285 4134/5676/4284 4138/5680/4288 4117/5723/4300
f 4113/5684/4292 4136/5698/4305 4137/5688/4296 4119/5693/4301
f 4119/5693/4301 4137/5688/4296 4133/5691/4299 4109/5697/4304
f 4117/5723/4300 4138/5680/4288 4135/5683/4291 4115/5722/4293
f 4112/5694/4302 4134/5676/4284 4144/5679/4287 4132/5715/4318
f 4145/5724/4320 4146/5725/4321 4148/5726/4322 4147/5727/4323
f 4157/5728/4324 4158/5729/4325 4152/5730/4326 4151/5731/4327
f 4162/5732/4328 4161/5733/4329 4153/5734/4330 4154/5735/4331
f 4159/5736/4332 4160/5737/4333 4146/5738/4321 4145/5739/4320
f 4158/5740/4325 4148/5726/4322 4146/5725/4321 4160/5741/4333
f 4155/5742/4334 4156/5743/4335 4154/5744/4331 4153/5745/4330
f 4164/5746/4336 4162/5747/4328 4154/5744/4331 4156/5743/4335
f 4163/5748/4337 4164/5749/4336 4156/5750/4335 4155/5751/4334
f 4152/5752/4326 4158/5740/4325 4160/5741/4333 4150/5753/4338
f 4149/5754/4339 4150/5755/4338 4160/5737/4333 4159/5736/4332
f 4147/5756/4323 4148/5757/4322 4158/5729/4325 4157/5728/4324
f 4151/5731/4327 4152/5730/4326 4164/5749/4336 4163/5748/4337
f 4152/5752/4326 4150/5753/4338 4162/5747/4328 4164/5746/4336
f 4150/5755/4338 4149/5754/4339 4161/5733/4329 4162/5732/4328
f 4165/5758/4340 4166/5759/4341 4168/5760/4342 4167/5761/4343
f 4178/5762/4344 4180/5763/4271 4174/5764/4270 4176/5765/4345
f 4178/5766/4344 4177/5767/4346 4169/5768/4347 4170/5769/4348
f 4175/5770/4349 4176/5771/4345 4166/5772/4341 4165/5773/4340
f 4174/5764/4270 4168/5760/4342 4166/5759/4341 4176/5765/4345
f 4171/5774/4350 4172/5775/4351 4170/5776/4348 4169/5777/4347
f 4180/5763/4271 4178/5762/4344 4170/5776/4348 4172/5775/4351
f 4179/5658/4272 4180/5657/4271 4172/5778/4351 4171/5779/4350
f 4175/5770/4349 4177/5767/4346 4178/5766/4344 4176/5771/4345
f 4167/5780/4343 4168/5781/4342 4174/5656/4270 4173/5659/4273
f 4188/5782/4352 4183/5783/4353 4187/5784/4354
f 4182/5785/4355 4181/5786/4356 4185/5787/4357 4186/5788/4358
f 4183/5783/4353 4182/5785/4355 4186/5788/4358 4187/5784/4354
f 4181/5786/4356 4184/5789/4359 4185/5787/4357
f 4185/5787/4357 4184/5789/4359 4189/5790/4360
f 4188/5782/4352 4187/5784/4354 4191/5791/4361
f 4186/5788/4358 4185/5787/4357 4189/5790/4360 4190/5792/4362
f 4187/5784/4354 4186/5788/4358 4190/5792/4362 4191/5791/4361
f 4197/5793/4363 4199/5794/4364 4201/5795/4365 4204/5796/4366
f 4206/5797/4367 4205/5798/4368 4200/5799/4274
f 4203/5800/4369 4204/5801/4366 4193/5802/4275 4192/5803/4276
f 4199/5804/4364 4209/5805/4370 4198/5806/4371 4195/5807/4372
f 4195/5807/4372 4207/5808/4373 4201/5809/4365 4199/5804/4364
f 4200/5810/4274 4194/5811/4279 4209/5812/4370 4206/5813/4367
f 4207/5808/4373 4208/5814/4281 4202/5815/4282 4201/5809/4365
f 4196/5816/4374 4197/5817/4363 4204/5801/4366 4203/5800/4369
f 4204/5796/4366 4201/5795/4365 4202/5818/4282 4193/5819/4275
f 4192/5820/4276 4208/5821/4281 4207/5822/4373 4203/5823/4369
f 4209/5805/4370 4194/5824/4279 4198/5806/4371
f 4197/5817/4363 4196/5816/4374 4205/5798/4368 4206/5797/4367
f 4203/5823/4369 4207/5822/4373 4195/5825/4372 4196/5826/4374
f 4206/5813/4367 4209/5812/4370 4199/5794/4364 4197/5793/4363
f 4205/5827/4368 4198/5828/4371 4194/5811/4279 4200/5810/4274
f 4196/5826/4374 4195/5825/4372 4198/5828/4371 4205/5827/4368
f 4217/5829/4375 4216/5830/4376 4212/5831/4377
f 4211/5832/4378 4215/5833/4379 4214/5834/4380 4210/5835/4381
f 4212/5831/4377 4216/5830/4376 4215/5833/4379 4211/5832/4378
f 4210/5835/4381 4214/5834/4380 4213/5836/4382
f 4214/5834/4380 4218/5837/4383 4213/5836/4382
f 4217/5829/4375 4220/5838/4384 4216/5830/4376
f 4215/5833/4379 4219/5839/4385 4218/5837/4383 4214/5834/4380
f 4216/5830/4376 4220/5838/4384 4219/5839/4385 4215/5833/4379
f 4088/5631/4259 4090/5629/4257 4091/5628/4256 4089/5632/4260
f 4237/5840/4386 4242/5841/4387 4241/5842/4388 4238/5843/4389
f 4241/5842/4388 4242/5841/4387 4245/5844/4390 4244/5845/4391
f 4239/5846/4392 4240/5847/4393 4234/5848/4394 4233/5849/4395
f 4238/5843/4389 4241/5842/4388 4240/5847/4393 4239/5846/4392
f 4242/5841/4387 4237/5840/4386 4236/5850/4396
f 4234/5848/4394 4240/5847/4393 4243/5851/4397 4235/5852/4398
f 4240/5847/4393 4241/5842/4388 4244/5845/4391 4243/5851/4397
f 4245/5844/4390 4242/5841/4387 4236/5850/4396
f 4250/5853/4399 4255/5854/4400 4254/5855/4401 4251/5856/4402
f 4254/5855/4401 4255/5854/4400 4258/5857/4403 4257/5858/4404
f 4252/5859/4405 4253/5860/4406 4247/5861/4407 4246/5862/4408
f 4251/5856/4402 4254/5855/4401 4253/5860/4406 4252/5859/4405
f 4255/5854/4400 4250/5853/4399 4249/5863/4409
f 4247/5861/4407 4253/5860/4406 4256/5864/4410 4248/5865/4411
f 4253/5860/4406 4254/5855/4401 4257/5858/4404 4256/5864/4410
f 4258/5857/4403 4255/5854/4400 4249/5863/4409
f 4263/5866/4412 4268/5867/4413 4267/5868/4414 4264/5869/4415
f 4267/5868/4414 4268/5867/4413 4271/5870/4416 4270/5871/4417
f 4265/5872/4418 4266/5873/4419 4260/5874/4420 4259/5875/4421
f 4264/5869/4415 4267/5868/4414 4266/5873/4419 4265/5872/4418
f 4268/5867/4413 4263/5866/4412 4262/5876/4422
f 4260/5874/4420 4266/5873/4419 4269/5877/4423 4261/5878/4424
f 4266/5873/4419 4267/5868/4414 4270/5871/4417 4269/5877/4423
f 4271/5870/4416 4268/5867/4413 4262/5876/4422
f 4276/5879/4425 4281/5880/4426 4280/5881/4427 4277/5882/4428
f 4280/5881/4427 4281/5880/4426 4284/5883/4429 4283/5884/4430
f 4278/5885/4431 4279/5886/4432 4273/5887/4433 4272/5888/4434
f 4277/5882/4428 4280/5881/4427 4279/5886/4432 4278/5885/4431
f 4281/5880/4426 4276/5879/4425 4275/5889/4435
f 4273/5887/4433 4279/5886/4432 4282/5890/4436 4274/5891/4437
f 4279/5886/4432 4280/5881/4427 4283/5884/4430 4282/5890/4436
f 4284/5883/4429 4281/5880/4426 4275/5889/4435
f 4289/5892/4438 4294/5893/4439 4293/5894/4440 4290/5895/4441
f 4293/5894/4440 4294/5893/4439 4297/5896/4442 4296/5897/4443
f 4291/5898/4444 4292/5899/4445 4286/5900/4446 4285/5901/4447
f 4290/5895/4441 4293/5894/4440 4292/5899/4445 4291/5898/4444
f 4294/5893/4439 4289/5892/4438 4288/5902/4448
f 4286/5900/4446 4292/5899/4445 4295/5903/4449 4287/5904/4450
f 4292/5899/4445 4293/5894/4440 4296/5897/4443 4295/5903/4449
f 4297/5896/4442 4294/5893/4439 4288/5902/4448
f 4302/5905/4451 4307/5906/4452 4306/5907/4453 4303/5908/4454
f 4306/5907/4453 4307/5906/4452 4310/5909/4455 4309/5910/4456
f 4304/5911/4457 4305/5912/4458 4299/5913/4459 4298/5914/4460
f 4303/5908/4454 4306/5907/4453 4305/5912/4458 4304/5911/4457
f 4307/5906/4452 4302/5905/4451 4301/5915/4461
f 4299/5913/4459 4305/5912/4458 4308/5916/4462 4300/5917/4463
f 4305/5912/4458 4306/5907/4453 4309/5910/4456 4308/5916/4462
f 4310/5909/4455 4307/5906/4452 4301/5915/4461
f 4315/5918/4464 4320/5919/4465 4319/5920/4466 4316/5921/4467
f 4319/5920/4466 4320/5919/4465 4323/5922/4468 4322/5923/4469
f 4317/5924/4470 4318/5925/4471 4312/5926/4472 4311/5927/4473
f 4316/5921/4467 4319/5920/4466 4318/5925/4471 4317/5924/4470
f 4320/5919/4465 4315/5918/4464 4314/5928/4474
f 4312/5926/4472 4318/5925/4471 4321/5929/4475 4313/5930/4476
f 4318/5925/4471 4319/5920/4466 4322/5923/4469 4321/5929/4475
f 4323/5922/4468 4320/5919/4465 4314/5928/4474
f 4326/5931/4477 4327/5932/4478 4330/5933/4479 4329/5934/4480
f 4327/5932/4478 4328/5935/4481 4331/5936/4482 4330/5933/4479
f 4329/5934/4480 4330/5933/4479 4420/5937/4483 4421/5938/4484
f 4331/5936/4482 4422/5939/4485 4420/5937/4483 4330/5933/4479
f 4324/5940/4486 4333/5941/4487 4334/5942/4488
f 4324/5940/4486 4335/5943/4489 4333/5941/4487
f 4324/5940/4486 4325/5944/4490 4336/5945/4491 4335/5943/4489
f 4325/5944/4490 4419/5946/4492 4423/5947/4493 4336/5945/4491
f 4337/5948/4494 4419/5946/4492 4424/5949/4495
f 4332/5950/4496 4422/5939/4485 4423/5951/4493 4337/5952/4494
f 4324/5940/4486 4334/5942/4488 4338/5953/4497 4325/5944/4490
f 4336/5954/4491 4331/5936/4482 4328/5935/4481 4335/5955/4489
f 4337/5952/4494 4424/5956/4495 4421/5938/4484 4332/5950/4496
f 4329/5934/4480 4421/5938/4484 4424/5956/4495 4338/5957/4497
f 4326/5931/4477 4329/5934/4480 4338/5957/4497 4334/5958/4488
f 4341/5959/4498 4342/5960/4499 4345/5961/4500 4344/5962/4501
f 4342/5960/4499 4343/5963/4502 4346/5964/4503 4345/5961/4500
f 4344/5962/4501 4345/5961/4500 4426/5965/4504 4427/5966/4505
f 4346/5964/4503 4428/5967/4506 4426/5965/4504 4345/5961/4500
f 4339/5968/4507 4348/5969/4508 4349/5970/4509
f 4339/5968/4507 4350/5971/4510 4348/5969/4508
f 4339/5968/4507 4340/5972/4511 4351/5973/4512 4350/5971/4510
f 4340/5972/4511 4425/5974/4513 4429/5975/4514 4351/5973/4512
f 4352/5976/4515 4425/5974/4513 4430/5977/4516
f 4347/5978/4517 4428/5967/4506 4429/5979/4514 4352/5980/4515
f 4339/5968/4507 4349/5970/4509 4353/5981/4518 4340/5972/4511
f 4351/5982/4512 4346/5964/4503 4343/5963/4502 4350/5983/4510
f 4352/5980/4515 4430/5984/4516 4427/5966/4505 4347/5978/4517
f 4337/5948/4494 4423/5947/4493 4419/5946/4492
f 4344/5962/4501 4427/5966/4505 4430/5984/4516 4353/5985/4518
f 4341/5959/4498 4344/5962/4501 4353/5985/4518 4349/5986/4509
f 4356/5987/4519 4357/5988/4520 4360/5989/4521 4359/5990/4522
f 4357/5988/4520 4358/5991/4523 4361/5992/4524 4360/5989/4521
f 4359/5990/4522 4360/5989/4521 4432/5993/4525 4433/5994/4526
f 4361/5992/4524 4434/5995/4527 4432/5993/4525 4360/5989/4521
f 4354/5996/4528 4363/5997/4529 4364/5998/4530
f 4354/5996/4528 4365/5999/4531 4363/5997/4529
f 4354/5996/4528 4355/6000/4532 4366/6001/4533 4365/5999/4531
f 4355/6000/4532 4431/6002/4534 4435/6003/4535 4366/6001/4533
f 4367/6004/4536 4431/6002/4534 4436/6005/4537
f 4362/6006/4538 4434/5995/4527 4435/6007/4535 4367/6008/4536
f 4354/5996/4528 4364/5998/4530 4368/6009/4539 4355/6000/4532
f 4366/6010/4533 4361/5992/4524 4358/5991/4523 4365/6011/4531
f 4367/6008/4536 4436/6012/4537 4433/5994/4526 4362/6006/4538
f 4352/5976/4515 4429/5975/4514 4425/5974/4513
f 4359/5990/4522 4433/5994/4526 4436/6012/4537 4368/6013/4539
f 4356/5987/4519 4359/5990/4522 4368/6013/4539 4364/6014/4530
f 4371/6015/4540 4372/6016/4541 4375/6017/4542 4374/6018/4543
f 4372/6016/4541 4373/6019/4544 4376/6020/4545 4375/6017/4542
f 4374/6018/4543 4375/6017/4542 4438/6021/4546 4439/6022/4547
f 4376/6020/4545 4440/6023/4548 4438/6021/4546 4375/6017/4542
f 4369/6024/4549 4378/6025/4550 4379/6026/4551
f 4369/6024/4549 4380/6027/4552 4378/6025/4550
f 4369/6024/4549 4370/6028/4553 4381/6029/4554 4380/6027/4552
f 4370/6028/4553 4437/6030/4555 4441/6031/4556 4381/6029/4554
f 4382/6032/4557 4437/6030/4555 4442/6033/4558
f 4377/6034/4559 4440/6023/4548 4441/6035/4556 4382/6036/4557
f 4369/6024/4549 4379/6026/4551 4383/6037/4560 4370/6028/4553
f 4381/6038/4554 4376/6020/4545 4373/6019/4544 4380/6039/4552
f 4382/6036/4557 4442/6040/4558 4439/6022/4547 4377/6034/4559
f 4374/6018/4543 4439/6022/4547 4442/6040/4558 4383/6041/4560
f 4371/6015/4540 4374/6018/4543 4383/6041/4560 4379/6042/4551
f 4386/6043/4561 4387/6044/4562 4390/6045/4563 4389/6046/4564
f 4387/6044/4562 4388/6047/4565 4391/6048/4566 4390/6045/4563
f 4389/6046/4564 4390/6045/4563 4444/6049/4567 4445/6050/4568
f 4391/6048/4566 4446/6051/4569 4444/6049/4567 4390/6045/4563
f 4384/6052/4570 4393/6053/4571 4394/6054/4572
f 4384/6052/4570 4395/6055/4573 4393/6053/4571
f 4384/6052/4570 4385/6056/4574 4396/6057/4575 4395/6055/4573
f 4385/6056/4574 4443/6058/4576 4447/6059/4577 4396/6057/4575
f 4397/6060/4578 4443/6058/4576 4448/6061/4579
f 4392/6062/4580 4446/6051/4569 4447/6063/4577 4397/6064/4578
f 4384/6052/4570 4394/6054/4572 4398/6065/4581 4385/6056/4574
f 4396/6066/4575 4391/6048/4566 4388/6047/4565 4395/6067/4573
f 4397/6064/4578 4448/6068/4579 4445/6050/4568 4392/6062/4580
f 4382/6032/4557 4441/6031/4556 4437/6030/4555
f 4389/6046/4564 4445/6050/4568 4448/6068/4579 4398/6069/4581
f 4386/6043/4561 4389/6046/4564 4398/6069/4581 4394/6070/4572
f 4402/6071/4582 4403/6072/4583 4406/6073/4584 4405/6074/4585
f 4403/6072/4583 4404/6075/4586 4407/6076/4587 4406/6073/4584
f 4405/6074/4585 4406/6073/4584 4450/6077/4588 4451/6078/4589
f 4407/6076/4587 4452/6079/4590 4450/6077/4588 4406/6073/4584
f 4399/6080/4591 4411/6081/4592 4412/6082/4593
f 4399/6080/4591 4413/6083/4594 4411/6081/4592
f 4399/6080/4591 4400/6084/4595 4414/6085/4596 4413/6083/4594
f 4400/6084/4595 4449/6086/4597 4453/6087/4598 4414/6085/4596
f 4401/6088/4599 4416/6089/4600 4415/6090/4601
f 4401/6088/4599 4417/6091/4602 4416/6089/4600
f 4401/6088/4599 4449/6086/4597 4454/6092/4603 4417/6091/4602
f 4399/6080/4591 4412/6082/4593 4418/6093/4604 4400/6084/4595
f 4414/6094/4596 4407/6076/4587 4404/6075/4586 4413/6095/4594
f 4410/6096/4605 4452/6079/4590 4453/6097/4598 4415/6098/4601
f 4409/6099/4606 4410/6096/4605 4415/6098/4601 4416/6100/4600
f 4408/6101/4607 4409/6099/4606 4416/6100/4600 4417/6102/4602
f 4405/6074/4585 4451/6078/4589 4454/6103/4603 4418/6104/4604
f 4402/6071/4582 4405/6074/4585 4418/6104/4604 4412/6105/4593
f 4420/5937/4483 4332/5950/4496 4421/5938/4484
f 4422/5939/4485 4332/5950/4496 4420/5937/4483
f 4325/5944/4490 4338/5953/4497 4424/5949/4495 4419/5946/4492
f 4331/5936/4482 4336/5954/4491 4423/5951/4493 4422/5939/4485
f 4426/5965/4504 4347/5978/4517 4427/5966/4505
f 4428/5967/4506 4347/5978/4517 4426/5965/4504
f 4340/5972/4511 4353/5981/4518 4430/5977/4516 4425/5974/4513
f 4346/5964/4503 4351/5982/4512 4429/5979/4514 4428/5967/4506
f 4432/5993/4525 4362/6006/4538 4433/5994/4526
f 4434/5995/4527 4362/6006/4538 4432/5993/4525
f 4355/6000/4532 4368/6009/4539 4436/6005/4537 4431/6002/4534
f 4361/5992/4524 4366/6010/4533 4435/6007/4535 4434/5995/4527
f 4438/6021/4546 4377/6034/4559 4439/6022/4547
f 4440/6023/4548 4377/6034/4559 4438/6021/4546
f 4370/6028/4553 4383/6037/4560 4442/6033/4558 4437/6030/4555
f 4376/6020/4545 4381/6038/4554 4441/6035/4556 4440/6023/4548
f 4444/6049/4567 4392/6062/4580 4445/6050/4568
f 4446/6051/4569 4392/6062/4580 4444/6049/4567
f 4385/6056/4574 4398/6065/4581 4448/6061/4579 4443/6058/4576
f 4391/6048/4566 4396/6066/4575 4447/6063/4577 4446/6051/4569
f 4450/6077/4588 4409/6099/4606 4408/6101/4607 4451/6078/4589
f 4410/6096/4605 4409/6099/4606 4450/6077/4588 4452/6079/4590
f 4401/6088/4599 4415/6090/4601 4453/6087/4598 4449/6086/4597
f 4400/6084/4595 4418/6093/4604 4454/6092/4603 4449/6086/4597
f 4407/6076/4587 4414/6094/4596 4453/6097/4598 4452/6079/4590
f 4408/6101/4607 4417/6102/4602 4454/6103/4603 4451/6078/4589
f 4397/6060/4578 4447/6059/4577 4443/6058/4576
f 4367/6004/4536 4435/6003/4535 4431/6002/4534
f 4457/6106/4608 4456/6107/4609 4455/6108/4610
f 4458/6109/4611 4457/6106/4608 4455/6108/4610
f 4459/6110/4612 4458/6109/4611 4455/6108/4610
f 4460/6111/4613 4459/6110/4612 4455/6108/4610
f 4461/6112/4614 4460/6111/4613 4455/6108/4610
f 4463/6113/4615 4461/6112/4614 4455/6108/4610
f 4462/6114/4616 4463/6113/4615 4455/6108/4610
f 4814/6115/4617 4820/6116/4618 4813/6117/4619
f 4461/6112/4614 4463/6113/4615 4464/6118/4620 4466/6119/4621
f 4460/6111/4613 4461/6112/4614 4466/6119/4621 4467/6120/4622
f 4459/6110/4612 4460/6111/4613 4467/6120/4622 4468/6121/4623
f 4462/6114/4616 4456/6107/4609 4471/6122/4624 4465/6123/4625
f 4458/6109/4611 4459/6110/4612 4468/6121/4623 4469/6124/4626
f 4457/6106/4608 4458/6109/4611 4469/6124/4626 4470/6125/4627
f 4456/6107/4609 4457/6106/4608 4470/6125/4627 4471/6122/4624
f 4463/6113/4615 4462/6114/4616 4465/6123/4625 4464/6118/4620
f 4476/6126/1879 4480/6127/4628 4484/6128/4629
f 4478/6129/4630 4482/6130/4631 4483/6131/4632 4479/6132/4633
f 4475/6133/4634 4474/6134/4635 4479/6132/4633 4480/6127/4628
f 4473/6135/4636 4472/6136/4637 4477/6137/4638 4478/6129/4630
f 4483/6138/4632 4482/6139/4631 4486/6140/4639 4487/6141/4640
f 4480/6127/4628 4479/6132/4633 4483/6131/4632 4484/6128/4629
f 4478/6129/4630 4477/6137/4638 4481/6142/4641 4482/6130/4631
f 4484/6143/4629 4488/6144/4642 4476/6126/1879
f 4487/6141/4640 4486/6140/4639 4490/6145/4643 4491/6146/4644
f 4476/6126/1879 4488/6144/4642 4492/6147/4645
f 4484/6143/4629 4483/6138/4632 4487/6141/4640 4488/6144/4642
f 4482/6139/4631 4481/6148/4641 4485/6149/4646 4486/6140/4639
f 4488/6144/4642 4487/6141/4640 4491/6146/4644 4492/6147/4645
f 4486/6140/4639 4485/6149/4646 4489/6150/4647 4490/6145/4643
f 4476/6126/1879 4492/6147/4645 4496/6151/4648
f 4490/6145/4643 4494/6152/4649 4495/6153/4650 4491/6146/4644
f 4495/6153/4650 4494/6152/4649 4498/6154/4651 4499/6155/4652
f 4492/6147/4645 4491/6146/4644 4495/6153/4650 4496/6151/4648
f 4490/6145/4643 4489/6150/4647 4493/6156/4653 4494/6152/4649
f 4476/6126/1879 4496/6151/4648 4500/6157/4654
f 4476/6126/1879 4500/6157/4654 4504/6158/4655
f 4499/6155/4652 4498/6154/4651 4502/6159/4656 4503/6160/4657
f 4496/6151/4648 4495/6153/4650 4499/6155/4652 4500/6157/4654
f 4494/6152/4649 4493/6156/4653 4497/6161/4658 4498/6154/4651
f 4500/6157/4654 4499/6155/4652 4503/6160/4657 4504/6158/4655
f 4498/6154/4651 4497/6161/4658 4501/6162/4659 4502/6159/4656
f 4504/6158/4655 4508/6163/4660 4476/6126/1879
f 4502/6159/4656 4506/6164/4661 4507/6165/4662 4503/6160/4657
f 4476/6126/1879 4508/6163/4660 4512/6166/4663
f 4507/6165/4662 4506/6164/4661 4510/6167/4664 4511/6168/4665
f 4504/6158/4655 4503/6160/4657 4507/6165/4662 4508/6163/4660
f 4502/6159/4656 4501/6162/4659 4505/6169/4666 4506/6164/4661
f 4476/6126/1879 4512/6166/4663 4516/6170/4667
f 4511/6168/4665 4510/6167/4664 4514/6171/4668 4515/6172/4669
f 4508/6163/4660 4507/6165/4662 4511/6168/4665 4512/6166/4663
f 4506/6164/4661 4505/6169/4666 4509/6173/4670 4510/6167/4664
f 4512/6166/4663 4511/6168/4665 4515/6172/4669 4516/6170/4667
f 4510/6167/4664 4509/6173/4670 4513/6174/4671 4514/6171/4668
f 4516/6170/4667 4520/6175/4672 4476/6126/1879
f 4514/6171/4668 4518/6176/4673 4519/6177/4674 4515/6172/4669
f 4476/6126/1879 4520/6175/4672 4475/6133/4634
f 4519/6177/4674 4518/6176/4673 4473/6135/4636 4474/6134/4635
f 4516/6170/4667 4515/6172/4669 4519/6177/4674 4520/6175/4672
f 4514/6171/4668 4513/6174/4671 4517/6178/4675 4518/6176/4673
f 4476/6126/1879 4475/6133/4634 4480/6127/4628
f 4520/6175/4672 4519/6177/4674 4474/6134/4635 4475/6133/4634
f 4518/6176/4673 4517/6178/4675 4472/6136/4637 4473/6135/4636
f 4517/6179/1807 4513/6180/1807 4531/6181/1807 4532/6182/1807
f 4501/6183/1807 4497/6184/1807 4527/6185/1807 4528/6186/1807
f 4509/6187/1807 4505/6188/1807 4529/6189/1807 4530/6190/1807
f 4477/6191/1807 4472/6192/1807 4521/6193/1807 4522/6194/1807
f 4493/6195/1807 4489/6196/1807 4525/6197/1807 4526/6198/1807
f 4505/6188/1807 4501/6183/1807 4528/6186/1807 4529/6189/1807
f 4489/6196/1807 4485/6199/1807 4524/6200/1807 4525/6197/1807
f 4485/6199/1807 4481/6201/1807 4523/6202/1807 4524/6200/1807
f 4497/6184/1807 4493/6195/1807 4526/6198/1807 4527/6185/1807
f 4472/6192/1807 4517/6179/1807 4532/6182/1807 4521/6193/1807
f 4481/6201/1807 4477/6191/1807 4522/6194/1807 4523/6202/1807
f 4513/6180/1807 4509/6187/1807 4530/6190/1807 4531/6181/1807
f 4525/6203/4676 4524/6204/4677 4536/6205/4678 4537/6206/4679
f 4532/6207/4680 4531/6208/4681 4543/6209/4682 4544/6210/4683
f 4522/6211/4684 4521/6212/4685 4533/6213/4686 4534/6214/4687
f 4529/6215/4688 4528/6216/4689 4540/6217/4690 4541/6218/4691
f 4526/6219/4692 4525/6203/4676 4537/6206/4679 4538/6220/4693
f 4521/6212/4685 4532/6207/4680 4544/6210/4683 4533/6213/4686
f 4523/6221/4694 4522/6211/4684 4534/6214/4687 4535/6222/4695
f 4530/6223/4696 4529/6215/4688 4541/6218/4691 4542/6224/4697
f 4527/6225/4698 4526/6219/4692 4538/6220/4693 4539/6226/4699
f 4524/6204/4677 4523/6227/4694 4535/6228/4695 4536/6205/4678
f 4531/6208/4681 4530/6223/4696 4542/6224/4697 4543/6209/4682
f 4528/6216/4689 4527/6225/4698 4539/6226/4699 4540/6217/4690
f 4540/6229/4690 4539/6230/4699 4545/6231/1807
f 4537/6232/4679 4536/6233/4678 4545/6231/1807
f 4544/6234/4683 4543/6235/4682 4545/6231/1807
f 4534/6236/4687 4533/6237/4686 4545/6231/1807
f 4541/6238/4691 4540/6229/4690 4545/6231/1807
f 4538/6239/4693 4537/6232/4679 4545/6231/1807
f 4533/6237/4686 4544/6234/4683 4545/6231/1807
f 4535/6240/4695 4534/6236/4687 4545/6231/1807
f 4542/6241/4697 4541/6238/4691 4545/6231/1807
f 4539/6230/4699 4538/6239/4693 4545/6231/1807
f 4536/6233/4678 4535/6242/4695 4545/6231/1807
f 4543/6235/4682 4542/6241/4697 4545/6231/1807
f 4547/6243/4700 4546/6244/4701 4550/6245/4702 4551/6246/4703
f 4546/6247/4701 4547/6248/4700 4563/6249/4704 4549/6250/4705
f 4546/6244/4701 4548/6251/4706 4552/6252/4707 4550/6245/4702
f 4548/6253/4706 4546/6247/4701 4549/6250/4705
f 4550/6254/4702 4553/6255/4708 4555/6256/4709 4551/6257/4703
f 4552/6258/4707 4553/6255/4708 4550/6254/4702
f 4552/6258/4707 4554/6259/4710 4553/6255/4708
f 4553/6255/4708 4554/6259/4710 4556/6260/4711 4555/6256/4709
f 4559/6261/4712 4551/6257/4703 4555/6256/4709 4557/6262/4713
f 4563/6249/4704 4560/6263/4714 4561/6264/4715 4564/6265/4716
f 4561/6266/4715 4560/6267/4714 4557/6268/4713 4558/6269/4717
f 4560/6267/4714 4562/6270/4718 4559/6271/4712 4557/6268/4713
f 4547/6248/4700 4562/6272/4718 4560/6263/4714 4563/6249/4704
f 4562/6270/4718 4547/6243/4700 4551/6246/4703 4559/6271/4712
f 4549/6250/4705 4563/6249/4704 4564/6265/4716 4565/6273/4719
f 4565/6274/4719 4564/6275/4716 4556/6276/4711 4554/6277/4710
f 4548/6251/4706 4565/6274/4719 4554/6277/4710 4552/6252/4707
f 4548/6253/4706 4549/6250/4705 4565/6273/4719
f 4564/6275/4716 4561/6266/4715 4558/6269/4717 4556/6276/4711
f 4557/6262/4713 4555/6256/4709 4556/6260/4711 4558/6278/4717
f 4567/6279/4720 4566/6280/4721 4570/6281/4722 4571/6282/4723
f 4566/6283/4721 4567/6284/4720 4583/6285/4724 4569/6286/4725
f 4566/6280/4721 4568/6287/4726 4572/6288/4727 4570/6281/4722
f 4568/6289/4726 4566/6283/4721 4569/6286/4725
f 4570/6290/4722 4573/6291/4728 4575/6292/4729 4571/6293/4723
f 4572/6294/4727 4573/6291/4728 4570/6290/4722
f 4572/6294/4727 4574/6295/4730 4573/6291/4728
f 4573/6291/4728 4574/6295/4730 4576/6296/4731 4575/6292/4729
f 4579/6297/4732 4571/6293/4723 4575/6292/4729 4577/6298/4733
f 4583/6285/4724 4580/6299/4734 4581/6300/4735 4584/6301/4736
f 4581/6302/4735 4580/6303/4734 4577/6304/4733 4578/6305/4737
f 4580/6303/4734 4582/6306/4738 4579/6307/4732 4577/6304/4733
f 4567/6284/4720 4582/6308/4738 4580/6299/4734 4583/6285/4724
f 4582/6306/4738 4567/6279/4720 4571/6282/4723 4579/6307/4732
f 4569/6286/4725 4583/6285/4724 4584/6301/4736 4585/6309/4739
f 4585/6310/4739 4584/6311/4736 4576/6312/4731 4574/6313/4730
f 4568/6287/4726 4585/6310/4739 4574/6313/4730 4572/6288/4727
f 4568/6289/4726 4569/6286/4725 4585/6309/4739
f 4584/6311/4736 4581/6302/4735 4578/6305/4737 4576/6312/4731
f 4577/6298/4733 4575/6292/4729 4576/6296/4731 4578/6314/4737
f 4586/6315/4740 4587/6316/4741 4591/6317/4742 4589/6318/4743
f 4587/6316/4741 4586/6315/4740 4588/6319/4744 4595/6320/4745
f 4590/6321/4746 4589/6322/4743 4591/6323/4742 4592/6324/4747
f 4597/6325/4748 4592/6324/4747 4591/6323/4742 4593/6326/4749
f 4591/6317/4742 4587/6316/4741 4594/6327/4750 4593/6328/4749
f 4587/6316/4741 4595/6320/4745 4596/6329/4751 4594/6327/4750
f 4596/6329/4751 4595/6320/4745 4592/6324/4747 4597/6325/4748
f 4588/6319/4744 4590/6321/4746 4592/6324/4747 4595/6320/4745
f 4598/6330/4752 4599/6331/4753 4603/6332/4754 4601/6333/4755
f 4599/6331/4753 4598/6330/4752 4600/6334/4756 4607/6335/4757
f 4602/6336/4758 4601/6337/4755 4603/6338/4754 4604/6339/4759
f 4609/6340/4760 4604/6339/4759 4603/6338/4754 4605/6341/4761
f 4603/6332/4754 4599/6331/4753 4606/6342/4762 4605/6343/4761
f 4599/6331/4753 4607/6335/4757 4608/6344/4763 4606/6342/4762
f 4608/6344/4763 4607/6335/4757 4604/6339/4759 4609/6340/4760
f 4600/6334/4756 4602/6336/4758 4604/6339/4759 4607/6335/4757
f 4610/6345/4764 4611/6346/4765 4615/6347/4766 4613/6348/4767
f 4611/6346/4765 4610/6345/4764 4612/6349/4768 4619/6350/4769
f 4614/6351/4770 4613/6348/4767 4615/6347/4766 4616/6352/4771
f 4621/6353/4772 4616/6352/4771 4615/6347/4766 4617/6354/4773
f 4615/6347/4766 4611/6346/4765 4618/6355/4774 4617/6354/4773
f 4611/6346/4765 4619/6350/4769 4620/6356/4775 4618/6355/4774
f 4620/6357/4775 4619/6358/4769 4616/6352/4771 4621/6353/4772
f 4612/6359/4768 4614/6351/4770 4616/6352/4771 4619/6358/4769
f 4623/6360/4776 4622/6361/4777 4626/6362/4778 4627/6363/4779
f 4622/6364/4777 4623/6365/4776 4639/6366/4780 4625/6367/4781
f 4622/6361/4777 4624/6368/4782 4628/6369/4783 4626/6362/4778
f 4624/6370/4782 4622/6364/4777 4625/6367/4781
f 4626/6371/4778 4629/6372/4784 4631/6373/4785 4627/6374/4779
f 4628/6375/4783 4629/6372/4784 4626/6371/4778
f 4628/6375/4783 4630/6376/4786 4629/6372/4784
f 4629/6372/4784 4630/6376/4786 4632/6377/4787 4631/6373/4785
f 4635/6378/4788 4627/6374/4779 4631/6373/4785 4633/6379/4789
f 4639/6366/4780 4636/6380/4790 4637/6381/4791 4640/6382/4792
f 4637/6383/4791 4636/6384/4790 4633/6385/4789 4634/6386/4793
f 4636/6384/4790 4638/6387/4794 4635/6388/4788 4633/6385/4789
f 4623/6365/4776 4638/6389/4794 4636/6380/4790 4639/6366/4780
f 4638/6387/4794 4623/6360/4776 4627/6363/4779 4635/6388/4788
f 4625/6367/4781 4639/6366/4780 4640/6382/4792 4641/6390/4795
f 4641/6391/4795 4640/6392/4792 4632/6393/4787 4630/6394/4786
f 4624/6368/4782 4641/6391/4795 4630/6394/4786 4628/6369/4783
f 4624/6370/4782 4625/6367/4781 4641/6390/4795
f 4640/6392/4792 4637/6383/4791 4634/6386/4793 4632/6393/4787
f 4633/6379/4789 4631/6373/4785 4632/6377/4787 4634/6395/4793
f 4643/6396/4796 4642/6397/4797 4646/6398/4798 4647/6399/4799
f 4642/6400/4797 4643/6401/4796 4659/6402/4800 4645/6403/4801
f 4642/6397/4797 4644/6404/4802 4648/6405/4803 4646/6398/4798
f 4644/6406/4802 4642/6400/4797 4645/6403/4801
f 4646/6407/4798 4649/6408/4804 4651/6409/4805 4647/6410/4799
f 4648/6411/4803 4649/6408/4804 4646/6407/4798
f 4648/6411/4803 4650/6412/4806 4649/6408/4804
f 4649/6408/4804 4650/6412/4806 4652/6413/4807 4651/6409/4805
f 4655/6414/4808 4647/6410/4799 4651/6409/4805 4653/6415/4809
f 4659/6402/4800 4656/6416/4810 4657/6417/4811 4660/6418/4812
f 4657/6419/4811 4656/6420/4810 4653/6421/4809 4654/6422/4813
f 4656/6420/4810 4658/6423/4814 4655/6424/4808 4653/6421/4809
f 4643/6401/4796 4658/6425/4814 4656/6416/4810 4659/6402/4800
f 4658/6423/4814 4643/6396/4796 4647/6399/4799 4655/6424/4808
f 4645/6403/4801 4659/6402/4800 4660/6418/4812 4661/6426/4815
f 4661/6427/4815 4660/6428/4812 4652/6429/4807 4650/6430/4806
f 4644/6404/4802 4661/6427/4815 4650/6430/4806 4648/6405/4803
f 4644/6406/4802 4645/6403/4801 4661/6426/4815
f 4660/6428/4812 4657/6419/4811 4654/6422/4813 4652/6429/4807
f 4653/6415/4809 4651/6409/4805 4652/6413/4807 4654/6431/4813
f 4663/6432/4816 4662/6433/4817 4666/6434/4818 4667/6435/4819
f 4662/6436/4817 4663/6437/4816 4679/6438/4820 4665/6439/4821
f 4662/6433/4817 4664/6440/4822 4668/6441/4823 4666/6434/4818
f 4664/6442/4822 4662/6436/4817 4665/6439/4821
f 4666/6443/4818 4669/6444/4824 4671/6445/4825 4667/6446/4819
f 4668/6447/4823 4669/6444/4824 4666/6443/4818
f 4668/6447/4823 4670/6448/4826 4669/6444/4824
f 4669/6444/4824 4670/6448/4826 4672/6449/4827 4671/6445/4825
f 4675/6450/4828 4667/6446/4819 4671/6445/4825 4673/6451/4829
f 4679/6438/4820 4676/6452/4830 4677/6453/4831 4680/6454/4832
f 4677/6455/4831 4676/6456/4830 4673/6457/4829 4674/6458/4833
f 4676/6456/4830 4678/6459/4834 4675/6460/4828 4673/6457/4829
f 4663/6437/4816 4678/6461/4834 4676/6452/4830 4679/6438/4820
f 4678/6459/4834 4663/6432/4816 4667/6435/4819 4675/6460/4828
f 4665/6439/4821 4679/6438/4820 4680/6454/4832 4681/6462/4835
f 4681/6463/4835 4680/6464/4832 4672/6465/4827 4670/6466/4826
f 4664/6440/4822 4681/6463/4835 4670/6466/4826 4668/6441/4823
f 4664/6442/4822 4665/6439/4821 4681/6462/4835
f 4680/6464/4832 4677/6455/4831 4674/6458/4833 4672/6465/4827
f 4673/6451/4829 4671/6445/4825 4672/6449/4827 4674/6467/4833
f 4684/6468/4836 4685/6469/4837 4688/6470/4838 4687/6471/4839
f 4685/6469/4837 4686/6472/4840 4689/6473/4841 4688/6470/4838
f 4687/6471/4839 4688/6470/4838 4778/6474/4842 4779/6475/4843
f 4689/6473/4841 4780/6476/4844 4778/6474/4842 4688/6470/4838
f 4682/6477/4845 4691/6478/4846 4692/6479/4847
f 4682/6477/4845 4693/6480/4848 4691/6478/4846
f 4682/6477/4845 4683/6481/4849 4694/6482/4850 4693/6480/4848
f 4683/6481/4849 4777/6483/4851 4781/6484/4852 4694/6482/4850
f 4695/6485/4853 4777/6483/4851 4782/6486/4854
f 4690/6487/4855 4780/6488/4844 4781/6484/4852 4695/6485/4853
f 4682/6477/4845 4692/6479/4847 4696/6489/4856 4683/6481/4849
f 4694/6482/4850 4689/6490/4841 4686/6491/4840 4693/6480/4848
f 4695/6485/4853 4782/6486/4854 4779/6492/4843 4690/6493/4855
f 4687/6494/4839 4779/6492/4843 4782/6486/4854 4696/6489/4856
f 4684/6495/4836 4687/6494/4839 4696/6489/4856 4692/6479/4847
f 4699/6496/4857 4700/6497/4858 4703/6498/4859 4702/6499/4860
f 4700/6497/4858 4701/6500/4861 4704/6501/4862 4703/6498/4859
f 4702/6499/4860 4703/6498/4859 4784/6502/4863 4785/6503/4864
f 4704/6501/4862 4786/6504/4865 4784/6502/4863 4703/6498/4859
f 4697/6505/4866 4706/6506/4867 4707/6507/4868
f 4697/6505/4866 4708/6508/4869 4706/6506/4867
f 4697/6505/4866 4698/6509/4870 4709/6510/4871 4708/6508/4869
f 4698/6509/4870 4783/6511/4872 4787/6512/4873 4709/6510/4871
f 4710/6513/4874 4783/6511/4872 4788/6514/4875
f 4705/6515/4876 4786/6516/4865 4787/6512/4873 4710/6513/4874
f 4697/6505/4866 4707/6507/4868 4711/6517/4877 4698/6509/4870
f 4709/6510/4871 4704/6518/4862 4701/6519/4861 4708/6508/4869
f 4710/6513/4874 4788/6514/4875 4785/6520/4864 4705/6521/4876
f 4695/6485/4853 4781/6484/4852 4777/6483/4851
f 4702/6522/4860 4785/6520/4864 4788/6514/4875 4711/6517/4877
f 4699/6523/4857 4702/6522/4860 4711/6517/4877 4707/6507/4868
f 4714/6524/4878 4715/6525/4879 4718/6526/4880 4717/6527/4881
f 4715/6525/4879 4716/6528/4882 4719/6529/4883 4718/6526/4880
f 4717/6527/4881 4718/6526/4880 4790/6530/4884 4791/6531/4885
f 4719/6529/4883 4792/6532/4886 4790/6530/4884 4718/6526/4880
f 4712/6533/4887 4721/6534/4888 4722/6535/4889
f 4712/6533/4887 4723/6536/4890 4721/6534/4888
f 4712/6533/4887 4713/6537/4891 4724/6538/4892 4723/6536/4890
f 4713/6537/4891 4789/6539/4893 4793/6540/4894 4724/6538/4892
f 4725/6541/4895 4789/6539/4893 4794/6542/4896
f 4720/6543/4897 4792/6544/4886 4793/6540/4894 4725/6541/4895
f 4712/6533/4887 4722/6535/4889 4726/6545/4898 4713/6537/4891
f 4724/6538/4892 4719/6546/4883 4716/6547/4882 4723/6536/4890
f 4725/6541/4895 4794/6542/4896 4791/6548/4885 4720/6549/4897
f 4710/6513/4874 4787/6512/4873 4783/6511/4872
f 4717/6550/4881 4791/6548/4885 4794/6542/4896 4726/6545/4898
f 4714/6551/4878 4717/6550/4881 4726/6545/4898 4722/6535/4889
f 4729/6552/4899 4730/6553/4900 4733/6554/4901 4732/6555/4902
f 4730/6553/4900 4731/6556/4903 4734/6557/4904 4733/6554/4901
f 4732/6555/4902 4733/6554/4901 4796/6558/4905 4797/6559/4906
f 4734/6557/4904 4798/6560/4907 4796/6558/4905 4733/6554/4901
f 4727/6561/4908 4736/6562/4909 4737/6563/4910
f 4727/6561/4908 4738/6564/4911 4736/6562/4909
f 4727/6561/4908 4728/6565/4912 4739/6566/4913 4738/6564/4911
f 4728/6565/4912 4795/6567/4914 4799/6568/4915 4739/6566/4913
f 4740/6569/4916 4795/6567/4914 4800/6570/4917
f 4735/6571/4918 4798/6572/4907 4799/6573/4915 4740/6574/4916
f 4727/6561/4908 4737/6563/4910 4741/6575/4919 4728/6565/4912
f 4739/6576/4913 4734/6577/4904 4731/6578/4903 4738/6579/4911
f 4740/6574/4916 4800/6580/4917 4797/6581/4906 4735/6571/4918
f 4732/6582/4902 4797/6581/4906 4800/6580/4917 4741/6583/4919
f 4729/6584/4899 4732/6582/4902 4741/6583/4919 4737/6585/4910
f 4744/6586/4920 4745/6587/4921 4748/6588/4922 4747/6589/4923
f 4745/6587/4921 4746/6590/4924 4749/6591/4925 4748/6588/4922
f 4747/6589/4923 4748/6588/4922 4802/6592/4926 4803/6593/4927
f 4749/6591/4925 4804/6594/4928 4802/6592/4926 4748/6588/4922
f 4742/6595/4929 4751/6596/4930 4752/6597/4931
f 4742/6595/4929 4753/6598/4932 4751/6596/4930
f 4742/6595/4929 4743/6599/4933 4754/6600/4934 4753/6598/4932
f 4743/6599/4933 4801/6601/4935 4805/6602/4936 4754/6600/4934
f 4755/6603/4937 4801/6601/4935 4806/6604/4938
f 4750/6605/4939 4804/6606/4928 4805/6607/4936 4755/6608/4937
f 4742/6595/4929 4752/6597/4931 4756/6609/4940 4743/6599/4933
f 4754/6610/4934 4749/6611/4925 4746/6612/4924 4753/6613/4932
f 4755/6608/4937 4806/6614/4938 4803/6615/4927 4750/6605/4939
f 4740/6569/4916 4799/6568/4915 4795/6567/4914
f 4747/6616/4923 4803/6615/4927 4806/6614/4938 4756/6617/4940
f 4744/6618/4920 4747/6616/4923 4756/6617/4940 4752/6619/4931
f 4760/6620/4941 4761/6621/4942 4764/6622/4943 4763/6623/4944
f 4761/6621/4942 4762/6624/4945 4765/6625/4946 4764/6622/4943
f 4763/6623/4944 4764/6622/4943 4808/6626/4947 4809/6627/4948
f 4765/6625/4946 4810/6628/4949 4808/6626/4947 4764/6622/4943
f 4757/6629/4950 4769/6630/4951 4770/6631/4952
f 4757/6629/4950 4771/6632/4953 4769/6630/4951
f 4757/6629/4950 4758/6633/4954 4772/6634/4955 4771/6632/4953
f 4758/6633/4954 4807/6635/4956 4811/6636/4957 4772/6634/4955
f 4759/6637/4958 4774/6638/4959 4773/6639/4960
f 4759/6637/4958 4775/6640/4961 4774/6638/4959
f 4759/6637/4958 4807/6635/4956 4812/6641/4962 4775/6640/4961
f 4757/6629/4950 4770/6631/4952 4776/6642/4963 4758/6633/4954
f 4772/6643/4955 4765/6644/4946 4762/6645/4945 4771/6646/4953
f 4768/6647/4964 4810/6648/4949 4811/6649/4957 4773/6650/4960
f 4767/6651/4965 4768/6647/4964 4773/6650/4960 4774/6652/4959
f 4766/6653/4966 4767/6651/4965 4774/6652/4959 4775/6654/4961
f 4763/6655/4944 4809/6656/4948 4812/6657/4962 4776/6658/4963
f 4760/6659/4941 4763/6655/4944 4776/6658/4963 4770/6660/4952
f 4778/6474/4842 4690/6661/4855 4779/6475/4843
f 4780/6476/4844 4690/6661/4855 4778/6474/4842
f 4683/6481/4849 4696/6489/4856 4782/6486/4854 4777/6483/4851
f 4689/6490/4841 4694/6482/4850 4781/6484/4852 4780/6488/4844
f 4784/6502/4863 4705/6662/4876 4785/6503/4864
f 4786/6504/4865 4705/6662/4876 4784/6502/4863
f 4698/6509/4870 4711/6517/4877 4788/6514/4875 4783/6511/4872
f 4704/6518/4862 4709/6510/4871 4787/6512/4873 4786/6516/4865
f 4790/6530/4884 4720/6663/4897 4791/6531/4885
f 4792/6532/4886 4720/6663/4897 4790/6530/4884
f 4713/6537/4891 4726/6545/4898 4794/6542/4896 4789/6539/4893
f 4719/6546/4883 4724/6538/4892 4793/6540/4894 4792/6544/4886
f 4796/6558/4905 4735/6664/4918 4797/6559/4906
f 4798/6560/4907 4735/6664/4918 4796/6558/4905
f 4728/6565/4912 4741/6575/4919 4800/6570/4917 4795/6567/4914
f 4734/6577/4904 4739/6576/4913 4799/6573/4915 4798/6572/4907
f 4802/6592/4926 4750/6665/4939 4803/6593/4927
f 4804/6594/4928 4750/6665/4939 4802/6592/4926
f 4743/6599/4933 4756/6609/4940 4806/6604/4938 4801/6601/4935
f 4749/6611/4925 4754/6610/4934 4805/6607/4936 4804/6606/4928
f 4808/6626/4947 4767/6666/4965 4766/6667/4966 4809/6627/4948
f 4768/6668/4964 4767/6666/4965 4808/6626/4947 4810/6628/4949
f 4759/6637/4958 4773/6639/4960 4811/6636/4957 4807/6635/4956
f 4758/6633/4954 4776/6642/4963 4812/6641/4962 4807/6635/4956
f 4765/6644/4946 4772/6643/4955 4811/6649/4957 4810/6648/4949
f 4766/6653/4966 4775/6654/4961 4812/6657/4962 4809/6656/4948
f 4755/6603/4937 4805/6602/4936 4801/6601/4935
f 4725/6541/4895 4793/6540/4894 4789/6539/4893
f 4815/6669/4967 4814/6115/4617 4813/6117/4619
f 4816/6670/4968 4815/6669/4967 4813/6117/4619
f 4817/6671/4969 4816/6670/4968 4813/6117/4619
f 4818/6672/4970 4817/6671/4969 4813/6117/4619
f 4819/6673/4971 4818/6672/4970 4813/6117/4619
f 4821/6674/4972 4819/6673/4971 4813/6117/4619
f 4820/6116/4618 4821/6674/4972 4813/6117/4619
f 4474/6134/4635 4473/6135/4636 4478/6129/4630 4479/6132/4633
f 4819/6673/4971 4821/6674/4972 4822/6675/4973 4824/6676/4974
f 4818/6672/4970 4819/6673/4971 4824/6676/4974 4825/6677/4975
f 4817/6671/4969 4818/6672/4970 4825/6677/4975 4826/6678/4976
f 4820/6116/4618 4814/6115/4617 4829/6679/4977 4823/6680/4978
f 4816/6670/4968 4817/6671/4969 4826/6678/4976 4827/6681/4979
f 4815/6669/4967 4816/6670/4968 4827/6681/4979 4828/6682/4980
f 4814/6115/4617 4815/6669/4967 4828/6682/4980 4829/6679/4977
f 4821/6674/4972 4820/6116/4618 4823/6680/4978 4822/6675/4973
f 4832/6683/4981 4833/6684/4982 4836/6685/4983 4835/6686/4984
f 4833/6684/4982 4834/6687/4985 4837/6688/4986 4836/6685/4983
f 4835/6686/4984 4836/6685/4983 4926/6689/4987 4927/6690/4988
f 4837/6688/4986 4928/6691/4989 4926/6689/4987 4836/6685/4983
f 4830/6692/4990 4839/6693/4991 4840/6694/4992
f 4830/6692/4990 4841/6695/4993 4839/6693/4991
f 4830/6692/4990 4831/6696/4994 4842/6697/4995 4841/6695/4993
f 4831/6696/4994 4925/6698/4996 4929/6699/4997 4842/6697/4995
f 4843/6700/4998 4925/6698/4996 4930/6701/4999
f 4838/6702/5000 4928/6691/4989 4929/6703/4997 4843/6704/4998
f 4830/6692/4990 4840/6694/4992 4844/6705/5001 4831/6696/4994
f 4842/6706/4995 4837/6688/4986 4834/6687/4985 4841/6707/4993
f 4843/6704/4998 4930/6708/4999 4927/6690/4988 4838/6702/5000
f 4835/6686/4984 4927/6690/4988 4930/6708/4999 4844/6709/5001
f 4832/6683/4981 4835/6686/4984 4844/6709/5001 4840/6710/4992
f 4847/6711/5002 4848/6712/5003 4851/6713/5004 4850/6714/5005
f 4848/6712/5003 4849/6715/5006 4852/6716/5007 4851/6713/5004
f 4850/6714/5005 4851/6713/5004 4932/6717/5008 4933/6718/5009
f 4852/6716/5007 4934/6719/5010 4932/6717/5008 4851/6713/5004
f 4845/6720/5011 4854/6721/5012 4855/6722/5013
f 4845/6720/5011 4856/6723/5014 4854/6721/5012
f 4845/6720/5011 4846/6724/5015 4857/6725/5016 4856/6723/5014
f 4846/6724/5015 4931/6726/5017 4935/6727/5018 4857/6725/5016
f 4858/6728/5019 4931/6726/5017 4936/6729/5020
f 4853/6730/5021 4934/6719/5010 4935/6731/5018 4858/6732/5019
f 4845/6720/5011 4855/6722/5013 4859/6733/5022 4846/6724/5015
f 4857/6734/5016 4852/6716/5007 4849/6715/5006 4856/6735/5014
f 4858/6732/5019 4936/6736/5020 4933/6718/5009 4853/6730/5021
f 4843/6700/4998 4929/6699/4997 4925/6698/4996
f 4850/6714/5005 4933/6718/5009 4936/6736/5020 4859/6737/5022
f 4847/6711/5002 4850/6714/5005 4859/6737/5022 4855/6738/5013
f 4862/6739/5023 4863/6740/5024 4866/6741/5025 4865/6742/5026
f 4863/6740/5024 4864/6743/5027 4867/6744/5028 4866/6741/5025
f 4865/6742/5026 4866/6741/5025 4938/6745/5029 4939/6746/5030
f 4867/6744/5028 4940/6747/5031 4938/6745/5029 4866/6741/5025
f 4860/6748/5032 4869/6749/5033 4870/6750/5034
f 4860/6748/5032 4871/6751/5035 4869/6749/5033
f 4860/6748/5032 4861/6752/5036 4872/6753/5037 4871/6751/5035
f 4861/6752/5036 4937/6754/5038 4941/6755/5039 4872/6753/5037
f 4873/6756/5040 4937/6754/5038 4942/6757/5041
f 4868/6758/5042 4940/6747/5031 4941/6759/5039 4873/6760/5040
f 4860/6748/5032 4870/6750/5034 4874/6761/5043 4861/6752/5036
f 4872/6762/5037 4867/6744/5028 4864/6743/5027 4871/6763/5035
f 4873/6760/5040 4942/6764/5041 4939/6746/5030 4868/6758/5042
f 4858/6728/5019 4935/6727/5018 4931/6726/5017
f 4865/6742/5026 4939/6746/5030 4942/6764/5041 4874/6765/5043
f 4862/6739/5023 4865/6742/5026 4874/6765/5043 4870/6766/5034
f 4877/6767/5044 4878/6768/5045 4881/6769/5046 4880/6770/5047
f 4878/6768/5045 4879/6771/5048 4882/6772/5049 4881/6769/5046
f 4880/6770/5047 4881/6769/5046 4944/6773/5050 4945/6774/5051
f 4882/6772/5049 4946/6775/5052 4944/6773/5050 4881/6769/5046
f 4875/6776/5053 4884/6777/5054 4885/6778/5055
f 4875/6776/5053 4886/6779/5056 4884/6777/5054
f 4875/6776/5053 4876/6780/5057 4887/6781/5058 4886/6779/5056
f 4876/6780/5057 4943/6782/5059 4947/6783/5060 4887/6781/5058
f 4888/6784/5061 4943/6782/5059 4948/6785/5062
f 4883/6786/5063 4946/6775/5052 4947/6787/5060 4888/6788/5061
f 4875/6776/5053 4885/6778/5055 4889/6789/5064 4876/6780/5057
f 4887/6790/5058 4882/6772/5049 4879/6771/5048 4886/6791/5056
f 4888/6788/5061 4948/6792/5062 4945/6774/5051 4883/6786/5063
f 4880/6770/5047 4945/6774/5051 4948/6792/5062 4889/6793/5064
f 4877/6767/5044 4880/6770/5047 4889/6793/5064 4885/6794/5055
f 4892/6795/5065 4893/6796/5066 4896/6797/5067 4895/6798/5068
f 4893/6796/5066 4894/6799/5069 4897/6800/5070 4896/6797/5067
f 4895/6798/5068 4896/6797/5067 4950/6801/5071 4951/6802/5072
f 4897/6800/5070 4952/6803/5073 4950/6801/5071 4896/6797/5067
f 4890/6804/5074 4899/6805/5075 4900/6806/5076
f 4890/6804/5074 4901/6807/5077 4899/6805/5075
f 4890/6804/5074 4891/6808/5078 4902/6809/5079 4901/6807/5077
f 4891/6808/5078 4949/6810/5080 4953/6811/5081 4902/6809/5079
f 4903/6812/5082 4949/6810/5080 4954/6813/5083
f 4898/6814/5084 4952/6803/5073 4953/6815/5081 4903/6816/5082
f 4890/6804/5074 4900/6806/5076 4904/6817/5085 4891/6808/5078
f 4902/6818/5079 4897/6800/5070 4894/6799/5069 4901/6819/5077
f 4903/6816/5082 4954/6820/5083 4951/6802/5072 4898/6814/5084
f 4888/6784/5061 4947/6783/5060 4943/6782/5059
f 4895/6798/5068 4951/6802/5072 4954/6820/5083 4904/6821/5085
f 4892/6795/5065 4895/6798/5068 4904/6821/5085 4900/6822/5076
f 4908/6823/5086 4909/6824/5087 4912/6825/5088 4911/6826/5089
f 4909/6824/5087 4910/6827/5090 4913/6828/5091 4912/6825/5088
f 4911/6826/5089 4912/6825/5088 4956/6829/5092 4957/6830/5093
f 4913/6828/5091 4958/6831/5094 4956/6829/5092 4912/6825/5088
f 4905/6832/5095 4917/6833/5096 4918/6834/5097
f 4905/6832/5095 4919/6835/5098 4917/6833/5096
f 4905/6832/5095 4906/6836/5099 4920/6837/5100 4919/6835/5098
f 4906/6836/5099 4955/6838/5101 4959/6839/5102 4920/6837/5100
f 4907/6840/5103 4922/6841/5104 4921/6842/5105
f 4907/6840/5103 4923/6843/5106 4922/6841/5104
f 4907/6840/5103 4955/6838/5101 4960/6844/5107 4923/6843/5106
f 4905/6832/5095 4918/6834/5097 4924/6845/5108 4906/6836/5099
f 4920/6846/5100 4913/6828/5091 4910/6827/5090 4919/6847/5098
f 4916/6848/5109 4958/6831/5094 4959/6849/5102 4921/6850/5105
f 4915/6851/5110 4916/6848/5109 4921/6850/5105 4922/6852/5104
f 4914/6853/5111 4915/6851/5110 4922/6852/5104 4923/6854/5106
f 4911/6826/5089 4957/6830/5093 4960/6855/5107 4924/6856/5108
f 4908/6823/5086 4911/6826/5089 4924/6856/5108 4918/6857/5097
f 4926/6689/4987 4838/6702/5000 4927/6690/4988
f 4928/6691/4989 4838/6702/5000 4926/6689/4987
f 4831/6696/4994 4844/6705/5001 4930/6701/4999 4925/6698/4996
f 4837/6688/4986 4842/6706/4995 4929/6703/4997 4928/6691/4989
f 4932/6717/5008 4853/6730/5021 4933/6718/5009
f 4934/6719/5010 4853/6730/5021 4932/6717/5008
f 4846/6724/5015 4859/6733/5022 4936/6729/5020 4931/6726/5017
f 4852/6716/5007 4857/6734/5016 4935/6731/5018 4934/6719/5010
f 4938/6745/5029 4868/6758/5042 4939/6746/5030
f 4940/6747/5031 4868/6758/5042 4938/6745/5029
f 4861/6752/5036 4874/6761/5043 4942/6757/5041 4937/6754/5038
f 4867/6744/5028 4872/6762/5037 4941/6759/5039 4940/6747/5031
f 4944/6773/5050 4883/6786/5063 4945/6774/5051
f 4946/6775/5052 4883/6786/5063 4944/6773/5050
f 4876/6780/5057 4889/6789/5064 4948/6785/5062 4943/6782/5059
f 4882/6772/5049 4887/6790/5058 4947/6787/5060 4946/6775/5052
f 4950/6801/5071 4898/6814/5084 4951/6802/5072
f 4952/6803/5073 4898/6814/5084 4950/6801/5071
f 4891/6808/5078 4904/6817/5085 4954/6813/5083 4949/6810/5080
f 4897/6800/5070 4902/6818/5079 4953/6815/5081 4952/6803/5073
f 4956/6829/5092 4915/6851/5110 4914/6853/5111 4957/6830/5093
f 4916/6848/5109 4915/6851/5110 4956/6829/5092 4958/6831/5094
f 4907/6840/5103 4921/6842/5105 4959/6839/5102 4955/6838/5101
f 4906/6836/5099 4924/6845/5108 4960/6844/5107 4955/6838/5101
f 4913/6828/5091 4920/6846/5100 4959/6849/5102 4958/6831/5094
f 4914/6853/5111 4923/6854/5106 4960/6855/5107 4957/6830/5093
f 4903/6812/5082 4953/6811/5081 4949/6810/5080
f 4873/6756/5040 4941/6755/5039 4937/6754/5038
f 4963/6858/5112 4962/6859/5113 4961/6860/5114
f 4964/6861/5115 4963/6858/5112 4961/6860/5114
f 4965/6862/5116 4964/6861/5115 4961/6860/5114
f 4966/6863/5117 4965/6862/5116 4961/6860/5114
f 4967/6864/5118 4966/6863/5117 4961/6860/5114
f 4969/6865/5119 4967/6864/5118 4961/6860/5114
f 4968/6866/5120 4969/6865/5119 4961/6860/5114
f 4456/6107/4609 4462/6114/4616 4455/6108/4610
f 4967/6864/5118 4969/6865/5119 4970/6867/5121 4972/6868/5122
f 4966/6863/5117 4967/6864/5118 4972/6868/5122 4973/6869/5123
f 4965/6862/5116 4966/6863/5117 4973/6869/5123 4974/6870/5124
f 4968/6866/5120 4962/6859/5113 4977/6871/5125 4971/6872/5126
f 4964/6861/5115 4965/6862/5116 4974/6870/5124 4975/6873/5127
f 4963/6858/5112 4964/6861/5115 4975/6873/5127 4976/6874/5128
f 4962/6859/5113 4963/6858/5112 4976/6874/5128 4977/6871/5125
f 4969/6865/5119 4968/6866/5120 4971/6872/5126 4970/6867/5121
f 4979/6875/5129 4981/6876/5130 4980/6877/5131 4978/6878/5132
f 4981/6879/5130 4983/6880/5133 4982/6881/5134 4980/6882/5131
f 4983/6880/5133 4985/6883/5135 4984/6884/5136 4982/6881/5134
f 4984/6884/5136 4985/6883/5135 4979/6875/5129 4978/6878/5132
f 4987/6885/5137 4989/6886/5138 4988/6887/5139 4986/6888/5140
f 4989/6886/5138 4991/6889/5141 4990/6890/5142 4988/6887/5139
f 4991/6889/5141 4993/6891/5143 4992/6892/5144 4990/6890/5142
f 4992/6892/5144 4993/6891/5143 4987/6893/5137 4986/6894/5140
f 4962/6859/5113 4968/6866/5120 4961/6860/5114
f 5005/6895/5145 5003/6896/5145 5001/6897/5145 4996/6898/5145
f 5002/6899/5146 5005/6900/5146 4996/6901/5146 5000/6902/5146
f 4995/6903/5147 4998/6904/5147 4994/6905/5148 4999/6906/5149
f 5004/6907/5150 5007/6908/5150 4997/6909/5151 5006/6910/5152
f 5003/6896/5153 5005/6895/5153 4998/6904/5153 4995/6903/5153
f 5002/6899/5154 5014/6911/5154 5019/6912/5154 4994/6913/5154
f 5004/6907/5155 4996/6898/5155 5001/6897/5155 5007/6908/5155
f 5002/6899/5156 4994/6913/5156 4998/6914/5156 5005/6900/5156
f 4996/6901/5157 5004/6915/5157 5006/6916/5157 5000/6902/5157
f 5006/6910/5152 4997/6909/5151 5013/6917/5158 5020/6918/5159
f 5002/6899/5160 5000/6902/5160 5015/6919/5160 5014/6911/5160
f 5008/6920/5161 5011/6921/5161 5010/6922/5161 5009/6923/5161
f 5014/6911/5162 5015/6919/5162 5011/6924/5162 5008/6925/5162
f 5019/6926/5163 5018/6927/5164 5016/6928/5164 5012/6929/5165
f 5013/6917/5158 5017/6930/5166 5021/6931/5166 5020/6918/5159
f 5016/6932/5167 5018/6933/5167 5008/6920/5167 5009/6923/5167
f 5021/6931/5168 5017/6930/5168 5010/6922/5168 5011/6921/5168
f 5014/6911/5169 5008/6925/5169 5018/6934/5169 5019/6912/5169
f 5011/6924/5170 5015/6919/5170 5020/6935/5170 5021/6936/5170
f 4999/6906/5149 4994/6905/5148 5019/6926/5163 5012/6929/5165
f 5006/6916/5171 5020/6935/5171 5015/6919/5171 5000/6902/5171
f 5043/6937/5172 5062/6938/5172 5061/6939/5172 5044/6940/5172
f 5044/6941/5173 5028/6942/5174 5029/6943/5174 5051/6944/5175
f 5044/6941/5173 5051/6944/5175 5052/6945/5176
f 5078/6946/5177 5059/6947/5177 5031/6948/5177 5041/6949/5178 5089/6950/5179 5097/6951/5177
f 5043/6952/5180 5044/6941/5173 5052/6945/5176
f 5071/6953/5181 5054/6954/5181 5053/6955/5182 5072/6956/5181
f 5063/6957/5183 5046/6958/5184 5045/6959/5185 5064/6960/5183
f 5073/6961/5186 5056/6962/5186 5055/6963/5186 5074/6964/5186
f 5062/6965/5187 5043/6966/5187 5032/6967/5188 5090/6968/5189 5101/6969/5187
f 5093/6970/5190 5037/6971/5190 5033/6972/5191 5060/6973/5191 5077/6974/5191 5098/6975/5191
f 5122/6976/5192 5029/6977/5193 5028/6978/5194
f 5057/6979/5195 5081/6980/5195 5037/6971/5190 5093/6970/5190 5109/6981/5195 5076/6982/5195
f 5056/6983/5196 5073/6984/5196 5038/6985/5197
f 5035/6986/5198 5095/6987/5199 5107/6988/5200 5064/6989/5200 5045/6990/5200 5025/6991/5200
f 5074/6992/5201 5055/6993/5201 5087/6994/5202
f 5060/6995/5203 5059/6996/5203 5078/6997/5203 5077/6998/5203
f 5035/6986/5198 5085/6999/5204 5047/7000/5205 5065/7001/5206 5112/7002/5206 5095/6987/5199
f 5067/7003/5207 5050/7004/5208 5049/7005/5209 5068/7006/5207
f 5047/7007/5210 5083/7008/5210 5086/7009/5211 5115/7010/5211 5114/7011/5210 5065/7012/5210
f 5069/7013/5212 5052/7014/5176 5051/7015/5175 5070/7016/5212
f 5033/7017/5211 5053/7018/5182 5060/7019/5213
f 5075/7020/5214 5058/7021/5215 5057/7022/5216 5076/7023/5217
f 5041/6949/5178 5028/7024/5218 5044/7025/5218 5061/7026/5218 5102/7027/5218 5089/6950/5179
f 5031/7028/5219 5059/7029/5203 5060/7030/5213
f 5113/7031/5220 5066/7032/5221 5048/7033/5222 5084/7034/5223
f 5073/7035/5224 5074/7036/5225 5075/7037/5214 5076/6982/5217
f 5031/7038/5226 5122/6976/5192 5041/7039/5227
f 5035/7040/5228 5036/7041/5228 5084/7042/5229 5085/7043/5229
f 5082/7044/5230 5038/7045/5231 5037/7046/5231 5081/7047/5230
f 5022/7048/5232 5040/7049/5232 5118/7050/5233 5039/7051/5234 5023/7052/5232
f 5086/7053/5235 5083/7054/5235 5048/7055/5235
f 5038/7045/5231 5034/7056/5236 5033/7057/5236 5037/7046/5231
f 5118/7050/5237 5121/7058/5238 5120/7059/5239 5117/7060/5239
f 5087/7061/5240 5079/7062/5240 5080/7063/5240
f 5025/7064/5241 5024/7065/5241 5036/7041/5228 5035/7040/5228
f 5027/7066/5202 5043/6952/5180 5052/6945/5176
f 5032/6967/5188 5040/7067/5242 5022/7068/5243 5046/7069/5243 5063/7070/5243 5104/7071/5243 5090/6968/5189
f 5046/7072/5211 5022/7073/5211 5023/7074/5211 5049/7075/5211
f 5080/7076/5174 5055/7077/5244 5058/7078/5215
f 5087/7079/5202 5080/7080/5245 5058/7081/5245 5075/7082/5245 5110/7083/5245 5116/7084/5202
f 5032/6967/5188 5117/7085/5187 5040/7067/5242
f 5053/6955/5246 5034/7086/5246 5038/6985/5197 5092/7087/5197 5099/7088/5246 5072/6956/5246
f 5048/7089/5222 5083/7090/5202 5047/7091/5205
f 5050/7092/5208 5024/7093/5247 5025/7094/5247
f 5068/7006/5248 5049/7005/5248 5039/7095/5249
f 5086/7009/5211 5048/7096/5250 5066/7097/5250 5115/7010/5211
f 5123/7098/5251 5030/7099/5252 5054/6954/5252
f 5052/6945/5176 5026/7100/5202 5027/7066/5202
f 5116/7101/5253 5110/7102/5253 5111/7103/5253
f 5042/7104/5254 5088/7105/5255 5103/7106/5256 5070/7016/5256 5051/7015/5256 5029/7107/5256
f 5076/6982/5217 5109/6981/5202 5108/7108/5202 5073/7035/5224
f 5074/7036/5225 5111/7109/5174 5110/7110/5174 5075/7037/5214
f 5094/7111/5257 5036/7112/5257 5067/7003/5258
f 5052/7014/5259 5069/7013/5259 5039/7095/5249
f 5056/7113/5260 5082/7114/5260 5081/7115/5260 5057/7116/5216 5058/7078/5215 5055/7077/5244
f 5027/7117/5261 5118/7050/5233 5117/7060/5261
f 5118/7050/5233 5027/7117/5261 5026/7118/5261
f 5118/7050/5233 5026/7118/5261 5039/7051/5234
f 5027/7119/5187 5117/7085/5187 5043/6966/5187
f 5043/6966/5187 5117/7085/5187 5032/6967/5188
f 5040/7049/5262 5119/7120/5262 5121/7058/5238 5118/7050/5237
f 5117/7060/5263 5120/7059/5263 5119/7120/5263 5040/7049/5263
f 5120/7059/5264 5121/7058/5264 5119/7120/5264
f 5123/7121/5265 5122/6976/5192 5030/7122/5266
f 5123/7121/5267 5126/7123/5267 5125/7124/5267 5122/6976/5267
f 5030/7122/5266 5122/6976/5192 5031/7038/5226
f 5029/6977/5193 5122/6976/5192 5042/7125/5193
f 5122/6976/5192 5028/6978/5194 5041/7039/5227
f 5042/7125/5268 5124/7126/5268 5126/7123/5268 5123/7121/5268
f 5122/6976/5269 5125/7124/5269 5124/7126/5269 5042/7125/5269
f 5125/7124/5270 5126/7123/5270 5124/7126/5270
f 5151/7127/5271 5127/7128/5271 5130/7129/5272 5131/7130/5273
f 5131/7130/5273 5130/7129/5272 5133/7131/5274 5134/7132/5274
f 5133/7131/5275 5132/7133/5276 5135/7134/5277 5136/7135/5278
f 5132/7133/5276 5128/7136/5235 5135/7134/5277
f 5134/7132/5274 5133/7131/5274 5136/7135/5279 5137/7137/5280
f 5135/7134/5277 5138/7138/5281 5139/7139/5282 5136/7135/5278
f 5135/7134/5277 5128/7136/5235 5138/7138/5281
f 5138/7140/5281 5141/7141/5283 5142/7142/5284 5139/7143/5282
f 5138/7140/5281 5128/7136/5235 5141/7141/5283
f 5137/7137/5280 5136/7135/5279 5139/7139/5285 5140/7144/5285
f 5142/7142/5284 5141/7141/5283 5144/7145/5286 5145/7146/5287
f 5141/7141/5283 5128/7136/5235 5144/7145/5286
f 5140/7147/5285 5139/7143/5285 5142/7142/5288 5143/7148/5289
f 5143/7148/5289 5142/7142/5288 5145/7146/5290 5146/7149/5290
f 5145/7146/5287 5144/7145/5286 5147/7150/5291 5148/7151/5292
f 5144/7145/5286 5128/7136/5235 5147/7150/5291
f 5147/7150/5291 5150/7152/5293 5127/7128/5294 5148/7151/5292
f 5147/7150/5291 5128/7136/5235 5150/7152/5293
f 5146/7149/5290 5145/7146/5290 5148/7151/5295 5149/7153/5296
f 5150/7152/5293 5129/7154/5297 5130/7129/5298 5127/7128/5294
f 5150/7152/5293 5128/7136/5235 5129/7154/5297
f 5149/7153/5296 5148/7151/5295 5127/7128/5271 5151/7127/5271
f 5151/7127/5299 5131/7130/5300 5152/7155/5301 5159/7156/5302
f 5146/7149/5303 5149/7153/5304 5158/7157/5305 5157/7158/5306
f 5131/7130/5300 5134/7132/5307 5153/7159/5308 5152/7155/5301
f 5134/7132/5307 5137/7137/5309 5154/7160/5310 5153/7159/5308
f 5140/7147/5311 5143/7148/5312 5156/7161/5313 5155/7162/5314
f 5137/7137/5309 5140/7144/5311 5155/7163/5314 5154/7160/5310
f 5143/7148/5312 5146/7149/5303 5157/7158/5306 5156/7161/5313
f 5149/7153/5304 5151/7127/5299 5159/7156/5302 5158/7157/5305
f 5152/7155/5301 5153/7159/5308 5161/7164/5174 5160/7165/5315
f 5159/7156/5302 5152/7155/5301 5160/7165/5315 5167/7166/5316
f 5157/7158/5306 5158/7157/5305 5166/7167/5317 5165/7168/5247
f 5155/7162/5314 5156/7161/5313 5164/7169/5318 5163/7170/5319
f 5153/7159/5308 5154/7160/5310 5162/7171/5320 5161/7164/5174
f 5158/7157/5305 5159/7156/5302 5167/7166/5316 5166/7167/5317
f 5156/7161/5313 5157/7158/5306 5165/7168/5247 5164/7169/5318
f 5154/7160/5310 5155/7163/5314 5163/7172/5319 5162/7171/5320
f 5367/7173/5321 5168/7174/5321 5379/7175/5322 5388/7176/5322
f 5364/7177/5323 5171/7178/5323 5173/7179/5324 5362/7180/5324
f 5363/7181/5325 5225/7182/5325 5227/7183/5326 5361/7184/5326
f 5261/7185/5327 5252/7186/5328 5251/7187/5329 5277/7188/5330
f 5259/7189/5331 5246/7190/5332 5245/7191/5333 5276/7192/5334
f 5362/7180/5324 5173/7179/5324 5175/7193/5335 5349/7194/5335
f 5361/7184/5326 5227/7183/5326 5228/7195/5336 5348/7196/5336
f 5263/7197/5337 5230/7198/5338 5257/7199/5339 5258/7200/5340
f 5349/7194/5335 5175/7193/5335 5177/7201/5341 5350/7202/5341
f 5264/7203/5342 5247/7204/5343 5246/7190/5332 5259/7189/5331
f 5262/7205/5344 5238/7206/5345 5237/7207/5346 5260/7208/5347
f 5350/7202/5341 5177/7201/5341 5179/7209/5348 5351/7210/5348
f 5351/7210/5348 5179/7209/5348 5181/7211/5349 5352/7212/5349
f 5265/7213/5350 5253/7214/5351 5252/7186/5328 5261/7185/5327
f 5266/7215/5352 5239/7216/5353 5238/7206/5345 5262/7205/5344
f 5352/7212/5349 5181/7211/5349 5183/7217/5354 5353/7218/5354
f 5267/7219/5355 5248/7220/5356 5247/7204/5343 5264/7203/5342
f 5353/7218/5354 5183/7217/5354 5185/7221/5357 5354/7222/5357
f 5269/7223/5358 5254/7224/5359 5253/7214/5351 5265/7213/5350
f 5354/7222/5357 5185/7221/5357 5187/7225/5360 5355/7226/5360
f 5273/7227/5361 5240/7228/5362 5239/7216/5353 5266/7215/5352
f 5355/7226/5360 5187/7225/5360 5189/7229/5363 5356/7230/5363
f 5275/7231/5364 5249/7232/5365 5248/7220/5356 5267/7219/5355
f 5356/7230/5363 5189/7229/5363 5191/7233/5366 5357/7234/5366
f 5268/7235/5367 5255/7236/5368 5254/7224/5359 5269/7223/5358
f 5270/7237/5369 5232/7238/5370 5231/7239/5371 5271/7240/5372
f 5357/7234/5366 5191/7233/5366 5193/7241/5373 5358/7242/5373
f 5272/7243/5374 5241/7244/5375 5240/7228/5362 5273/7227/5361
f 5358/7242/5373 5193/7241/5373 5195/7245/5376 5359/7246/5376
f 5274/7247/5377 5250/7248/5378 5249/7232/5365 5275/7231/5364
f 5298/7249/5379 5368/7250/5380 5366/7251/5381 5286/7252/5382
f 5302/7253/5383 5377/7254/5384 5376/7255/5385 5288/7256/5386
f 5353/7218/5387 5354/7222/5388 5290/7257/5389 5299/7258/5390
f 5357/7234/5391 5358/7242/5392 5292/7259/5393 5305/7260/5394
f 5303/7261/5395 5373/7262/5396 5372/7263/5397 5294/7264/5398
f 5306/7265/5399 5362/7180/5400 5349/7194/5401 5296/7266/5402
f 5308/7267/5403 5369/7268/5404 5368/7250/5380 5298/7249/5379
f 5352/7212/5405 5353/7218/5387 5299/7258/5390 5309/7269/5406
f 5382/7270/5407 5388/7176/5408 5364/7177/5409 5313/7271/5410 5386/7272/5411
f 5307/7273/5412 5378/7274/5413 5377/7254/5384 5302/7253/5383
f 5311/7275/5414 5374/7276/5415 5373/7262/5396 5303/7261/5395
f 5310/7277/5416 5363/7181/5416 5361/7184/5417 5304/7278/5417
f 5356/7230/5418 5357/7234/5391 5305/7260/5394 5312/7279/5419
f 5313/7271/5410 5364/7177/5409 5362/7180/5400 5306/7265/5399
f 5315/7280/5420 5360/7281/5421 5378/7274/5413 5307/7273/5412
f 5314/7282/5422 5370/7283/5423 5369/7268/5404 5308/7267/5403
f 5351/7210/5424 5352/7212/5405 5309/7269/5406 5316/7284/5425
f 5365/7285/5426 5363/7181/5416 5310/7277/5416 5287/7286/5427
f 5375/7287/5428 5374/7276/5415 5311/7275/5414 5289/7288/5429
f 5355/7226/5430 5356/7230/5418 5312/7279/5419 5291/7289/5430
f 5300/7290/5431 5348/7196/5432 5367/7173/5433 5301/7291/5434
f 5371/7292/5435 5370/7283/5423 5314/7282/5422 5295/7293/5436
f 5359/7246/5437 5360/7281/5421 5315/7280/5420 5293/7294/5438
f 5350/7202/5439 5351/7210/5424 5316/7284/5425 5297/7295/5440
f 5286/7252/5382 5366/7251/5381 5365/7285/5426 5287/7286/5427
f 5288/7256/5386 5376/7255/5385 5375/7287/5428 5289/7288/5429
f 5354/7222/5388 5355/7226/5430 5291/7289/5430 5290/7257/5389
f 5349/7194/5401 5350/7202/5439 5297/7295/5440 5296/7266/5402
f 5294/7264/5398 5372/7263/5397 5371/7292/5435 5295/7293/5436
f 5358/7242/5392 5359/7246/5437 5293/7294/5438 5292/7259/5393
f 5385/7296/5441 5301/7291/5434 5367/7173/5433 5388/7176/5408 5382/7270/5407
f 5388/7176/5322 5379/7175/5322 5171/7178/5323 5364/7177/5323
f 5318/7297/5442 5197/7298/5442 5195/7245/5443 5340/7299/5443
f 5319/7300/5444 5215/7301/5444 5213/7302/5445 5338/7303/5445
f 5317/7304/5446 5179/7209/5446 5177/7201/5447 5336/7305/5447
f 5304/7278/5417 5361/7184/5417 5348/7196/5432 5300/7290/5431
f 5321/7306/5448 5189/7229/5448 5187/7225/5449 5342/7307/5449
f 5322/7308/5450 5207/7309/5450 5205/7310/5451 5344/7311/5451
f 5323/7312/5452 5225/7182/5452 5223/7313/5453 5346/7314/5453
f 5324/7315/5454 5181/7211/5454 5179/7209/5446 5317/7304/5446
f 5326/7316/5455 5199/7317/5455 5197/7298/5442 5318/7297/5442
f 5325/7318/5456 5217/7319/5456 5215/7301/5444 5319/7300/5444
f 5327/7320/5457 5173/7179/5457 5171/7178/5458 5320/7321/5458
f 5328/7322/5459 5191/7233/5459 5189/7229/5448 5321/7306/5448
f 5330/7323/5460 5209/7324/5460 5207/7309/5450 5322/7308/5450
f 5329/7325/5461 5227/7183/5461 5225/7182/5452 5323/7312/5452
f 5334/7326/5462 5183/7217/5462 5181/7211/5454 5324/7315/5454
f 5335/7327/5463 5219/7328/5463 5217/7319/5456 5325/7318/5456
f 5331/7329/5464 5201/7330/5464 5199/7317/5455 5326/7316/5455
f 5337/7331/5465 5175/7193/5465 5173/7179/5457 5327/7320/5457
f 5341/7332/5466 5193/7241/5466 5191/7233/5459 5328/7322/5459
f 5333/7333/5467 5228/7195/5467 5227/7183/5461 5329/7325/5461
f 5339/7334/5468 5211/7335/5468 5209/7324/5460 5330/7323/5460
f 5345/7336/5469 5203/7337/5469 5201/7330/5464 5331/7329/5464
f 5332/7338/5470 5168/7174/5470 5228/7195/5467 5333/7333/5467
f 5343/7339/5471 5185/7221/5471 5183/7217/5462 5334/7326/5462
f 5347/7340/5472 5221/7341/5472 5219/7328/5463 5335/7327/5463
f 5336/7305/5447 5177/7201/5447 5175/7193/5465 5337/7331/5465
f 5338/7303/5445 5213/7302/5445 5211/7335/5468 5339/7334/5468
f 5340/7299/5443 5195/7245/5443 5193/7241/5466 5341/7332/5466
f 5342/7307/5449 5187/7225/5449 5185/7221/5471 5343/7339/5471
f 5344/7311/5451 5205/7310/5451 5203/7337/5469 5345/7336/5469
f 5346/7314/5453 5223/7313/5453 5221/7341/5472 5347/7340/5472
f 5359/7246/5376 5195/7245/5376 5197/7298/5473 5360/7281/5473
f 5260/7208/5347 5237/7207/5346 5236/7342/5474 5278/7343/5475
f 5387/7344/5476 5379/7175/5477 5168/7174/5470 5332/7338/5470
f 5365/7285/5478 5223/7313/5478 5225/7182/5325 5363/7181/5325
f 5226/7345/5479 5380/7346/5480 5386/7347/5480 5313/7348/5481
f 5366/7251/5482 5221/7341/5482 5223/7313/5478 5365/7285/5478
f 5276/7192/5334 5245/7191/5333 5244/7349/5483 5279/7350/5484
f 5368/7250/5485 5219/7328/5485 5221/7341/5482 5366/7251/5482
f 5348/7196/5336 5228/7195/5336 5168/7174/5321 5367/7173/5321
f 5278/7343/5475 5236/7342/5474 5235/7351/5486 5280/7352/5487
f 5369/7268/5488 5217/7319/5488 5219/7328/5485 5368/7250/5485
f 5370/7283/5489 5215/7301/5489 5217/7319/5488 5369/7268/5488
f 5280/7352/5487 5235/7351/5486 5234/7353/5490 5281/7354/5491
f 5279/7350/5484 5244/7349/5483 5243/7355/5492 5282/7356/5493
f 5371/7292/5494 5213/7302/5494 5215/7301/5489 5370/7283/5489
f 5372/7263/5495 5211/7335/5495 5213/7302/5494 5371/7292/5494
f 5282/7356/5493 5243/7355/5492 5242/7357/5496 5283/7358/5497
f 5373/7262/5498 5209/7324/5498 5211/7335/5495 5372/7263/5495
f 5374/7276/5499 5207/7309/5499 5209/7324/5498 5373/7262/5498
f 5281/7354/5491 5234/7353/5490 5233/7359/5500 5284/7360/5501
f 5258/7200/5340 5257/7199/5339 5256/7361/5502 5285/7362/5503
f 5375/7287/5504 5205/7310/5504 5207/7309/5499 5374/7276/5499
f 5376/7255/5505 5203/7337/5505 5205/7310/5504 5375/7287/5504
f 5283/7358/5497 5242/7357/5496 5241/7244/5375 5272/7243/5374
f 5285/7362/5503 5256/7361/5502 5255/7236/5368 5268/7235/5367
f 5377/7254/5506 5201/7330/5506 5203/7337/5505 5376/7255/5505
f 5284/7360/5501 5233/7359/5500 5232/7238/5370 5270/7237/5369
f 5378/7274/5507 5199/7317/5507 5201/7330/5506 5377/7254/5506
f 5222/7363/5508 5284/7360/5501 5270/7237/5369 5224/7364/5509
f 5170/7365/5510 5285/7362/5503 5268/7235/5367 5172/7366/5511
f 5204/7367/5512 5283/7358/5497 5272/7243/5374 5206/7368/5513
f 5169/7369/5514 5258/7200/5340 5285/7362/5503 5170/7365/5510
f 5220/7370/5515 5281/7354/5491 5284/7360/5501 5222/7363/5508
f 5202/7371/5516 5282/7356/5493 5283/7358/5497 5204/7367/5512
f 5200/7372/5517 5279/7350/5484 5282/7356/5493 5202/7371/5516
f 5218/7373/5518 5280/7352/5487 5281/7354/5491 5220/7370/5515
f 5216/7374/5519 5278/7343/5475 5280/7352/5487 5218/7373/5518
f 5198/7375/5520 5276/7192/5334 5279/7350/5484 5200/7372/5517
f 5214/7376/5521 5260/7208/5347 5278/7343/5475 5216/7374/5519
f 5188/7377/5522 5274/7247/5377 5275/7231/5364 5190/7378/5523
f 5206/7368/5513 5272/7243/5374 5273/7227/5361 5208/7379/5524
f 5224/7364/5509 5270/7237/5369 5271/7240/5372 5226/7345/5525
f 5172/7366/5511 5268/7235/5367 5269/7223/5358 5174/7380/5526
f 5190/7378/5523 5275/7231/5364 5267/7219/5355 5192/7381/5527
f 5208/7379/5524 5273/7227/5361 5266/7215/5352 5210/7382/5528
f 5381/7383/5529 5229/7384/5530 5301/7385/5531 5385/7386/5532
f 5174/7380/5526 5269/7223/5358 5265/7213/5350 5176/7387/5533
f 5192/7381/5527 5267/7219/5355 5264/7203/5342 5194/7388/5534
f 5226/7345/5525 5271/7240/5372 5384/7389/5535 5380/7346/5536
f 5210/7382/5528 5266/7215/5352 5262/7205/5344 5212/7390/5537
f 5176/7387/5533 5265/7213/5350 5261/7185/5327 5178/7391/5538
f 5212/7390/5537 5262/7205/5344 5260/7208/5347 5214/7376/5521
f 5194/7388/5534 5264/7203/5342 5259/7189/5331 5196/7392/5539
f 5229/7384/5530 5263/7197/5337 5258/7200/5340 5169/7369/5514
f 5396/7393/5540 5276/7192/5334 5198/7375/5520
f 5178/7391/5538 5261/7185/5327 5277/7188/5330 5180/7394/5541
f 5200/7372/5542 5202/7371/5543 5293/7395/5543 5315/7396/5544
f 5182/7397/5545 5184/7398/5546 5295/7399/5547 5314/7400/5545
f 5218/7373/5548 5220/7370/5549 5297/7401/5550 5316/7402/5551
f 5381/7383/5529 5384/7389/5535 5263/7197/5337 5229/7384/5530
f 5208/7379/5552 5210/7382/5553 5291/7403/5553 5312/7404/5552
f 5190/7378/5523 5192/7381/5527 5289/7405/5554 5311/7406/5555
f 5172/7366/5511 5174/7380/5526 5287/7407/5556 5310/7408/5557
f 5216/7374/5558 5218/7373/5548 5316/7402/5551 5309/7409/5559
f 5198/7375/5560 5200/7372/5542 5315/7396/5544 5307/7410/5561
f 5180/7394/5541 5182/7397/5545 5314/7400/5545 5308/7411/5562
f 5224/7364/5563 5226/7345/5479 5313/7348/5481 5306/7412/5564
f 5206/7368/5565 5208/7379/5552 5312/7404/5552 5305/7413/5565
f 5188/7377/5522 5190/7378/5523 5311/7406/5555 5303/7414/5566
f 5170/7365/5510 5172/7366/5511 5310/7408/5557 5304/7415/5567
f 5214/7376/5568 5216/7374/5558 5309/7409/5559 5299/7416/5569
f 5178/7391/5538 5180/7394/5541 5308/7411/5562 5298/7417/5570
f 5196/7392/5539 5395/7418/5571 5307/7410/5561 5302/7419/5572
f 5222/7363/5573 5224/7364/5563 5306/7412/5564 5296/7420/5573
f 5204/7367/5574 5206/7368/5565 5305/7413/5565 5292/7421/5574
f 5169/7369/5514 5170/7365/5510 5304/7415/5567 5300/7422/5575
f 5186/7423/5576 5188/7377/5522 5303/7414/5566 5294/7424/5576
f 5194/7388/5534 5196/7392/5539 5302/7419/5572 5288/7425/5577
f 5229/7384/5530 5169/7369/5514 5300/7422/5575 5301/7385/5531
f 5212/7390/5578 5214/7376/5568 5299/7416/5569 5290/7426/5579
f 5176/7387/5533 5178/7391/5538 5298/7417/5570 5286/7427/5580
f 5220/7370/5549 5222/7363/5573 5296/7420/5573 5297/7401/5550
f 5184/7398/5546 5186/7423/5576 5294/7424/5576 5295/7399/5547
f 5202/7371/5543 5204/7367/5574 5292/7421/5574 5293/7395/5543
f 5210/7382/5553 5212/7390/5578 5290/7426/5579 5291/7403/5553
f 5192/7381/5527 5194/7388/5534 5288/7425/5577 5289/7405/5554
f 5174/7380/5526 5176/7387/5533 5286/7427/5580 5287/7407/5556
f 5384/7389/5535 5383/7428/5581 5230/7198/5338 5263/7197/5337
f 5271/7240/5372 5231/7239/5371 5383/7428/5581 5384/7389/5535
f 5382/7270/5582 5392/7429/5582 5393/7430/5582 5385/7296/5582
f 5381/7383/5583 5390/7431/5583 5391/7432/5584 5384/7389/5585
f 5320/7321/5458 5171/7178/5458 5379/7175/5477 5387/7344/5476
f 5384/7389/5585 5391/7432/5584 5389/7433/5586 5380/7346/5586
f 5389/7433/5587 5391/7432/5587 5390/7431/5587
f 5386/7272/5588 5394/7434/5588 5392/7429/5588 5382/7270/5588
f 5393/7430/5589 5392/7429/5589 5394/7434/5589
f 5259/7189/5331 5396/7393/5540 5196/7392/5539
f 5395/7418/5590 5398/7435/5590 5399/7436/5590 5396/7393/5590
f 5396/7393/5540 5198/7375/5520 5395/7418/5591
f 5276/7192/5334 5396/7393/5540 5259/7189/5331
f 5396/7393/5592 5399/7436/5592 5397/7437/5592 5196/7392/5592
f 5196/7392/5593 5397/7437/5593 5398/7435/5593 5395/7418/5593
f 5398/7435/5594 5397/7437/5594 5399/7436/5594
f 5395/7418/5571 5198/7375/5560 5307/7410/5561
f 5412/7438/5595 5403/7439/5596 5429/7440/5597 5428/7441/5598
f 5411/7442/5599 5409/7443/5599 5407/7444/5599 5402/7445/5599
f 5408/7446/5600 5411/7442/5600 5402/7445/5600 5406/7447/5600
f 5401/7448/5601 5413/7449/5601 5407/7444/5601 5409/7443/5601
f 5401/7448/5602 5404/7450/5602 5400/7451/5603 5405/7452/5604
f 5410/7453/5605 5413/7454/5605 5403/7439/5596 5412/7438/5595
f 5401/7448/5606 5409/7443/5606 5411/7442/5606 5404/7450/5606
f 5400/7451/5607 5408/7446/5607 5432/7455/5608 5431/7456/5609
f 5410/7453/5610 5402/7457/5610 5407/7458/5610 5413/7454/5610
f 5408/7446/5611 5400/7451/5611 5404/7450/5611 5411/7442/5611
f 5402/7457/5612 5410/7453/5612 5412/7438/5613 5406/7459/5614
f 5405/7460/5601 5403/7461/5601 5413/7449/5601 5401/7448/5601
f 5430/7462/5615 5405/7452/5604 5400/7451/5603 5431/7456/5616
f 5432/7455/5617 5408/7446/5618 5406/7447/5618 5433/7463/5619
f 5429/7464/5620 5403/7461/5621 5405/7460/5621 5430/7462/5622
f 5433/7465/5623 5406/7459/5614 5412/7438/5613 5428/7441/5624
f 5425/7466/5625 5416/7467/5625 5421/7468/5625 5423/7469/5625
f 5419/7470/5626 5417/7471/5626 5435/7472/5627 5436/7473/5628
f 5422/7474/5629 5420/7475/5629 5416/7467/5629 5425/7466/5629
f 5423/7469/5630 5421/7468/5630 5427/7476/5630 5415/7477/5630
f 5419/7478/5631 5414/7479/5632 5418/7480/5633 5415/7477/5633
f 5426/7481/5634 5417/7482/5635 5427/7483/5636 5424/7484/5636
f 5415/7477/5637 5418/7480/5637 5425/7466/5637 5423/7469/5637
f 5414/7479/5638 5437/7485/5639 5438/7486/5640 5422/7474/5638
f 5424/7484/5641 5427/7483/5641 5421/7487/5641 5416/7488/5641
f 5422/7474/5642 5425/7466/5642 5418/7480/5642 5414/7479/5642
f 5416/7488/5643 5420/7489/5644 5426/7481/5645 5424/7484/5643
f 5415/7477/5630 5427/7476/5630 5417/7471/5630 5419/7470/5630
f 5436/7490/5646 5437/7485/5647 5414/7479/5632 5419/7478/5631
f 5434/7491/5648 5435/7492/5649 5417/7482/5635 5426/7481/5634
f 5438/7486/5650 5439/7493/5651 5420/7475/5652 5422/7474/5652
f 5439/7494/5653 5434/7491/5654 5426/7481/5645 5420/7489/5644
f 5436/7490/5646 5430/7462/5615 5431/7456/5616 5437/7485/5647
f 5434/7491/5648 5428/7441/5598 5429/7440/5597 5435/7492/5649
f 5438/7486/5650 5432/7455/5617 5433/7463/5619 5439/7493/5651
f 5435/7472/5627 5429/7464/5620 5430/7462/5622 5436/7473/5628
f 5437/7485/5639 5431/7456/5609 5432/7455/5608 5438/7486/5640
f 5439/7494/5653 5433/7465/5623 5428/7441/5624 5434/7491/5654
f 5452/7495/5655 5442/7496/5655 5449/7497/5656 5441/7498/5657
f 5455/7499/5658 5458/7500/5659 5447/7501/5660 5446/7502/5658
f 5440/7503/5661 5453/7504/5661 5450/7505/5661 5444/7506/5661
f 5457/7507/5662 5454/7508/5662 5451/7509/5662 5445/7510/5662
f 5449/7511/5663 5442/7512/5663 5446/7513/5663 5447/7514/5663
f 5442/7515/5664 5452/7516/5665 5455/7517/5666 5446/7518/5664
f 5453/7504/5667 5457/7507/5667 5445/7510/5667 5450/7505/5667
f 5454/7508/5668 5443/7519/5669 5459/7520/5670 5451/7509/5668
f 5449/7497/5656 5443/7521/5671 5448/7522/5671 5441/7498/5657
f 5458/7500/5659 5456/7523/5672 5459/7524/5672 5447/7501/5660
f 5443/7521/5673 5454/7525/5673 5457/7526/5673 5448/7522/5673
f 5441/7498/5674 5453/7527/5674 5440/7528/5674 5452/7495/5674
f 5455/7499/5675 5444/7529/5675 5450/7530/5675 5458/7500/5675
f 5456/7523/5676 5445/7531/5676 5451/7532/5676 5459/7524/5676
f 5453/7527/5677 5441/7498/5677 5448/7522/5677 5457/7526/5677
f 5445/7531/5678 5456/7523/5678 5458/7500/5678 5450/7530/5678
f 5443/7519/5669 5449/7511/5679 5447/7514/5679 5459/7520/5670
f 5452/7516/5665 5440/7503/5680 5444/7506/5680 5455/7517/5666
f 5472/7533/5681 5462/7534/5681 5469/7535/5682 5461/7536/5683
f 5475/7537/5684 5478/7538/5685 5467/7539/5686 5466/7540/5684
f 5460/7541/5687 5473/7542/5687 5470/7543/5687 5464/7544/5687
f 5477/7545/5688 5474/7546/5688 5471/7547/5688 5465/7548/5688
f 5469/7549/5689 5462/7534/5689 5466/7550/5689 5467/7551/5689
f 5462/7534/5690 5472/7533/5691 5475/7552/5692 5466/7550/5690
f 5473/7542/5693 5477/7545/5693 5465/7548/5693 5470/7543/5693
f 5474/7546/5694 5463/7553/5695 5479/7554/5696 5471/7547/5694
f 5469/7535/5682 5463/7555/5697 5468/7556/5697 5461/7536/5683
f 5478/7538/5685 5476/7557/5698 5479/7558/5698 5467/7539/5686
f 5463/7559/5699 5474/7546/5699 5477/7545/5699 5468/7560/5699
f 5461/7561/5700 5473/7542/5700 5460/7541/5700 5472/7562/5700
f 5475/7563/5701 5464/7544/5701 5470/7564/5701 5478/7565/5701
f 5476/7566/5702 5465/7567/5702 5471/7568/5702 5479/7569/5702
f 5473/7542/5703 5461/7561/5703 5468/7560/5703 5477/7545/5703
f 5465/7567/5704 5476/7566/5704 5478/7565/5704 5470/7564/5704
f 5463/7570/5695 5469/7549/5705 5467/7551/5705 5479/7571/5696
f 5472/7562/5691 5460/7541/5706 5464/7544/5706 5475/7563/5692
f 5492/7572/5707 5482/7573/5707 5489/7574/5708 5481/7575/5709
f 5495/7576/5710 5498/7577/5711 5487/7578/5712 5486/7579/5710
f 5480/7580/5713 5493/7581/5713 5490/7582/5713 5484/7583/5713
f 5497/7584/5714 5494/7585/5714 5491/7586/5714 5485/7587/5714
f 5489/7588/5715 5482/7589/5715 5486/7590/5715 5487/7591/5715
f 5482/7592/5716 5492/7593/5717 5495/7594/5718 5486/7595/5716
f 5493/7581/5719 5497/7584/5719 5485/7587/5719 5490/7582/5719
f 5494/7585/5720 5483/7596/5721 5499/7597/5722 5491/7586/5720
f 5489/7574/5708 5483/7598/5723 5488/7599/5723 5481/7575/5709
f 5498/7577/5711 5496/7600/5724 5499/7601/5724 5487/7578/5712
f 5483/7598/5725 5494/7602/5725 5497/7603/5725 5488/7599/5725
f 5481/7575/5726 5493/7604/5726 5480/7605/5726 5492/7572/5726
f 5495/7576/5727 5484/7606/5727 5490/7607/5727 5498/7577/5727
f 5496/7600/5728 5485/7608/5728 5491/7609/5728 5499/7601/5728
f 5493/7604/5729 5481/7575/5729 5488/7599/5729 5497/7603/5729
f 5485/7608/5730 5496/7600/5730 5498/7577/5730 5490/7607/5730
f 5483/7596/5721 5489/7588/5731 5487/7591/5731 5499/7597/5722
f 5492/7593/5717 5480/7580/5732 5484/7583/5732 5495/7594/5718
f 5512/7610/5733 5502/7611/5733 5509/7612/5734 5501/7613/5735
f 5515/7614/5736 5518/7615/5737 5507/7616/5738 5506/7617/5736
f 5500/7618/5739 5513/7619/5739 5510/7620/5739 5504/7621/5739
f 5517/7622/5740 5514/7623/5740 5511/7624/5740 5505/7625/5740
f 5509/7612/5741 5502/7611/5741 5506/7617/5741 5507/7616/5741
f 5502/7611/5742 5512/7610/5743 5515/7614/5744 5506/7617/5742
f 5513/7619/5745 5517/7622/5745 5505/7625/5745 5510/7620/5745
f 5514/7623/5746 5503/7626/5747 5519/7627/5748 5511/7624/5746
f 5509/7612/5734 5503/7626/5749 5508/7628/5749 5501/7613/5735
f 5518/7615/5737 5516/7629/5750 5519/7627/5750 5507/7616/5738
f 5503/7626/5751 5514/7623/5751 5517/7622/5751 5508/7628/5751
f 5501/7613/5752 5513/7619/5752 5500/7618/5752 5512/7610/5752
f 5515/7614/5753 5504/7621/5753 5510/7620/5753 5518/7615/5753
f 5516/7629/5754 5505/7625/5754 5511/7624/5754 5519/7627/5754
f 5513/7619/5755 5501/7613/5755 5508/7628/5755 5517/7622/5755
f 5505/7625/5756 5516/7629/5756 5518/7615/5756 5510/7620/5756
f 5503/7626/5747 5509/7612/5757 5507/7616/5757 5519/7627/5748
f 5512/7610/5743 5500/7618/5758 5504/7621/5758 5515/7614/5744
f 5532/7630/5759 5521/7631/5760 5529/7632/5761 5522/7633/5759
f 5535/7634/5762 5526/7635/5762 5527/7636/5763 5538/7637/5764
f 5520/7638/5765 5524/7639/5765 5530/7640/5765 5533/7641/5765
f 5537/7642/5766 5525/7643/5766 5531/7644/5766 5534/7645/5766
f 5529/7646/5767 5527/7647/5767 5526/7648/5767 5522/7649/5767
f 5522/7649/5768 5526/7648/5768 5535/7650/5769 5532/7651/5770
f 5533/7641/5771 5530/7640/5771 5525/7643/5771 5537/7642/5771
f 5534/7645/5772 5531/7644/5772 5539/7652/5773 5523/7653/5774
f 5529/7632/5761 5521/7631/5760 5528/7654/5775 5523/7655/5775
f 5538/7637/5764 5527/7636/5763 5539/7656/5776 5536/7657/5776
f 5523/7655/5777 5528/7654/5777 5537/7658/5777 5534/7659/5777
f 5521/7631/5778 5532/7630/5778 5520/7660/5778 5533/7661/5778
f 5535/7634/5779 5538/7637/5779 5530/7662/5779 5524/7663/5779
f 5536/7657/5780 5539/7656/5780 5531/7664/5780 5525/7665/5780
f 5533/7661/5781 5537/7658/5781 5528/7654/5781 5521/7631/5781
f 5525/7665/5782 5530/7662/5782 5538/7637/5782 5536/7657/5782
f 5523/7653/5774 5539/7652/5773 5527/7666/5783 5529/7667/5783
f 5532/7651/5770 5535/7650/5769 5524/7639/5784 5520/7638/5784
f 5552/7668/5785 5541/7669/5786 5549/7670/5787 5542/7671/5785
f 5555/7672/5788 5546/7673/5788 5547/7674/5789 5558/7675/5790
f 5540/7676/5791 5544/7677/5791 5550/7678/5791 5553/7679/5791
f 5557/7680/5792 5545/7681/5792 5551/7682/5792 5554/7683/5792
f 5553/7679/5793 5550/7678/5793 5545/7681/5793 5557/7680/5793
f 5554/7683/5794 5551/7682/5794 5559/7684/5795 5543/7685/5796
f 5549/7670/5787 5541/7669/5786 5548/7686/5797 5543/7685/5797
f 5558/7675/5790 5547/7674/5789 5559/7687/5798 5556/7688/5798
f 5543/7685/5799 5548/7689/5799 5557/7680/5799 5554/7683/5799
f 5541/7690/5800 5552/7691/5800 5540/7676/5800 5553/7679/5800
f 5555/7692/5801 5558/7693/5801 5550/7678/5801 5544/7677/5801
f 5556/7694/5802 5559/7684/5802 5551/7682/5802 5545/7681/5802
f 5553/7679/5803 5557/7680/5803 5548/7689/5803 5541/7690/5803
f 5545/7681/5804 5550/7678/5804 5558/7693/5804 5556/7694/5804
f 5543/7685/5796 5559/7684/5795 5547/7695/5805 5549/7670/5805
f 5552/7691/5806 5555/7692/5806 5544/7677/5806 5540/7676/5806
f 5572/7696/5807 5561/7697/5808 5569/7698/5809 5562/7699/5807
f 5575/7700/5810 5566/7701/5810 5567/7702/5811 5578/7703/5812
f 5560/7704/5813 5564/7705/5813 5570/7706/5813 5573/7707/5813
f 5577/7708/5814 5565/7709/5814 5571/7710/5814 5574/7711/5814
f 5569/7712/5815 5567/7713/5815 5566/7714/5815 5562/7715/5815
f 5573/7707/5816 5570/7706/5816 5565/7709/5816 5577/7708/5816
f 5574/7716/5817 5571/7717/5817 5579/7718/5818 5563/7719/5819
f 5569/7698/5809 5561/7697/5808 5568/7720/5820 5563/7721/5820
f 5578/7703/5812 5567/7702/5811 5579/7722/5821 5576/7723/5821
f 5563/7721/5822 5568/7720/5822 5577/7724/5822 5574/7725/5822
f 5561/7697/5823 5572/7696/5823 5560/7704/5823 5573/7726/5823
f 5575/7700/5824 5578/7703/5824 5570/7727/5824 5564/7705/5824
f 5576/7723/5825 5579/7722/5825 5571/7728/5825 5565/7729/5825
f 5573/7726/5826 5577/7724/5826 5568/7720/5826 5561/7697/5826
f 5565/7729/5827 5570/7727/5827 5578/7703/5827 5576/7723/5827
f 5563/7719/5819 5579/7718/5818 5567/7713/5828 5569/7712/5828
f 5572/7696/5829 5575/7700/5829 5564/7705/5829 5560/7704/5829
f 5592/7730/5830 5581/7731/5831 5589/7732/5832 5582/7733/5830
f 5595/7734/5833 5586/7735/5833 5587/7736/5834 5598/7737/5835
f 5580/7738/5836 5584/7739/5836 5590/7740/5836 5593/7741/5836
f 5597/7742/5837 5585/7743/5837 5591/7744/5837 5594/7745/5837
f 5589/7746/5838 5587/7747/5838 5586/7735/5838 5582/7748/5838
f 5582/7748/5839 5586/7735/5839 5595/7734/5840 5592/7749/5841
f 5593/7741/5842 5590/7740/5842 5585/7743/5842 5597/7742/5842
f 5594/7745/5843 5591/7744/5843 5599/7750/5844 5583/7751/5845
f 5589/7732/5832 5581/7731/5831 5588/7752/5846 5583/7753/5846
f 5598/7737/5835 5587/7736/5834 5599/7754/5847 5596/7755/5847
f 5583/7751/5848 5588/7756/5848 5597/7742/5848 5594/7745/5848
f 5581/7757/5849 5592/7758/5849 5580/7738/5849 5593/7741/5849
f 5595/7759/5850 5598/7760/5850 5590/7740/5850 5584/7739/5850
f 5596/7761/5851 5599/7750/5851 5591/7744/5851 5585/7743/5851
f 5593/7741/5852 5597/7742/5852 5588/7756/5852 5581/7757/5852
f 5585/7743/5853 5590/7740/5853 5598/7760/5853 5596/7761/5853
f 5583/7751/5845 5599/7750/5844 5587/7747/5854 5589/7746/5854
f 5592/7758/5841 5595/7759/5840 5584/7739/5855 5580/7738/5855
f 5600/7762/5856 5603/7763/5857 5602/7764/5858 5601/7765/5858
f 5605/7766/5859 5604/7767/5860 5607/7768/5860 5606/7769/5859
f 5609/7770/5861 5608/7771/5862 5611/7772/5862 5610/7773/5863
f 5604/7767/5860 5613/7774/5864 5660/7775/5864 5607/7768/5860
f 5614/7776/5865 5617/7777/5866 5616/7778/5866 5615/7779/5865
f 5618/7780/5867 5621/7781/5868 5620/7782/5868 5619/7783/5867
f 5615/7779/5865 5623/7784/5869 5622/7785/5869 5614/7776/5865
f 5627/7786/5870 5651/7787/5870 5603/7763/5857 5600/7762/5856
f 5602/7764/5858 5616/7778/5866 5617/7777/5866 5601/7765/5858
f 5629/7788/5871 5628/7789/5871 5625/7790/5872 5624/7791/5872
f 5611/7772/5862 5608/7771/5862 5605/7766/5859 5606/7769/5859
f 5651/7787/5870 5627/7786/5870 5609/7770/5861 5610/7773/5863
f 5628/7789/5871 5629/7788/5871 5620/7782/5868 5621/7781/5868
f 5619/7783/5867 5622/7785/5869 5623/7784/5869 5618/7780/5867
f 5669/7792/5873 5670/7793/5874 5630/7794/5875 5631/7795/5873
f 5672/7796/5876 5632/7797/5876 5633/7798/5877 5671/7799/5877
f 5674/7800/5878 5636/7801/5878 5637/7802/5879 5673/7803/5880
f 5675/7804/5881 5641/7805/5881 5632/7797/5876 5672/7796/5876
f 5677/7806/5882 5643/7807/5882 5642/7808/5883 5676/7809/5883
f 5645/7810/5884 5679/7811/5884 5678/7812/5885 5644/7813/5885
f 5646/7814/5886 5680/7815/5886 5676/7809/5883 5642/7808/5883
f 5670/7793/5874 5682/7816/5887 5652/7817/5888
f 5643/7807/5882 5677/7806/5882 5669/7792/5873 5631/7795/5873
f 5681/7818/5889 5683/7819/5890 5649/7820/5890 5647/7821/5889
f 5633/7798/5877 5636/7801/5878 5674/7800/5878 5671/7799/5877
f 5637/7802/5879 5648/7822/5888 5652/7817/5888 5673/7803/5880
f 5645/7810/5884 5649/7820/5890 5683/7819/5890 5679/7811/5884
f 5680/7815/5886 5646/7814/5886 5644/7813/5885 5678/7812/5885
f 5601/7765/5891 5631/7823/5891 5630/7824/5891 5600/7762/5891
f 5677/7806/5892 5676/7809/5893 5661/7825/5894 5662/7826/5895
f 5657/7827/5896 5635/7828/5896 5634/7829/5896 5656/7830/5896
f 5605/7766/5891 5633/7831/5891 5632/7832/5891 5604/7767/5891
f 5659/7833/5896 5639/7834/5896 5638/7835/5896 5658/7836/5896
f 5609/7770/5891 5637/7837/5891 5636/7838/5891 5608/7771/5891
f 5612/7839/5896 5640/7840/5896 5635/7828/5896 5657/7827/5896
f 5613/7841/5897 5641/7842/5897 5675/7843/5897 5640/7844/5897 5612/7845/5897 5660/7846/5897
f 5604/7767/5891 5632/7832/5891 5641/7847/5891 5613/7774/5891
f 5678/7812/5898 5679/7811/5899 5664/7848/5900 5663/7849/5901
f 5614/7776/5891 5642/7850/5891 5643/7851/5891 5617/7777/5891
f 5620/7782/5891 5645/7852/5891 5644/7853/5891 5619/7783/5891
f 5676/7809/5893 5680/7815/5902 5665/7854/5903 5661/7825/5894
f 5622/7785/5891 5646/7855/5891 5642/7850/5891 5614/7776/5891
f 5682/7816/5904 5670/7793/5905 5655/7856/5906 5626/7857/5904
f 5600/7762/5891 5630/7824/5891 5648/7858/5891 5627/7786/5891
f 5669/7792/5907 5677/7806/5892 5662/7826/5895 5654/7859/5907
f 5617/7777/5891 5643/7851/5891 5631/7823/5891 5601/7765/5891
f 5683/7819/5908 5681/7818/5909 5666/7860/5909 5668/7861/5910
f 5624/7791/5891 5647/7862/5891 5649/7863/5891 5629/7788/5891
f 5666/7864/5911 5681/7865/5911 5647/7866/5911 5624/7867/5911 5625/7868/5911
f 5679/7811/5899 5683/7819/5908 5668/7861/5910 5664/7848/5900
f 5656/7830/5896 5634/7829/5896 5639/7834/5896 5659/7833/5896
f 5608/7771/5891 5636/7838/5891 5633/7831/5891 5605/7766/5891
f 5658/7836/5896 5638/7835/5896 5653/7869/5896 5684/7870/5896
f 5627/7786/5891 5648/7858/5891 5637/7837/5891 5609/7770/5891
f 5680/7815/5902 5678/7812/5898 5663/7849/5901 5665/7854/5903
f 5629/7788/5891 5649/7863/5891 5645/7852/5891 5620/7782/5891
f 5619/7783/5891 5644/7853/5891 5646/7855/5891 5622/7785/5891
f 5682/7816/5912 5667/7871/5912 5651/7787/5912 5652/7817/5912
f 5652/7817/5913 5651/7787/5913 5650/7872/5913 5685/7873/5913
f 5602/7764/5914 5603/7763/5915 5655/7856/5916 5654/7859/5914
f 5606/7769/5917 5607/7768/5918 5657/7827/5919 5656/7830/5920
f 5610/7773/5921 5611/7772/5922 5659/7833/5923 5658/7836/5924
f 5607/7768/5918 5660/7775/5925 5612/7839/5925 5657/7827/5919
f 5615/7779/5926 5616/7778/5927 5662/7826/5928 5661/7825/5929
f 5621/7781/5930 5618/7780/5931 5663/7849/5932 5664/7848/5933
f 5623/7784/5934 5615/7779/5926 5661/7825/5929 5665/7854/5935
f 5603/7763/5915 5667/7871/5936 5626/7857/5936 5655/7856/5916
f 5616/7778/5927 5602/7764/5914 5654/7859/5914 5662/7826/5928
f 5625/7790/5937 5628/7789/5938 5668/7861/5939 5666/7860/5937
f 5611/7772/5922 5606/7769/5917 5656/7830/5920 5659/7833/5923
f 5650/7872/5940 5610/7773/5921 5658/7836/5924 5684/7870/5940
f 5628/7789/5938 5621/7781/5930 5664/7848/5933 5668/7861/5939
f 5618/7780/5931 5623/7784/5934 5665/7854/5935 5663/7849/5932
f 5672/7796/5941 5671/7799/5942 5634/7829/5943 5635/7828/5944
f 5674/7800/5945 5673/7803/5946 5638/7835/5947 5639/7834/5948
f 5675/7804/5949 5672/7796/5941 5635/7828/5944 5640/7840/5949
f 5671/7799/5942 5674/7800/5945 5639/7834/5948 5634/7829/5943
f 5673/7803/5946 5685/7873/5950 5653/7869/5950 5638/7835/5947
f 5626/7857/5951 5667/7871/5951 5682/7816/5951
f 5684/7870/5952 5653/7869/5952 5685/7873/5952 5650/7872/5952
f 5651/7787/5870 5610/7773/5863 5650/7872/5953
f 5603/7763/5857 5651/7787/5870 5667/7871/5954
f 5670/7793/5874 5652/7817/5888 5648/7822/5888 5630/7794/5875
f 5673/7803/5880 5652/7817/5888 5685/7873/5955
f 5390/7431/5956 5393/7874/5956 5394/7875/5956 5389/7433/5956
f 5386/7347/5957 5380/7346/5957 5389/7433/5957 5394/7875/5957
f 5385/7386/5958 5393/7874/5958 5390/7431/5958 5381/7383/5958
f 5360/7281/5473 5197/7298/5473 5199/7317/5507 5378/7274/5507
f 5130/7129/5298 5129/7154/5297 5132/7133/5276 5133/7131/5275
f 5050/7092/5208 5045/7876/5185 5049/7075/5209
f 5129/7154/5297 5128/7136/5235 5132/7133/5276
f 5085/7877/5204 5084/7878/5223 5048/7089/5222 5047/7091/5205
f 5045/7876/5185 5046/7072/5184 5049/7075/5209
f 5050/7092/5208 5025/7094/5247 5045/7876/5185
f 5060/7030/5213 5053/7879/5182 5030/7880/5959
f 5053/7879/5182 5054/7881/5181 5030/7880/5959
f 5030/7880/5959 5031/7028/5219 5060/7030/5213
f 5033/7017/5211 5034/7882/5211 5053/7018/5182
f 5080/7076/5174 5079/7883/5174 5055/7077/5244
f 5084/7034/5223 5036/7112/5257 5094/7111/5257 5113/7031/5220
f 5024/7884/5258 5050/7004/5258 5036/7112/5257
f 5050/7004/5258 5067/7003/5258 5036/7112/5257
f 5067/7003/5258 5106/7885/5258 5094/7111/5257
f 5023/7886/5248 5039/7095/5249 5049/7005/5248
f 5039/7095/5249 5091/7887/5960 5068/7006/5248
f 5091/7887/5960 5105/7888/5248 5068/7006/5248
f 5069/7013/5259 5100/7889/5259 5091/7887/5960
f 5091/7887/5960 5039/7095/5249 5069/7013/5259
f 5039/7095/5249 5026/7890/5259 5052/7014/5259
f 5054/6954/5252 5071/6953/5961 5123/7098/5251
f 5071/6953/5961 5096/7891/5962 5088/7105/5255
f 5123/7098/5251 5088/7105/5255 5042/7104/5254
f 5071/6953/5961 5088/7105/5255 5123/7098/5251
f 5108/7892/5196 5092/7087/5197 5073/6984/5196
f 5092/7087/5197 5038/6985/5197 5073/6984/5196
f 5038/6985/5197 5082/7893/5196 5056/6983/5196
f 5055/6993/5201 5079/7894/5201 5087/6994/5202
f 5087/6994/5202 5116/7895/5202 5074/6992/5201
f 5116/7895/5202 5111/7896/5201 5074/6992/5201
f 5670/7793/5905 5669/7792/5907 5654/7859/5907 5655/7856/5906
f 5692/7897/5963 5745/7898/5964 5743/7899/5965
f 5689/7900/5966 5688/7901/5967 5746/7902/5968 5748/7903/5969
f 5699/7904/5970 5698/7905/5971 5765/7906/5972 5760/7907/5973
f 5745/7898/5964 5746/7902/5968 5744/7908/5974 5743/7899/5965
f 5745/7898/5964 5747/7909/5975 5748/7903/5969 5746/7902/5968
f 5702/7910/5976 5701/7911/5977 5764/7912/5978 5766/7913/5979
f 5692/7897/5963 5747/7909/5975 5745/7898/5964
f 5690/7914/5980 5689/7900/5966 5748/7903/5969 5750/7915/5981
f 5760/7907/5973 5765/7906/5972 5689/7900/5966 5690/7914/5980
f 5747/7909/5975 5749/7916/5982 5750/7915/5981 5748/7903/5969
f 5697/7917/5983 5763/7918/5984 5765/7906/5972 5698/7905/5971
f 5692/7897/5963 5749/7916/5982 5747/7909/5975
f 5691/7919/5985 5690/7914/5980 5750/7915/5981 5752/7920/5986
f 5766/7913/5979 5764/7912/5978 5693/7921/5987 5694/7922/5988
f 5692/7897/5963 5751/7923/5989 5749/7916/5982
f 5694/7922/5988 5693/7921/5987 5754/7924/5990 5756/7925/5991
f 5752/7920/5986 5750/7915/5981 5749/7916/5982 5751/7923/5989
f 5693/7921/5987 5691/7919/5985 5752/7920/5986 5754/7924/5990
f 5765/7906/5972 5763/7918/5984 5688/7901/5967 5689/7900/5966
f 5692/7897/5963 5753/7926/5992 5751/7923/5989
f 5696/7927/5993 5761/7928/5994 5763/7918/5984 5697/7917/5983
f 5753/7926/5992 5754/7924/5990 5752/7920/5986 5751/7923/5989
f 5692/7897/5963 5755/7929/5995 5753/7926/5992
f 5696/7927/5993 5695/7930/5996 5759/7931/5997 5761/7928/5994
f 5755/7929/5995 5756/7925/5991 5754/7924/5990 5753/7926/5992
f 5686/7932/5998 5694/7922/5988 5756/7925/5991 5758/7933/5999
f 5763/7918/5984 5761/7928/5994 5687/7934/6000 5688/7901/5967
f 5701/7911/5977 5700/7935/6001 5762/7936/6002 5764/7912/5978
f 5711/7937/6003 5719/7938/6004 5726/7939/6005 5718/7940/6006
f 5755/7929/5995 5757/7941/6007 5758/7933/5999 5756/7925/5991
f 5764/7912/5978 5762/7936/6002 5691/7919/5985 5693/7921/5987
f 5692/7897/5963 5757/7941/6007 5755/7929/5995
f 5700/7935/6001 5699/7904/5970 5760/7907/5973 5762/7936/6002
f 5761/7928/5994 5759/7931/5997 5686/7932/5998 5687/7934/6000
f 5695/7930/5996 5702/7910/5976 5766/7913/5979 5759/7931/5997
f 5762/7936/6002 5760/7907/5973 5690/7914/5980 5691/7919/5985
f 5705/7942/6008 5781/7943/6009 5775/7944/6010 5706/7945/6011
f 5759/7931/5997 5766/7913/5979 5694/7922/5988 5686/7932/5998
f 5775/7946/6010 5781/7947/6009 5697/7948/5983 5698/7949/5971
f 5702/7950/5976 5776/7951/6012 5782/7952/6013 5701/7953/5977
f 5782/7954/6013 5776/7955/6012 5710/7956/6014 5709/7957/6015
f 5707/7958/6016 5706/7945/6011 5775/7944/6010 5777/7959/6017
f 5777/7960/6017 5775/7946/6010 5698/7949/5971 5699/7961/5970
f 5695/7962/5996 5778/7963/6018 5776/7951/6012 5702/7950/5976
f 5776/7955/6012 5778/7964/6018 5703/7965/6019 5710/7956/6014
f 5696/7966/5993 5779/7967/6020 5778/7963/6018 5695/7962/5996
f 5778/7964/6018 5779/7968/6020 5704/7969/6021 5703/7965/6019
f 5700/7970/6001 5780/7971/6022 5777/7960/6017 5699/7961/5970
f 5777/7959/6017 5780/7972/6022 5708/7973/6023 5707/7958/6016
f 5696/7966/5993 5697/7948/5983 5781/7947/6009 5779/7967/6020
f 5779/7968/6020 5781/7943/6009 5705/7942/6008 5704/7969/6021
f 5717/7974/6024 5716/7975/6025 5773/7976/6026 5768/7977/6027
f 5718/7978/6006 5717/7974/6024 5768/7977/6027 5770/7979/6028
f 5772/7980/6029 5767/7981/6030 5713/7982/6031 5712/7983/6032
f 5773/7976/6026 5771/7984/6033 5707/7958/6034 5708/7973/6035
f 5713/7982/6031 5767/7981/6030 5769/7985/6036 5714/7986/6037
f 5715/7987/6038 5714/7986/6037 5769/7985/6036 5771/7984/6033
f 5711/7988/6003 5718/7978/6006 5770/7979/6028 5774/7989/6039
f 5712/7983/6032 5711/7988/6003 5774/7989/6039 5772/7980/6029
f 5716/7975/6025 5715/7987/6038 5771/7984/6033 5773/7976/6026
f 5768/7977/6027 5773/7976/6026 5708/7973/6035 5709/7957/6040
f 5772/7980/6029 5774/7989/6039 5703/7965/6041 5704/7969/6042
f 5769/7985/6036 5767/7981/6030 5705/7942/6043 5706/7945/6044
f 5774/7989/6039 5770/7979/6028 5710/7956/6045 5703/7965/6041
f 5771/7984/6033 5769/7985/6036 5706/7945/6044 5707/7958/6034
f 5770/7979/6028 5768/7977/6027 5709/7957/6040 5710/7956/6045
f 5767/7981/6030 5772/7980/6029 5704/7969/6042 5705/7942/6043
f 5686/7932/5998 5758/7933/5999 5744/7908/5974 5687/7934/6000
f 5757/7941/6007 5743/7899/5965 5744/7908/5974 5758/7933/5999
f 5692/7897/5963 5743/7899/5965 5757/7941/6007
f 5723/7990/6046 5722/7991/6047 5714/7992/6037 5715/7993/6038
f 5725/7994/6048 5724/7995/6049 5716/7996/6025 5717/7997/6024
f 5720/7998/6050 5712/7999/6032 5713/8000/6031 5721/8001/6051
f 5726/7939/6005 5725/7994/6048 5717/7997/6024 5718/7940/6006
f 5724/7995/6049 5723/7990/6046 5715/7993/6038 5716/7996/6025
f 5721/8001/6051 5713/8000/6031 5714/7992/6037 5722/7991/6047
f 5720/7998/6050 5719/8002/6004 5711/8003/6003 5712/7999/6032
f 5725/7994/6048 5733/8004/6052 5732/8005/6053 5724/7995/6049
f 5728/8006/6054 5720/7998/6050 5721/8001/6051 5729/8007/6055
f 5731/8008/6056 5730/8009/6057 5722/7991/6047 5723/7990/6046
f 5734/8010/6058 5733/8004/6052 5725/7994/6048 5726/7939/6005
f 5732/8005/6053 5731/8008/6056 5723/7990/6046 5724/7995/6049
f 5729/8007/6055 5721/8001/6051 5722/7991/6047 5730/8009/6057
f 5728/8006/6054 5727/8011/6059 5719/8002/6004 5720/7998/6050
f 5727/8012/6059 5734/8010/6058 5726/7939/6005 5719/7938/6004
f 5728/8006/6054 5784/8013/6060 5783/8014/6061 5727/8011/6059
f 5783/8014/6061 5784/8013/6060 5736/8015/6062 5735/8016/6063
f 5727/8012/6059 5783/8017/6061 5785/8018/6064 5734/8010/6058
f 5785/8018/6064 5783/8017/6061 5735/8019/6063 5742/8020/6065
f 5733/8004/6052 5787/8021/6066 5786/8022/6067 5732/8005/6053
f 5786/8022/6067 5787/8021/6066 5741/8023/6068 5740/8024/6069
f 5731/8008/6056 5789/8025/6070 5788/8026/6071 5730/8009/6057
f 5788/8026/6071 5789/8025/6070 5739/8027/6072 5738/8028/6073
f 5728/8006/6054 5729/8007/6055 5790/8029/6074 5784/8013/6060
f 5784/8013/6060 5790/8029/6074 5737/8030/6075 5736/8015/6062
f 5734/8010/6058 5785/8018/6064 5787/8021/6066 5733/8004/6052
f 5787/8021/6066 5785/8018/6064 5742/8020/6065 5741/8023/6068
f 5732/8005/6053 5786/8022/6067 5789/8025/6070 5731/8008/6056
f 5789/8025/6070 5786/8022/6067 5740/8024/6069 5739/8027/6072
f 5729/8007/6055 5730/8009/6057 5788/8026/6071 5790/8029/6074
f 5790/8029/6074 5788/8026/6071 5738/8028/6073 5737/8030/6075
f 5742/8020/6065 5792/8031/6076 5791/8032/6077 5741/8023/6068
f 5740/8024/6069 5794/8033/6078 5793/8034/6079 5739/8027/6072
f 5737/8030/6075 5738/8028/6073 5796/8035/6080 5795/8036/6081
f 5736/8015/6062 5798/8037/6082 5797/8038/6083 5735/8016/6063
f 5735/8019/6063 5797/8039/6083 5792/8031/6076 5742/8020/6065
f 5741/8023/6068 5791/8032/6077 5794/8033/6078 5740/8024/6069
f 5739/8027/6072 5793/8034/6079 5796/8035/6080 5738/8028/6073
f 5736/8015/6062 5737/8030/6075 5795/8036/6081 5798/8037/6082
f 5701/7953/5977 5782/7952/6013 5780/7971/6022 5700/7970/6001
f 5780/7972/6022 5782/7954/6013 5709/7957/6015 5708/7973/6023
f 5688/7901/5967 5687/7934/6000 5744/7908/5974 5746/7902/5968
f 5800/8040/6084 5824/8041/6085 5877/8042/6086 5822/8043/6087
f 5877/8042/6086 5878/8044/6088 5823/8045/6089 5822/8043/6087
f 5825/8046/6090 5842/8047/6091 5891/8048/6092 5878/8044/6088
f 5878/8044/6088 5891/8048/6092 5840/8049/6093 5823/8045/6089
f 5879/8050/6094 5880/8051/6095 5826/8052/6096 5827/8053/6097
f 5824/8041/6085 5880/8051/6095 5879/8050/6094 5825/8046/6090
f 5879/8050/6094 5886/8054/6098 5842/8047/6091 5825/8046/6090
f 5881/8055/6099 5882/8056/6100 5828/8057/6101 5829/8058/6102
f 5800/8040/6084 5826/8052/6096 5880/8051/6095 5824/8041/6085
f 5826/8052/6096 5882/8056/6100 5881/8055/6099 5827/8053/6097
f 5830/8059/6103 5831/8060/6104 5885/8061/6105 5884/8062/6106
f 5800/8040/6084 5828/8057/6101 5882/8056/6100 5826/8052/6096
f 5890/8063/6107 5883/8064/6108 5843/8065/6109 5834/8066/6110
f 5883/8064/6108 5898/8067/6111 5862/8068/6112 5843/8065/6109
f 5839/8069/6113 5858/8070/6114 5899/8071/6115 5896/8072/6116
f 5892/8073/6117 5894/8074/6118 5837/8075/6119 5838/8076/6120
f 5800/8040/6084 5830/8059/6103 5884/8062/6106 5828/8057/6101
f 5884/8062/6106 5885/8061/6105 5829/8058/6102 5828/8057/6101
f 5887/8077/6121 5888/8078/6122 5831/8060/6104 5830/8059/6103
f 5831/8060/6104 5799/8079/6123 5832/8080/6124 5885/8061/6105
f 5843/8065/6109 5862/8068/6112 5904/8081/6125 5893/8082/6126
f 5800/8040/6084 5833/8083/6127 5887/8077/6121 5830/8059/6103
f 5834/8066/6110 5843/8065/6109 5893/8082/6126 5888/8078/6122
f 5833/8083/6127 5834/8066/6110 5888/8078/6122 5887/8077/6121
f 5888/8078/6122 5893/8082/6126 5841/8084/6128 5799/8079/6123 5831/8060/6104
f 5889/8085/6129 5890/8063/6107 5834/8066/6110 5833/8083/6127
f 5800/8040/6084 5835/8086/6130 5889/8085/6129 5833/8083/6127
f 5836/8087/6131 5844/8088/6132 5883/8064/6108 5890/8063/6107
f 5835/8086/6130 5836/8087/6131 5890/8063/6107 5889/8085/6129
f 5897/8089/6133 5861/8090/6134 5842/8047/6091 5886/8054/6098
f 5842/8047/6091 5861/8090/6134 5901/8091/6135 5891/8048/6092
f 5892/8073/6117 5896/8072/6116 5844/8088/6132 5836/8087/6131
f 5902/8092/6136 5903/8093/6137 5822/8043/6087 5823/8045/6089
f 5835/8086/6130 5894/8074/6118 5892/8073/6117 5836/8087/6131
f 5893/8082/6126 5904/8081/6125 5860/8094/6138 5841/8084/6128
f 5844/8088/6132 5857/8095/6139 5898/8067/6111 5883/8064/6108
f 5800/8040/6084 5837/8075/6119 5894/8074/6118 5835/8086/6130
f 5824/8041/6085 5825/8046/6090 5878/8044/6088 5877/8042/6086
f 5895/8096/6140 5900/8097/6141 5858/8070/6114 5839/8069/6113
f 5891/8048/6092 5901/8091/6135 5859/8098/6142 5840/8049/6093
f 5823/8045/6089 5840/8049/6093 5895/8096/6140 5902/8092/6136
f 5896/8072/6116 5899/8071/6115 5857/8095/6139 5844/8088/6132
f 5856/8099/6143 5866/8100/6144 5818/8101/6145 5807/8102/6146 5808/8103/6147
f 5847/8104/6148 5803/8105/6149 5861/8090/6150 5897/8089/6148
f 5898/8067/6151 5857/8095/6152 5806/8106/6153 5849/8107/6154
f 5862/8068/6155 5898/8067/6151 5849/8107/6154 5805/8108/6156
f 5899/8071/6157 5858/8070/6158 5801/8109/6159 5850/8110/6160
f 5857/8095/6152 5899/8071/6157 5850/8110/6160 5806/8106/6153
f 5900/8097/6161 5859/8098/6162 5802/8111/6163 5845/8112/6164
f 5858/8070/6158 5900/8097/6161 5845/8112/6164 5801/8109/6159
f 5901/8091/6165 5861/8090/6150 5803/8105/6149 5846/8113/6166
f 5859/8098/6162 5901/8091/6165 5846/8113/6166 5802/8111/6163
f 5820/8114/6167 5867/8115/6168 5853/8116/6169 5811/8117/6170
f 5803/8118/6171 5809/8119/6172 5855/8120/6173 5846/8121/6174
f 5846/8121/6174 5855/8120/6173 5813/8122/6175 5802/8123/6176
f 5853/8116/6169 5867/8115/6168 5819/8124/6177 5810/8125/6178
f 5847/8126/6179 5854/8127/6180 5809/8119/6172 5803/8118/6171
f 5814/8128/6181 5868/8129/6182 5852/8130/6183 5812/8131/6184
f 5852/8130/6183 5868/8129/6182 5820/8114/6167 5811/8117/6170
f 5851/8132/6185 5863/8133/6186 5814/8128/6181 5812/8131/6184
f 5855/8120/6173 5864/8134/6187 5815/8135/6188 5813/8122/6175
f 5805/8136/6189 5810/8125/6178 5856/8099/6143 5848/8137/6190
f 5810/8125/6178 5819/8124/6177 5866/8100/6144 5856/8099/6143
f 5848/8137/6190 5856/8099/6143 5808/8103/6147 5804/8138/6191
f 5802/8123/6176 5813/8122/6175 5851/8132/6185 5845/8139/6192
f 5812/8131/6184 5852/8130/6183 5850/8140/6193 5801/8141/6194
f 5845/8139/6192 5851/8132/6185 5812/8131/6184 5801/8141/6194
f 5806/8142/6195 5811/8117/6170 5853/8116/6169 5849/8143/6196
f 5850/8140/6193 5852/8130/6183 5811/8117/6170 5806/8142/6195
f 5854/8127/6180 5865/8144/6197 5816/8145/6198 5809/8119/6172
f 5849/8143/6196 5853/8116/6169 5810/8125/6178 5805/8136/6189
f 5816/8145/6198 5864/8134/6187 5855/8120/6173 5809/8119/6172
f 5837/8075/6119 5903/8093/6137 5902/8092/6136 5838/8076/6120
f 5838/8076/6120 5839/8069/6113 5896/8072/6116 5892/8073/6117
f 5800/8040/6084 5822/8043/6087 5903/8093/6137 5837/8075/6119
f 5904/8081/6199 5862/8068/6155 5805/8108/6156 5848/8146/6200
f 5860/8094/6201 5904/8081/6199 5848/8146/6200 5804/8147/6201
f 5819/8124/6177 5867/8115/6168 5905/8148/6202 5871/8149/6203
f 5820/8114/6167 5870/8150/6204 5905/8148/6202 5867/8115/6168
f 5821/8151/6205 5871/8149/6203 5905/8148/6202 5870/8150/6204
f 5821/8151/6205 5873/8152/6206 5906/8153/6207 5872/8154/6208
f 5816/8145/6198 5865/8144/6197 5907/8155/6209 5875/8156/6210
f 5817/8157/6211 5874/8158/6212 5907/8155/6209 5865/8144/6197
f 5821/8151/6205 5875/8156/6210 5907/8155/6209 5874/8158/6212
f 5814/8128/6181 5863/8133/6186 5908/8159/6213 5869/8160/6214
f 5815/8135/6188 5876/8161/6215 5908/8159/6213 5863/8133/6186
f 5821/8151/6205 5869/8160/6214 5908/8159/6213 5876/8161/6215
f 5820/8114/6167 5868/8129/6182 5909/8162/6216 5870/8150/6204
f 5814/8128/6181 5869/8160/6214 5909/8162/6216 5868/8129/6182
f 5821/8151/6205 5870/8150/6204 5909/8162/6216 5869/8160/6214
f 5818/8101/6145 5866/8100/6144 5910/8163/6217 5872/8154/6208
f 5819/8124/6177 5871/8149/6203 5910/8163/6217 5866/8100/6144
f 5821/8151/6205 5872/8154/6208 5910/8163/6217 5871/8149/6203
f 5821/8151/6205 5874/8158/6212 5911/8164/6218 5873/8152/6206
f 5815/8135/6188 5864/8134/6187 5912/8165/6219 5876/8161/6215
f 5816/8145/6198 5875/8156/6210 5912/8165/6219 5864/8134/6187
f 5821/8151/6205 5876/8161/6215 5912/8165/6219 5875/8156/6210
f 5840/8049/6093 5859/8098/6142 5900/8097/6141 5895/8096/6140
f 5902/8092/6136 5895/8096/6140 5839/8069/6113 5838/8076/6120
f 5813/8122/6175 5815/8135/6188 5863/8133/6186 5851/8132/6185
f 5919/8166/6220 5940/8167/6221 6001/8168/6222 5937/8169/6223
f 6001/8168/6222 6002/8170/6224 5938/8171/6225 5937/8169/6223
f 6003/8172/6226 6004/8173/6227 5943/8174/6228 5944/8175/6229
f 5941/8176/6230 5915/8177/6231 5942/8178/6232 6002/8170/6224
f 6002/8170/6224 5942/8178/6232 5914/8179/6233 5938/8171/6225
f 5940/8167/6221 6004/8173/6227 6003/8172/6226 5941/8176/6230
f 5944/8175/6229 5916/8180/6234 5945/8181/6235 6003/8172/6226
f 6003/8172/6226 5945/8181/6235 5915/8177/6231 5941/8176/6230
f 6006/8182/6236 6007/8183/6237 5946/8184/6238 5947/8185/6239
f 5919/8166/6220 5943/8174/6228 6004/8173/6227 5940/8167/6221
f 5917/8186/6240 5967/8187/6241 6005/8188/6242 5948/8189/6243
f 5967/8187/6241 5925/8190/6244 5963/8191/6245 6005/8188/6242
f 6005/8188/6242 5963/8191/6245 5924/8192/6246 5972/8193/6247
f 5948/8189/6243 6005/8188/6242 5972/8193/6247 5916/8180/6234
f 5943/8174/6228 6007/8183/6237 6006/8182/6236 5944/8175/6229
f 5947/8185/6239 5917/8186/6240 5948/8189/6243 6006/8182/6236
f 6006/8182/6236 5948/8189/6243 5916/8180/6234 5944/8175/6229
f 5949/8194/6248 5950/8195/6249 6010/8196/6250 6009/8197/6251
f 5919/8166/6220 5946/8184/6238 6007/8183/6237 5943/8174/6228
f 5921/8198/6252 5973/8199/6253 6008/8200/6254 5957/8201/6255
f 5973/8199/6253 5928/8202/6256 5966/8203/6257 6008/8200/6254
f 6008/8200/6254 5966/8203/6257 5927/8204/6258 5971/8205/6259
f 5957/8201/6255 6008/8200/6254 5971/8205/6259 5920/8206/6260
f 5919/8166/6220 5949/8194/6248 6009/8197/6251 5946/8184/6238
f 6009/8197/6251 6010/8196/6250 5947/8185/6239 5946/8184/6238
f 6012/8207/6261 6013/8208/6262 5950/8195/6249 5949/8194/6248
f 5950/8195/6249 5918/8209/6263 5951/8210/6264 6010/8196/6250
f 6010/8196/6250 5951/8210/6264 5917/8186/6240 5947/8185/6239
f 5916/8180/6234 5972/8193/6247 6011/8211/6265 5945/8181/6235
f 5972/8193/6247 5924/8192/6246 5962/8212/6266 6011/8211/6265
f 6011/8211/6265 5962/8212/6266 5923/8213/6267 5970/8214/6268
f 5945/8181/6235 6011/8211/6265 5970/8214/6268 5915/8177/6231
f 5919/8166/6220 5952/8215/6269 6012/8207/6261 5949/8194/6248
f 6014/8216/6270 6015/8217/6271 5953/8218/6272 5952/8215/6269
f 5952/8215/6269 5953/8218/6272 6013/8208/6262 6012/8207/6261
f 5953/8218/6272 5920/8206/6260 5954/8219/6273 6013/8208/6262
f 6013/8208/6262 5954/8219/6273 5918/8209/6263 5950/8195/6249
f 5919/8166/6220 5955/8220/6274 6014/8216/6270 5952/8215/6269
f 6017/8221/6275 6019/8222/6276 5958/8223/6277 5959/8224/6278
f 5955/8220/6274 5956/8225/6279 6015/8217/6271 6014/8216/6270
f 5956/8225/6279 5921/8198/6252 5957/8201/6255 6015/8217/6271
f 6015/8217/6271 5957/8201/6255 5920/8206/6260 5953/8218/6272
f 5915/8177/6231 5970/8214/6268 6016/8226/6280 5942/8178/6232
f 5970/8214/6268 5923/8213/6267 5961/8227/6281 6016/8226/6280
f 6016/8226/6280 5961/8227/6281 5922/8228/6282 5968/8229/6283
f 5942/8178/6232 6016/8226/6280 5968/8229/6283 5914/8179/6233
f 5913/8230/6284 5960/8231/6285 6017/8221/6275 5959/8224/6278
f 5960/8231/6285 5921/8198/6252 5956/8225/6279 6017/8221/6275
f 6034/8232/6286 6035/8233/6287 5937/8169/6223 5938/8171/6225
f 5955/8220/6274 6019/8222/6276 6017/8221/6275 5956/8225/6279
f 5920/8206/6260 5971/8205/6259 6018/8234/6288 5954/8219/6273
f 5971/8205/6259 5927/8204/6258 5965/8235/6289 6018/8234/6288
f 6018/8234/6288 5965/8235/6289 5926/8236/6290 5969/8237/6291
f 5954/8219/6273 6018/8234/6288 5969/8237/6291 5918/8209/6263
f 5919/8166/6220 5958/8223/6277 6019/8222/6276 5955/8220/6274
f 5914/8179/6233 5968/8229/6283 6020/8238/6292 5939/8239/6293
f 5918/8209/6263 5969/8237/6291 6021/8240/6294 5951/8210/6264
f 5969/8237/6291 5926/8236/6290 5964/8241/6295 6021/8240/6294
f 6021/8240/6294 5964/8241/6295 5925/8190/6244 5967/8187/6241
f 5951/8210/6264 6021/8240/6294 5967/8187/6241 5917/8186/6240
f 5960/8231/6285 6022/8242/6296 5973/8199/6253 5921/8198/6252
f 5931/8243/6297 5975/8244/6298 6023/8245/6299 5987/8246/6300
f 5975/8244/6298 5930/8247/6301 5992/8248/6302 6023/8245/6299
f 6023/8245/6299 5992/8248/6302 5923/8249/6303 5962/8250/6304
f 5987/8246/6300 6023/8245/6299 5962/8250/6304 5924/8251/6305
f 5927/8252/6306 5966/8253/6307 6024/8254/6308 5993/8255/6309
f 5966/8253/6307 5928/8256/6310 5988/8257/6311 6024/8254/6308
f 6024/8254/6308 5988/8257/6311 5935/8258/6312 5979/8259/6313
f 5993/8255/6309 6024/8254/6308 5979/8259/6313 5934/8260/6314
f 5932/8261/6315 5976/8262/6316 6025/8263/6317 5989/8264/6318
f 5976/8262/6316 5931/8243/6297 5987/8246/6300 6025/8263/6317
f 6025/8263/6317 5987/8246/6300 5924/8251/6305 5963/8265/6319
f 5989/8264/6318 6025/8263/6317 5963/8265/6319 5925/8266/6320
f 5925/8266/6320 5964/8267/6321 6026/8268/6322 5989/8264/6318
f 5964/8267/6321 5926/8269/6323 5991/8270/6324 6026/8268/6322
f 6026/8268/6322 5991/8270/6324 5933/8271/6325 5977/8272/6326
f 5989/8264/6318 6026/8268/6322 5977/8272/6326 5932/8261/6315
f 5922/8273/6327 5961/8274/6328 6027/8275/6329 5990/8276/6330
f 5961/8274/6328 5923/8249/6303 5992/8248/6302 6027/8275/6329
f 6027/8275/6329 5992/8248/6302 5930/8247/6301 5974/8277/6331
f 5990/8276/6330 6027/8275/6329 5974/8277/6331 5929/8278/6332
f 5977/8279/6333 5933/8280/6334 5986/8281/6335 6031/8282/6336
f 5984/8283/6337 5997/8284/6338 6041/8285/6339 6030/8286/6340
f 6029/8287/6341 6037/8288/6342 5995/8289/6343 5981/8290/6344
f 5983/8291/6345 5994/8292/6346 6037/8288/6342 6029/8287/6341
f 5982/8293/6347 6032/8294/6348 5975/8295/6349 5931/8296/6350
f 5974/8297/6351 6033/8298/6352 5985/8299/6353 5929/8300/6354
f 5933/8280/6334 5978/8301/6355 6028/8302/6356 5986/8281/6335
f 5978/8301/6355 5934/8303/6357 5981/8290/6344 6028/8302/6356
f 5975/8295/6349 6032/8294/6348 5980/8304/6358 5930/8305/6359
f 5932/8306/6360 5977/8279/6333 6031/8282/6336 5984/8283/6337
f 5979/8307/6361 5935/8308/6362 5983/8291/6345 6029/8287/6341
f 5980/8304/6358 5999/8309/6363 6042/8310/6364 6033/8298/6352
f 6031/8282/6336 6038/8311/6365 5997/8284/6338 5984/8283/6337
f 5934/8303/6357 5979/8307/6361 6029/8287/6341 5981/8290/6344
f 5976/8312/6366 5932/8306/6360 5984/8283/6337 6030/8286/6340
f 5982/8293/6347 5998/8313/6367 6039/8314/6368 6032/8294/6348
f 6028/8302/6356 6040/8315/6369 5996/8316/6370 5986/8281/6335
f 5931/8296/6350 5976/8312/6366 6030/8286/6340 5982/8293/6347
f 6030/8286/6340 6041/8285/6339 5998/8313/6367 5982/8293/6347
f 6032/8294/6348 6039/8314/6368 5999/8309/6363 5980/8304/6358
f 5981/8290/6344 5995/8289/6343 6040/8315/6369 6028/8302/6356
f 6033/8298/6352 6042/8310/6364 6000/8317/6371 5985/8299/6353
f 5958/8223/6277 6035/8233/6287 6034/8232/6286 5959/8224/6278
f 5938/8171/6225 5914/8179/6233 5939/8239/6293 6034/8232/6286
f 6034/8232/6286 5939/8239/6293 5913/8230/6284 5959/8224/6278
f 5919/8166/6220 5937/8169/6223 6035/8233/6287 5958/8223/6277
f 5926/8269/6323 5965/8318/6372 6036/8319/6373 5991/8270/6324
f 5965/8318/6372 5927/8252/6306 5993/8255/6309 6036/8319/6373
f 6036/8319/6373 5993/8255/6309 5934/8260/6314 5978/8320/6374
f 5991/8270/6324 6036/8319/6373 5978/8320/6374 5933/8271/6325
f 5936/8321/6375 5995/8289/6343 6037/8288/6342 5994/8292/6346
f 5936/8321/6375 5997/8284/6338 6038/8311/6365 5996/8316/6370
f 5936/8321/6375 5999/8309/6363 6039/8314/6368 5998/8313/6367
f 5936/8321/6375 5996/8316/6370 6040/8315/6369 5995/8289/6343
f 5936/8321/6375 5998/8313/6367 6041/8285/6339 5997/8284/6338
f 5936/8321/6375 6000/8317/6371 6042/8310/6364 5999/8309/6363
f 5940/8167/6221 5941/8176/6230 6002/8170/6224 6001/8168/6222
f 5986/8281/6335 5996/8316/6370 6038/8311/6365 6031/8282/6336
f 5980/8304/6358 6033/8298/6352 5974/8297/6351 5930/8305/6359
f 6060/8322/6376 6044/8323/6377 6046/8324/6378 6061/8325/6379
f 6063/8326/6380 6050/8327/6381 6048/8328/6382 6065/8329/6383
f 6069/8330/6384 6058/8331/6385 6044/8332/6377 6060/8333/6376
f 6051/8334/6386 6049/8335/6387 6047/8336/6388 6056/8337/6389
f 6053/8338/6390 6046/8324/6378 6044/8323/6377 6058/8339/6385
f 6050/8327/6381 6054/8340/6391 6057/8341/6392 6048/8328/6382
f 6054/8340/6391 6053/8338/6390 6058/8339/6385 6057/8341/6392
f 6045/8342/6393 6052/8343/6394 6055/8344/6395 6043/8345/6396
f 6052/8343/6394 6051/8334/6386 6056/8337/6389 6055/8344/6395
f 6065/8346/6383 6048/8347/6382 6057/8348/6392 6067/8349/6397
f 6067/8349/6397 6057/8348/6392 6058/8331/6385 6069/8330/6384
f 6056/8350/6389 6068/8351/6398 6070/8352/6399 6055/8353/6395
f 6047/8354/6388 6066/8355/6400 6068/8351/6398 6056/8350/6389
f 6066/8355/6400 6065/8346/6383 6067/8349/6397 6068/8351/6398
f 6055/8353/6395 6070/8352/6399 6059/8356/6401 6043/8357/6396
f 6070/8352/6399 6069/8330/6384 6060/8333/6376 6059/8356/6401
f 6049/8358/6387 6064/8359/6402 6066/8360/6400 6047/8361/6388
f 6064/8359/6402 6063/8326/6380 6065/8329/6383 6066/8360/6400
f 6043/8362/6396 6059/8363/6401 6062/8364/6403 6045/8365/6393
f 6059/8363/6401 6060/8322/6376 6061/8325/6379 6062/8364/6403
f 6069/8366/6387 6070/8367/6381 6074/8368/6381 6073/8369/6387
f 6068/8370/6404 6067/8371/6393 6071/8372/6393 6072/8373/6404
f 6070/8367/6381 6068/8370/6404 6072/8373/6404 6074/8368/6381
f 6067/8374/6393 6069/8366/6387 6073/8369/6387 6071/8375/6393
f 6072/8376/6405 6071/8377/6405 6073/8378/6405 6074/8379/6405
f 6077/8380/6406 6078/8381/6407 6082/8382/6408 6081/8383/6406
f 6080/8384/6409 6079/8385/6409 6081/8386/6409 6082/8387/6409
f 6076/8388/6410 6075/8389/6411 6079/8390/6411 6080/8391/6412
f 6078/8381/6407 6076/8392/6410 6080/8393/6412 6082/8382/6408
f 6075/8389/6411 6077/8380/6406 6081/8383/6406 6079/8390/6411
f 6097/8394/6413 6099/8395/6414 6088/8396/6415 6087/8397/6413
f 6084/8398/6416 6099/8395/6416 6097/8394/6416 6083/8399/6416
f 6089/8400/6417 6091/8401/6417 6092/8402/6417 6090/8403/6417
f 6084/8404/6418 6094/8405/6418 6101/8406/6418 6099/8407/6418
f 6093/8408/6419 6094/8409/6419 6084/8398/6419 6083/8399/6419
f 6088/8410/6415 6099/8407/6414 6101/8406/6420 6096/8411/6421
f 6095/8412/6422 6096/8413/6422 6086/8414/6422 6085/8415/6422
f 6096/8411/6423 6101/8406/6424 6098/8416/6425 6086/8417/6423
f 6100/8418/6426 6098/8419/6426 6092/8402/6426 6091/8401/6426
f 6092/8420/6427 6098/8416/6425 6101/8406/6424
f 6090/8421/6428 6092/8420/6427 6101/8406/6424
f 6086/8414/6429 6098/8419/6429 6100/8418/6429 6085/8415/6429
f 6089/8400/6430 6090/8403/6430 6094/8422/6430 6093/8423/6430
f 6088/8396/6415 6096/8413/6421 6095/8412/6431 6087/8397/6431
f 6101/8406/6424 6094/8405/6432 6090/8421/6428
f 6102/8424/6433 6119/8425/6434 6155/8426/6435 6126/8427/6436
f 6119/8425/6434 6111/8428/6437 6135/8429/6438 6155/8426/6435
f 6126/8430/6436 6155/8431/6435 6138/8432/6439 6114/8433/6440
f 6155/8431/6435 6135/8434/6438 6106/8435/6441 6138/8432/6439
f 6120/8436/6442 6103/8437/6443 6121/8438/6444 6156/8439/6445
f 6156/8440/6445 6121/8441/6444 6112/8442/6446 6136/8443/6447
f 6111/8428/6437 6120/8436/6442 6156/8439/6445 6135/8429/6438
f 6135/8434/6438 6156/8440/6445 6136/8443/6447 6106/8435/6441
f 6105/8444/6448 6123/8445/6449 6157/8446/6450 6122/8447/6451
f 6123/8445/6449 6113/8448/6452 6137/8449/6453 6157/8446/6450
f 6122/8447/6451 6157/8446/6450 6136/8443/6447 6112/8442/6446
f 6157/8446/6450 6137/8449/6453 6106/8435/6441 6136/8443/6447
f 6124/8450/6454 6104/8451/6455 6125/8452/6456 6158/8453/6457
f 6158/8453/6457 6125/8452/6456 6114/8433/6440 6138/8432/6439
f 6113/8448/6452 6124/8450/6454 6158/8453/6457 6137/8449/6453
f 6137/8449/6453 6158/8453/6457 6138/8432/6439 6106/8435/6441
f 6130/8454/6458 6159/8455/6459 6142/8456/6460 6116/8457/6461
f 6159/8455/6459 6139/8458/6462 6107/8459/6463 6142/8456/6460
f 6160/8460/6464 6127/8461/6465 6115/8462/6466 6140/8463/6467
f 6139/8458/6462 6160/8460/6464 6140/8463/6467 6107/8459/6463
f 6103/8437/6443 6120/8436/6442 6161/8464/6468 6128/8465/6469
f 6120/8436/6442 6111/8428/6437 6141/8466/6470 6161/8464/6468
f 6128/8465/6469 6161/8464/6468 6140/8463/6467 6115/8462/6466
f 6161/8464/6468 6141/8466/6470 6107/8459/6463 6140/8463/6467
f 6119/8425/6434 6102/8424/6433 6129/8467/6471 6162/8468/6472
f 6162/8468/6472 6129/8467/6471 6116/8457/6461 6142/8456/6460
f 6111/8428/6437 6119/8425/6434 6162/8468/6472 6141/8466/6470
f 6141/8466/6470 6162/8468/6472 6142/8456/6460 6107/8459/6463
f 6127/8461/6465 6163/8469/6473 6146/8470/6474 6115/8462/6466
f 6163/8471/6473 6143/8472/6475 6108/8473/6476 6146/8474/6474
f 6164/8475/6477 6131/8476/6478 6117/8477/6479 6144/8478/6480
f 6143/8472/6475 6164/8475/6477 6144/8478/6480 6108/8473/6476
f 6105/8444/6448 6122/8447/6451 6165/8479/6481 6132/8480/6482
f 6122/8447/6451 6112/8442/6446 6145/8481/6483 6165/8479/6481
f 6132/8480/6482 6165/8479/6481 6144/8478/6480 6117/8477/6479
f 6165/8479/6481 6145/8481/6483 6108/8473/6476 6144/8478/6480
f 6121/8438/6444 6103/8437/6443 6128/8465/6469 6166/8482/6484
f 6166/8482/6484 6128/8465/6469 6115/8462/6466 6146/8470/6474
f 6112/8442/6446 6121/8441/6444 6166/8483/6484 6145/8481/6483
f 6145/8481/6483 6166/8483/6484 6146/8474/6474 6108/8473/6476
f 6131/8476/6478 6167/8484/6485 6150/8485/6486 6117/8477/6479
f 6167/8484/6485 6147/8486/6487 6109/8487/6488 6150/8485/6486
f 6168/8488/6489 6133/8489/6490 6118/8490/6491 6148/8491/6492
f 6147/8486/6487 6168/8488/6489 6148/8491/6492 6109/8487/6488
f 6104/8451/6455 6124/8450/6454 6169/8492/6493 6134/8493/6494
f 6124/8450/6454 6113/8448/6452 6149/8494/6495 6169/8492/6493
f 6134/8493/6494 6169/8492/6493 6148/8491/6492 6118/8490/6491
f 6169/8492/6493 6149/8494/6495 6109/8487/6488 6148/8491/6492
f 6123/8445/6449 6105/8444/6448 6132/8480/6482 6170/8495/6496
f 6170/8495/6496 6132/8480/6482 6117/8477/6479 6150/8485/6486
f 6113/8448/6452 6123/8445/6449 6170/8495/6496 6149/8494/6495
f 6149/8494/6495 6170/8495/6496 6150/8485/6486 6109/8487/6488
f 6133/8489/6490 6171/8496/6497 6154/8497/6498 6118/8490/6491
f 6171/8496/6497 6151/8498/6499 6110/8499/6500 6154/8497/6498
f 6172/8500/6501 6130/8454/6458 6116/8457/6461 6152/8501/6502
f 6151/8498/6499 6172/8502/6501 6152/8503/6502 6110/8499/6500
f 6102/8424/6433 6126/8427/6436 6173/8504/6503 6129/8467/6471
f 6126/8430/6436 6114/8433/6440 6153/8505/6504 6173/8506/6503
f 6129/8467/6471 6173/8504/6503 6152/8501/6502 6116/8457/6461
f 6173/8506/6503 6153/8505/6504 6110/8499/6500 6152/8503/6502
f 6125/8452/6456 6104/8451/6455 6134/8493/6494 6174/8507/6505
f 6174/8507/6505 6134/8493/6494 6118/8490/6491 6154/8497/6498
f 6114/8433/6440 6125/8452/6456 6174/8507/6505 6153/8505/6504
f 6153/8505/6504 6174/8507/6505 6154/8497/6498 6110/8499/6500
f 6187/8508/6506 6188/8509/6506 6178/8510/6506 6177/8511/6506
f 6183/8512/6507 6184/8513/6507 6182/8514/6507 6181/8515/6507
f 6189/8516/6508 6190/8517/6508 6180/8518/6508 6179/8519/6508
f 6185/8520/6509 6186/8521/6509 6176/8522/6509 6175/8523/6509
f 6191/8524/6510 6188/8525/6510 6176/8526/6510 6186/8527/6510
f 6190/8528/6511 6191/8524/6511 6186/8527/6511 6180/8529/6511
f 6179/8530/6512 6180/8531/6512 6186/8521/6512 6185/8520/6512
f 6177/8511/6513 6178/8510/6513 6184/8513/6513 6183/8512/6513
f 6182/8532/6514 6184/8533/6514 6191/8524/6514 6190/8528/6514
f 6184/8533/6515 6178/8534/6515 6188/8525/6515 6191/8524/6515
f 6181/8515/6516 6182/8514/6516 6190/8517/6516 6189/8516/6516
f 6175/8523/6517 6176/8522/6517 6188/8509/6517 6187/8508/6517
f 6193/8535/6518 6192/8536/6519 6196/8537/6520 6197/8538/6518
f 6192/8539/6521 6193/8540/6522 6522/8541/6523 6194/8542/6524
f 6195/8543/6525 6192/8539/6521 6194/8542/6524 6570/8544/6526
f 6192/8536/6519 6195/8545/6527 6199/8546/6527 6196/8537/6520
f 6196/8547/6528 6198/8548/6529 6441/8549/6530 6197/8550/6531
f 6199/8551/6532 6201/8552/6533 6198/8548/6529 6196/8547/6528
f 6195/8545/6527 6569/8553/6534 6200/8554/6534 6199/8546/6527
f 6200/8555/6535 6203/8556/6536 6201/8552/6533 6199/8551/6532
f 6201/8552/6533 6202/8557/6537 6299/8558/6538 6198/8548/6529
f 6203/8556/6536 6204/8559/6539 6202/8557/6537 6201/8552/6533
f 6207/8560/6540 6205/8561/6541 6203/8556/6536 6200/8555/6535
f 6205/8561/6541 6206/8562/6542 6204/8559/6539 6203/8556/6536
f 6208/8563/6543 6209/8564/6544 6206/8562/6542 6205/8561/6541
f 6210/8565/6545 6208/8563/6543 6205/8561/6541 6207/8560/6540
f 6211/8566/6546 6212/8567/6547 6209/8564/6544 6208/8563/6543
f 6213/8568/6548 6211/8566/6546 6208/8563/6543 6210/8565/6545
f 6214/8569/6549 6216/8570/6550 6212/8567/6547 6211/8566/6546
f 6215/8571/6551 6214/8569/6549 6211/8566/6546 6213/8568/6548
f 6219/8572/6552 6217/8573/6553 6214/8569/6549 6215/8571/6551
f 6217/8573/6553 6218/8574/6554 6216/8570/6550 6214/8569/6549
f 6220/8575/6555 6221/8576/6556 6218/8574/6554 6217/8573/6553
f 6222/8577/6557 6220/8575/6555 6217/8573/6553 6219/8572/6552
f 6223/8578/6558 6224/8579/6559 6221/8576/6556 6220/8575/6555
f 6225/8580/6560 6223/8578/6558 6220/8575/6555 6222/8577/6557
f 6226/8581/6561 6230/8582/6562 6224/8579/6559 6223/8578/6558
f 6227/8583/6563 6226/8581/6561 6223/8578/6558 6225/8580/6560
f 6542/8584/6564 6232/8585/6565 6226/8581/6561 6227/8583/6563
f 6226/8581/6561 6228/8586/6566 6230/8582/6562
f 6226/8581/6561 6231/8587/6567 6228/8586/6566
f 6232/8585/6565 6240/8588/6568 6229/8589/6569 6226/8581/6561
f 6226/8581/6561 6229/8589/6569 6233/8590/6570
f 6226/8581/6561 6233/8590/6570 6231/8587/6567
f 6238/8591/6571 6235/8592/6572 6233/8590/6573 6229/8589/6574
f 6231/8587/6567 6233/8590/6570 6234/8593/6575 6278/8594/6576
f 6235/8592/6572 6237/8595/6577 6234/8593/6578 6233/8590/6573
f 6236/8596/6579 6394/8597/6580 6237/8598/6577 6235/8599/6572
f 6311/8600/6581 6236/8596/6579 6235/8599/6572 6238/8601/6571
f 6239/8602/6582 6238/8591/6571 6229/8589/6574 6240/8588/6583
f 6315/8603/6584 6311/8600/6581 6238/8601/6571 6239/8604/6582
f 6241/8605/6585 6239/8602/6582 6240/8588/6583 6242/8606/6586
f 6243/8607/6587 6241/8605/6585 6242/8606/6586 6244/8608/6588
f 6317/8609/6589 6315/8603/6584 6239/8604/6582 6241/8610/6585
f 6319/8611/6590 6317/8609/6589 6241/8610/6585 6243/8612/6587
f 6245/8613/6591 6243/8607/6587 6244/8608/6588 6246/8614/6592
f 6247/8615/6593 6245/8613/6591 6246/8614/6592 6248/8616/6594
f 6321/8617/6595 6319/8611/6590 6243/8612/6587 6245/8618/6591
f 6323/8619/6596 6321/8617/6595 6245/8618/6591 6247/8620/6593
f 6249/8621/6597 6247/8615/6593 6248/8616/6594 6250/8622/6598
f 6251/8623/6599 6249/8621/6597 6250/8622/6598 6252/8624/6600
f 6325/8625/6601 6323/8619/6596 6247/8620/6593 6249/8626/6597
f 6327/8627/6602 6325/8625/6601 6249/8626/6597 6251/8628/6599
f 6253/8629/6603 6251/8623/6599 6252/8624/6600 6254/8630/6604
f 6255/8631/6605 6253/8629/6603 6254/8630/6604 6256/8632/6606
f 6329/8633/6607 6327/8627/6602 6251/8628/6599 6253/8634/6603
f 6331/8635/6608 6329/8633/6607 6253/8634/6603 6255/8636/6605
f 6257/8637/6609 6255/8631/6605 6256/8632/6606 6258/8638/6610
f 6260/8639/6611 6257/8637/6609 6258/8638/6610 6261/8640/6612
f 6262/8641/6613 6259/8642/6614 6257/8643/6609 6260/8644/6611
f 6263/8645/6615 6260/8639/6611 6261/8640/6612 6265/8646/6616
f 6264/8647/6617 6262/8641/6613 6260/8644/6611 6263/8648/6615
f 6268/8649/6618 6264/8647/6617 6263/8648/6615 6266/8650/6619
f 6266/8651/6619 6263/8645/6615 6265/8646/6616 6267/8652/6620
f 6269/8653/6621 6266/8651/6619 6267/8652/6620 6271/8654/6622
f 6270/8655/6623 6268/8649/6618 6266/8650/6619 6269/8656/6621
f 6273/8657/6624 6270/8655/6623 6269/8656/6621 6272/8658/6625
f 6272/8659/6625 6269/8653/6621 6271/8654/6622 6274/8660/6626
f 6394/8597/6580 6273/8657/6624 6272/8658/6625 6237/8598/6577
f 6237/8595/6577 6272/8659/6625 6274/8660/6626 6234/8593/6578
f 6275/8661/6627 6274/8660/6628 6271/8654/6629 6277/8662/6630
f 6278/8594/6576 6234/8593/6575 6274/8660/6628 6275/8661/6627
f 6276/8663/6631 6275/8661/6627 6277/8662/6630 6287/8664/6632
f 6279/8665/6633 6278/8594/6576 6275/8661/6627 6276/8663/6631
f 6228/8586/6566 6231/8587/6567 6278/8594/6576 6279/8665/6633
f 6283/8666/6634 6280/8667/6635 6279/8665/6636 6276/8663/6637
f 6280/8667/6635 6282/8668/6638 6228/8586/6639 6279/8665/6636
f 6284/8669/6640 6281/8670/6641 6280/8671/6635 6283/8672/6634
f 6281/8670/6641 6310/8673/6642 6282/8674/6638 6280/8671/6635
f 6285/8675/6643 6283/8666/6634 6276/8663/6637 6287/8664/6644
f 6286/8676/6645 6284/8669/6640 6283/8672/6634 6285/8677/6643
f 6290/8678/6646 6286/8676/6645 6285/8677/6643 6288/8679/6647
f 6288/8680/6647 6285/8675/6643 6287/8664/6644 6289/8681/6648
f 6291/8682/6649 6288/8680/6647 6289/8681/6648 6293/8683/6650
f 6292/8684/6651 6290/8678/6646 6288/8679/6647 6291/8685/6649
f 6295/8686/6652 6292/8684/6651 6291/8685/6649 6294/8687/6653
f 6294/8688/6653 6291/8682/6649 6293/8683/6650 6296/8689/6654
f 6298/8690/6655 6295/8686/6652 6294/8687/6653 6297/8691/6656
f 6297/8692/6656 6294/8688/6653 6296/8689/6654 6299/8558/6657
f 6333/8693/6658 6331/8635/6608 6255/8636/6605 6257/8643/6609 6259/8642/6614
f 6300/8694/6659 6297/8692/6656 6299/8558/6657 6202/8557/6660
f 6570/8544/6526 6194/8542/6524 6298/8690/6655 6297/8691/6656 6300/8695/6659
f 6301/8696/6661 6300/8694/6659 6202/8557/6660 6204/8559/6662
f 6302/8697/6663 6301/8696/6661 6204/8559/6662 6206/8562/6664
f 6568/8698/6665 6570/8544/6526 6300/8695/6659 6301/8699/6661
f 6566/8700/6666 6568/8698/6665 6301/8699/6661 6302/8701/6663
f 6303/8702/6667 6302/8697/6663 6206/8562/6664 6209/8564/6668
f 6564/8703/6669 6566/8700/6666 6302/8701/6663 6303/8704/6667
f 6304/8705/6670 6303/8702/6667 6209/8564/6668 6212/8567/6671
f 6305/8706/6672 6304/8705/6670 6212/8567/6671 6216/8570/6673
f 6562/8707/6674 6564/8703/6669 6303/8704/6667 6304/8708/6670
f 6560/8709/6675 6562/8707/6674 6304/8708/6670 6305/8710/6672
f 6306/8711/6676 6305/8706/6672 6216/8570/6673 6218/8574/6677
f 6558/8712/6678 6560/8709/6675 6305/8710/6672 6306/8713/6676
f 6307/8714/6679 6306/8711/6676 6218/8574/6677 6221/8576/6680
f 6308/8715/6681 6307/8714/6679 6221/8576/6680 6224/8579/6682
f 6556/8716/6683 6558/8712/6678 6306/8713/6676 6307/8717/6679
f 6311/8600/6581 6309/8718/6684 6282/8674/6638 6310/8673/6642
f 6309/8719/6684 6308/8715/6681 6224/8579/6682 6230/8582/6685
f 6282/8668/6638 6309/8719/6684 6230/8582/6685 6228/8586/6639
f 6520/8720/6686 6518/8721/6687 6436/8722/6688 6438/8723/6689 6439/8724/6690
f 6316/8725/6691 6312/8726/6692 6311/8600/6581 6315/8603/6584
f 6312/8726/6692 6555/8727/6693 6313/8728/6694 6311/8600/6581
f 6311/8600/6581 6310/8673/6642 6314/8729/6695
f 6311/8600/6581 6314/8729/6695 6236/8596/6579
f 6318/8730/6696 6316/8725/6691 6315/8603/6584 6317/8609/6589
f 6320/8731/6697 6318/8730/6696 6317/8609/6589 6319/8611/6590
f 6322/8732/6698 6320/8731/6697 6319/8611/6590 6321/8617/6595
f 6324/8733/6699 6322/8732/6698 6321/8617/6595 6323/8619/6596
f 6326/8734/6700 6324/8733/6699 6323/8619/6596 6325/8625/6601
f 6328/8735/6701 6326/8734/6700 6325/8625/6601 6327/8627/6602
f 6330/8736/6702 6328/8735/6701 6327/8627/6602 6329/8633/6607
f 6332/8737/6703 6330/8736/6702 6329/8633/6607 6331/8635/6608
f 6334/8738/6704 6332/8737/6703 6331/8635/6608 6333/8693/6658
f 6339/8739/6705 6334/8738/6704 6333/8693/6658 6335/8740/6706
f 6259/8642/6614 6335/8740/6706 6333/8693/6658
f 6259/8642/6614 6262/8641/6707 6335/8740/6706
f 6336/8741/6708 6338/8742/6709 6335/8740/6706
f 6337/8743/6710 6336/8741/6708 6335/8740/6706
f 6340/8744/6711 6337/8743/6710 6335/8740/6706
f 6476/8745/6712 6339/8739/6705 6335/8740/6706 6338/8742/6709
f 6262/8641/6707 6340/8744/6711 6335/8740/6706
f 6340/8744/6711 6262/8641/6707 6264/8647/6713 6341/8746/6714
f 6337/8743/6710 6340/8744/6711 6341/8746/6714 6343/8747/6715
f 6341/8746/6714 6264/8647/6713 6268/8649/6716 6342/8748/6717
f 6343/8747/6715 6341/8746/6714 6342/8748/6717 6344/8749/6718
f 6343/8747/6719 6344/8749/6720 6347/8750/6721 6345/8751/6722
f 6337/8743/6723 6343/8747/6719 6345/8751/6722 6348/8752/6724
f 6345/8753/6722 6347/8754/6721 6547/8755/6725 6346/8756/6726
f 6348/8757/6724 6345/8753/6722 6346/8756/6726 6349/8758/6727
f 6336/8741/6708 6337/8743/6723 6348/8752/6724 6350/8759/6728
f 6350/8760/6728 6348/8757/6724 6349/8758/6727 6351/8761/6729
f 6352/8762/6730 6350/8760/6728 6351/8761/6729 6353/8763/6731
f 6313/8728/6694 6556/8716/6683 6307/8717/6679 6308/8764/6681
f 6479/8765/6732 6338/8742/6709 6336/8741/6708 6350/8759/6728 6352/8766/6730
f 6354/8767/6733 6352/8762/6730 6353/8763/6731 6355/8768/6734
f 6356/8769/6735 6354/8767/6733 6355/8768/6734 6357/8770/6736
f 6480/8771/6737 6479/8765/6732 6352/8766/6730 6354/8772/6733
f 6481/8773/6738 6480/8771/6737 6354/8772/6733 6356/8774/6735
f 6358/8775/6739 6356/8769/6735 6357/8770/6736 6359/8776/6740
f 6483/8777/6741 6481/8773/6738 6356/8774/6735 6358/8778/6739
f 6360/8779/6742 6358/8775/6739 6359/8776/6740 6361/8780/6743
f 6362/8781/6744 6360/8779/6742 6361/8780/6743 6363/8782/6745
f 6485/8783/6746 6483/8777/6741 6358/8778/6739 6360/8784/6742
f 6487/8785/6747 6485/8783/6746 6360/8784/6742 6362/8786/6744
f 6364/8787/6748 6362/8781/6744 6363/8782/6745 6365/8788/6749
f 6366/8789/6750 6364/8787/6748 6365/8788/6749 6367/8790/6751
f 6489/8791/6752 6487/8785/6747 6362/8786/6744 6364/8792/6748
f 6491/8793/6753 6489/8791/6752 6364/8792/6748 6366/8794/6750
f 6368/8795/6754 6366/8789/6750 6367/8790/6751 6369/8796/6755
f 6370/8797/6756 6368/8795/6754 6369/8796/6755 6372/8798/6757
f 6493/8799/6758 6491/8793/6753 6366/8794/6750 6368/8800/6754
f 6375/8801/6759 6371/8802/6760 6370/8803/6756 6373/8804/6761
f 6373/8805/6761 6370/8797/6756 6372/8798/6757 6374/8806/6762
f 6376/8807/6763 6373/8805/6761 6374/8806/6762 6378/8808/6764
f 6377/8809/6765 6375/8801/6759 6373/8804/6761 6376/8810/6763
f 6381/8811/6766 6377/8809/6765 6376/8810/6763 6379/8812/6767
f 6379/8813/6767 6376/8807/6763 6378/8808/6764 6380/8814/6768
f 6382/8815/6769 6379/8813/6767 6380/8814/6768 6383/8816/6770
f 6384/8817/6771 6381/8811/6766 6379/8812/6767 6382/8818/6769
f 6347/8754/6721 6382/8815/6769 6383/8816/6770 6547/8755/6725
f 6344/8749/6720 6384/8817/6771 6382/8818/6769 6347/8750/6721
f 6344/8749/6718 6342/8748/6717 6385/8819/6772 6384/8817/6773
f 6384/8817/6773 6385/8819/6772 6389/8820/6774 6386/8821/6775
f 6388/8822/6776 6381/8811/6777 6384/8817/6773 6386/8821/6775
f 6386/8821/6775 6389/8820/6774 6390/8823/6778 6387/8824/6779
f 6409/8825/6780 6388/8822/6776 6386/8821/6775 6387/8824/6779
f 6389/8820/6774 6391/8826/6781 6286/8676/6782 6390/8823/6778
f 6385/8819/6772 6270/8655/6783 6391/8826/6781 6389/8820/6774
f 6284/8669/6784 6286/8676/6782 6391/8826/6781 6392/8827/6785
f 6392/8827/6785 6391/8826/6781 6270/8655/6783 6273/8657/6786
f 6393/8828/6787 6392/8827/6785 6273/8657/6786 6394/8597/6788
f 6281/8670/6789 6284/8669/6784 6392/8827/6785 6393/8828/6787
f 6314/8729/6695 6393/8828/6787 6394/8597/6788 6236/8596/6579
f 6310/8673/6642 6281/8670/6789 6393/8828/6787 6314/8729/6695
f 6387/8824/6779 6390/8823/6778 6395/8829/6790 6396/8830/6791
f 6390/8823/6778 6286/8676/6782 6290/8678/6792 6395/8829/6790
f 6396/8830/6791 6395/8829/6790 6397/8831/6793 6399/8832/6794
f 6395/8829/6790 6290/8678/6792 6292/8684/6795 6397/8831/6793
f 6399/8832/6794 6397/8831/6793 6398/8833/6796 6400/8834/6797
f 6397/8831/6793 6292/8684/6795 6295/8686/6798 6398/8833/6796
f 6399/8832/6799 6400/8834/6800 6403/8835/6801 6401/8836/6802
f 6396/8830/6803 6399/8832/6799 6401/8836/6802 6404/8837/6804
f 6401/8838/6802 6403/8839/6801 6442/8840/6805 6402/8841/6806
f 6404/8842/6804 6401/8838/6802 6402/8841/6806 6405/8843/6807
f 6387/8824/6808 6396/8830/6803 6404/8837/6804 6406/8844/6809
f 6406/8845/6809 6404/8842/6804 6405/8843/6807 6407/8846/6810
f 6408/8847/6811 6406/8845/6809 6407/8846/6810 6410/8848/6812
f 6409/8825/6813 6387/8824/6808 6406/8844/6809 6408/8849/6811
f 6412/8850/6814 6409/8825/6813 6408/8849/6811 6411/8851/6815
f 6411/8852/6815 6408/8847/6811 6410/8848/6812 6413/8853/6816
f 6416/8854/6817 6412/8850/6814 6411/8851/6815 6414/8855/6818
f 6414/8856/6818 6411/8852/6815 6413/8853/6816 6415/8857/6819
f 6417/8858/6820 6414/8856/6818 6415/8857/6819 6418/8859/6821
f 6419/8860/6822 6416/8854/6817 6414/8855/6818 6417/8861/6820
f 6420/8862/6823 6417/8858/6820 6418/8859/6821 6421/8863/6824
f 6495/8864/6825 6493/8799/6758 6368/8800/6754 6370/8803/6756 6371/8802/6760
f 6422/8865/6826 6420/8862/6823 6421/8863/6824 6423/8866/6827
f 6502/8867/6828 6500/8868/6829 6419/8860/6822 6417/8861/6820 6420/8869/6823
f 6504/8870/6830 6502/8867/6828 6420/8869/6823 6422/8871/6826
f 6424/8872/6831 6422/8865/6826 6423/8866/6827 6425/8873/6832
f 6426/8874/6833 6424/8872/6831 6425/8873/6832 6427/8875/6834
f 6506/8876/6835 6504/8870/6830 6422/8871/6826 6424/8877/6831
f 6508/8878/6836 6506/8876/6835 6424/8877/6831 6426/8879/6833
f 6428/8880/6837 6426/8874/6833 6427/8875/6834 6429/8881/6838
f 6430/8882/6839 6428/8880/6837 6429/8881/6838 6431/8883/6840
f 6510/8884/6841 6508/8878/6836 6426/8879/6833 6428/8885/6837
f 6512/8886/6842 6510/8884/6841 6428/8885/6837 6430/8887/6839
f 6432/8888/6843 6430/8882/6839 6431/8883/6840 6433/8889/6844
f 6434/8890/6845 6432/8888/6843 6433/8889/6844 6435/8891/6846
f 6514/8892/6847 6512/8886/6842 6430/8887/6839 6432/8893/6843
f 6516/8894/6848 6514/8892/6847 6432/8893/6843 6434/8895/6845
f 6436/8896/6688 6434/8890/6845 6435/8891/6846 6437/8897/6849
f 6438/8898/6689 6436/8896/6688 6437/8897/6849 6440/8899/6850
f 6518/8721/6687 6516/8894/6848 6434/8895/6845 6436/8722/6688
f 6400/8834/6800 6439/8724/6690 6438/8723/6689 6403/8835/6801
f 6403/8839/6801 6438/8898/6689 6440/8899/6850 6442/8840/6805
f 6440/8899/6851 6443/8900/6852 6441/8549/6530
f 6440/8899/6851 6441/8549/6530 6442/8840/6853
f 6197/8550/6531 6441/8549/6530 6443/8900/6852 6444/8901/6854
f 6460/8902/6855 6363/8782/6856 6361/8780/6857 6462/8903/6858
f 6461/8904/6859 6460/8902/6855 6462/8903/6858 6463/8905/6860
f 6462/8903/6858 6361/8780/6857 6359/8776/6861 6464/8906/6862
f 6463/8905/6860 6462/8903/6858 6464/8906/6862 6465/8907/6863
f 6465/8907/6863 6464/8906/6862 6466/8908/6864 6467/8909/6865
f 6464/8906/6862 6359/8776/6861 6357/8770/6866 6466/8908/6864
f 6466/8908/6864 6357/8770/6866 6355/8768/6867 6468/8910/6868
f 6467/8909/6865 6466/8908/6864 6468/8910/6868 6469/8911/6869
f 6469/8911/6869 6468/8910/6868 6470/8912/6870 6471/8913/6871
f 6468/8910/6868 6355/8768/6867 6353/8763/6872 6470/8912/6870
f 6470/8912/6870 6353/8763/6872 6351/8761/6873 6472/8914/6874
f 6471/8913/6871 6470/8912/6870 6472/8914/6874 6474/8915/6875
f 6351/8761/6873 6473/8916/6876 6472/8914/6874
f 6474/8915/6875 6472/8914/6874 6473/8916/6876 6475/8917/6877
f 6339/8918/6878 6476/8919/6879 6474/8920/6879 6475/8921/6878
f 6476/8919/6879 6477/8922/6880 6471/8923/6881 6474/8920/6879
f 6477/8924/6882 6476/8745/6712 6338/8742/6709 6479/8765/6732
f 6477/8922/6880 6478/8925/6883 6469/8926/6883 6471/8923/6881
f 6478/8927/6884 6477/8924/6882 6479/8765/6732 6480/8771/6737
f 6482/8928/6885 6478/8927/6884 6480/8771/6737 6481/8773/6738
f 6484/8929/6886 6482/8928/6885 6481/8773/6738 6483/8777/6741
f 6486/8930/6887 6484/8929/6886 6483/8777/6741 6485/8783/6746
f 6488/8931/6888 6486/8930/6887 6485/8783/6746 6487/8785/6747
f 6490/8932/6889 6488/8931/6888 6487/8785/6747 6489/8791/6752
f 6492/8933/6890 6490/8932/6889 6489/8791/6752 6491/8793/6753
f 6494/8934/6891 6492/8933/6890 6491/8793/6753 6493/8799/6758
f 6496/8935/6892 6494/8934/6891 6493/8799/6758 6495/8864/6825
f 6499/8936/6893 6496/8935/6892 6495/8864/6825 6497/8937/6894
f 6497/8937/6894 6495/8864/6825 6371/8802/6760
f 6375/8801/6895 6498/8938/6896 6497/8937/6894
f 6497/8937/6894 6371/8802/6760 6375/8801/6895
f 6498/8938/6896 6416/8854/6897 6497/8937/6894
f 6416/8854/6897 6419/8860/6822 6497/8937/6894
f 6501/8939/6898 6499/8936/6893 6497/8937/6894 6500/8868/6829
f 6497/8937/6894 6419/8860/6822 6500/8868/6829
f 6503/8940/6899 6501/8939/6898 6500/8868/6829 6502/8867/6828
f 6505/8941/6900 6503/8940/6899 6502/8867/6828 6504/8870/6830
f 6507/8942/6901 6505/8941/6900 6504/8870/6830 6506/8876/6835
f 6509/8943/6902 6507/8942/6901 6506/8876/6835 6508/8878/6836
f 6511/8944/6903 6509/8943/6902 6508/8878/6836 6510/8884/6841
f 6513/8945/6904 6511/8944/6903 6510/8884/6841 6512/8886/6842
f 6515/8946/6905 6513/8945/6904 6512/8886/6842 6514/8892/6847
f 6517/8947/6906 6515/8946/6905 6514/8892/6847 6516/8894/6848
f 6519/8948/6907 6517/8947/6906 6516/8894/6848 6518/8721/6687
f 6521/8949/6908 6519/8948/6907 6518/8721/6687 6520/8720/6686
f 6193/8540/6522 6521/8949/6908 6520/8720/6686 6522/8541/6523
f 6439/8724/6690 6522/8541/6523 6520/8720/6686
f 6298/8690/6655 6194/8542/6524 6522/8541/6523
f 6295/8686/6798 6298/8690/6655 6522/8541/6523
f 6439/8724/6690 6400/8834/6797 6522/8541/6523
f 6398/8833/6796 6295/8686/6798 6522/8541/6523
f 6400/8834/6797 6398/8833/6796 6522/8541/6523
f 6521/8950/6909 6193/8535/6518 6197/8538/6518 6444/8951/6910
f 6519/8952/6911 6521/8950/6909 6444/8951/6910 6445/8953/6911
f 6517/8954/6912 6519/8952/6911 6445/8953/6911 6446/8955/6912
f 6515/8956/6913 6517/8954/6912 6446/8955/6912 6447/8957/6913
f 6513/8958/6914 6515/8956/6913 6447/8957/6913 6448/8959/6914
f 6511/8960/6915 6513/8958/6914 6448/8959/6914 6449/8961/6915
f 6509/8962/6916 6511/8960/6915 6449/8961/6915 6450/8963/6916
f 6507/8964/6917 6509/8962/6916 6450/8963/6916 6451/8965/6917
f 6505/8966/6918 6507/8964/6917 6451/8965/6917 6452/8967/6918
f 6503/8968/6919 6505/8966/6918 6452/8967/6918 6453/8969/6919
f 6501/8970/6920 6503/8968/6919 6453/8969/6919 6454/8971/6921
f 6499/8972/6922 6501/8970/6920 6454/8971/6921 6455/8973/6922
f 6496/8974/6923 6499/8972/6922 6455/8973/6922 6456/8975/6923
f 6498/8938/6896 6375/8801/6895 6377/8809/6924 6523/8976/6925
f 6416/8854/6897 6498/8938/6896 6523/8976/6925 6412/8850/6926
f 6523/8976/6925 6377/8809/6924 6381/8811/6777 6388/8822/6776
f 6412/8850/6926 6523/8976/6925 6388/8822/6776 6409/8825/6780
f 6494/8977/6927 6496/8974/6923 6456/8975/6923 6457/8978/6927
f 6492/8979/6928 6494/8977/6927 6457/8978/6927 6458/8980/6928
f 6490/8981/6929 6492/8979/6928 6458/8980/6928 6459/8982/6929
f 6488/8983/6930 6490/8981/6929 6459/8982/6929 6461/8984/6930
f 6486/8985/6931 6488/8983/6930 6461/8984/6930 6463/8986/6931
f 6484/8987/6932 6486/8985/6931 6463/8986/6931 6465/8988/6932
f 6482/8989/6933 6484/8987/6932 6465/8988/6932 6467/8990/6933
f 6478/8925/6883 6482/8989/6933 6467/8990/6933 6469/8926/6883
f 6334/8991/6934 6339/8918/6878 6475/8921/6878 6524/8992/6935
f 6475/8917/6877 6473/8916/6876 6525/8993/6936 6524/8994/6937
f 6524/8994/6937 6525/8993/6936 6528/8995/6938 6526/8996/6939
f 6332/8997/6940 6334/8991/6934 6524/8992/6935 6526/8998/6941
f 6330/8999/6942 6332/8997/6940 6526/8998/6941 6527/9000/6942
f 6526/8996/6939 6528/8995/6938 6529/9001/6943 6527/9002/6944
f 6525/8993/6936 6258/8638/6945 6256/8632/6946 6528/8995/6938
f 6528/8995/6938 6256/8632/6946 6254/8630/6947 6529/9001/6943
f 6529/9001/6943 6254/8630/6947 6252/8624/6948 6530/9003/6949
f 6527/9002/6944 6529/9001/6943 6530/9003/6949 6531/9004/6950
f 6530/9003/6949 6252/8624/6948 6250/8622/6951 6532/9005/6952
f 6531/9004/6950 6530/9003/6949 6532/9005/6952 6533/9006/6953
f 6533/9006/6953 6532/9005/6952 6534/9007/6954 6535/9008/6955
f 6532/9005/6952 6250/8622/6951 6248/8616/6956 6534/9007/6954
f 6534/9007/6954 6248/8616/6956 6246/8614/6957 6536/9009/6958
f 6535/9008/6955 6534/9007/6954 6536/9009/6958 6537/9010/6959
f 6537/9010/6959 6536/9009/6958 6538/9011/6960 6539/9012/6961
f 6536/9009/6958 6246/8614/6957 6244/8608/6962 6538/9011/6960
f 6538/9011/6960 6244/8608/6962 6242/8606/6963 6540/9013/6964
f 6539/9012/6961 6538/9011/6960 6540/9013/6964 6541/9014/6965
f 6540/9013/6964 6242/8606/6963 6240/8588/6568 6232/8585/6565
f 6541/9014/6965 6540/9013/6964 6232/8585/6565 6542/8584/6564
f 6318/9015/6966 6320/9016/6967 6539/9017/6967 6541/9018/6966
f 6316/9019/6968 6318/9015/6966 6541/9018/6966 6542/9020/6968
f 6312/9021/6969 6316/9019/6968 6542/9020/6968 6227/9022/6969
f 6320/9016/6967 6322/9023/6970 6537/9024/6970 6539/9017/6967
f 6322/9023/6970 6324/9025/6971 6535/9026/6971 6537/9024/6970
f 6324/9025/6971 6326/9027/6972 6533/9028/6972 6535/9026/6971
f 6326/9027/6972 6328/9029/6973 6531/9030/6973 6533/9028/6972
f 6328/9029/6973 6330/8999/6942 6527/9000/6942 6531/9030/6973
f 6258/8638/6945 6525/8993/6936 6473/8916/6876
f 6258/8638/6945 6473/8916/6876 6261/8640/6974
f 6349/8758/6975 6473/8916/6876 6351/8761/6873
f 6543/9031/6976 6473/8916/6876 6349/8758/6975
f 6261/8640/6974 6473/8916/6876 6543/9031/6976
f 6543/9031/6976 6544/9032/6977 6265/8646/6978 6261/8640/6974
f 6349/8758/6975 6346/8756/6979 6544/9032/6977 6543/9031/6976
f 6544/9032/6977 6545/9033/6980 6267/8652/6981 6265/8646/6978
f 6346/8756/6979 6547/8755/6982 6545/9033/6980 6544/9032/6977
f 6547/8755/6982 6383/8816/6983 6546/9034/6984 6545/9033/6980
f 6545/9033/6980 6546/9034/6984 6271/8654/6629 6267/8652/6981
f 6383/8816/6983 6550/9035/6985 6548/9036/6986 6546/9034/6984
f 6546/9034/6984 6548/9036/6986 6277/8662/6630 6271/8654/6629
f 6550/9035/6985 6407/8846/6987 6549/9037/6988 6548/9036/6986
f 6548/9036/6986 6549/9037/6988 6287/8664/6632 6277/8662/6630
f 6410/8848/6989 6407/8846/6987 6550/9035/6985 6551/9038/6990
f 6551/9038/6990 6550/9035/6985 6383/8816/6983 6380/8814/6991
f 6407/8846/6987 6405/8843/6992 6552/9039/6993 6549/9037/6988
f 6549/9037/6988 6552/9039/6993 6289/8681/6994 6287/8664/6632
f 6405/8843/6992 6402/8841/6995 6553/9040/6996 6552/9039/6993
f 6552/9039/6993 6553/9040/6996 6293/8683/6997 6289/8681/6994
f 6402/8841/6995 6442/8840/6853 6554/9041/6998 6553/9040/6996
f 6553/9040/6996 6554/9041/6998 6296/8689/6999 6293/8683/6997
f 6442/8840/6853 6441/8549/6530 6554/9041/6998
f 6554/9041/6998 6441/8549/6530 6296/8689/6999
f 6299/8558/6538 6441/8549/6530 6198/8548/6529
f 6296/8689/6999 6441/8549/6530 6299/8558/6538
f 6342/8748/6717 6268/8649/6716 6270/8655/6783 6385/8819/6772
f 6555/8727/6693 6557/9042/7000 6556/8716/6683 6313/8728/6694
f 6557/9042/7000 6559/9043/7001 6558/8712/6678 6556/8716/6683
f 6559/9043/7001 6561/9044/7002 6560/8709/6675 6558/8712/6678
f 6561/9044/7002 6563/9045/7003 6562/8707/6674 6560/8709/6675
f 6563/9045/7003 6565/9046/7004 6564/8703/6669 6562/8707/6674
f 6565/9046/7004 6567/9047/7005 6566/8700/6666 6564/8703/6669
f 6567/9047/7005 6569/9048/7006 6568/8698/6665 6566/8700/6666
f 6569/9048/7006 6195/8543/6525 6570/8544/6526 6568/8698/6665
f 6569/8553/6534 6567/9049/7007 6207/9050/7007 6200/8554/6534
f 6567/9049/7007 6565/9051/7008 6210/9052/7008 6207/9050/7007
f 6565/9051/7008 6563/9053/7009 6213/9054/7009 6210/9052/7008
f 6563/9053/7009 6561/9055/7010 6215/9056/7010 6213/9054/7009
f 6561/9055/7010 6559/9057/7011 6219/9058/7011 6215/9056/7010
f 6559/9057/7011 6557/9059/7012 6222/9060/7012 6219/9058/7011
f 6557/9059/7012 6555/9061/7013 6225/9062/7013 6222/9060/7012
f 6555/9061/7013 6312/9021/6969 6227/9022/6969 6225/9062/7013
f 6311/8600/6581 6313/8728/6694 6308/8764/6681 6309/8718/6684
f 504/1344/728 506/1345/729 385/1362/745 397/1359/742
f 3103/4825/3675 3100/4815/3667 3102/4819/3669
f 3100/4815/3667 3099/4814/3666 3102/4819/3669
f 3102/4819/3669 3105/4790/3647 3103/4825/3675
f 2542/4166/2958 2544/4171/2963 2543/4170/2962 2541/4167/2959
f 2013/3417/2438 2003/3410/2434 2002/3411/2427
f 2003/3410/2434 2013/3417/2438 2020/3416/2437
l 3588 3587
l 3589 3588
